-- MySQL dump 10.13  Distrib 8.0.25, for macos11.3 (x86_64)
--
-- Host: localhost    Database: metgo_test3
-- ------------------------------------------------------
-- Server version	8.0.23

/*!40101 SET @OLD_CHARACTER_SET_CLIENT=@@CHARACTER_SET_CLIENT */;
/*!40101 SET @OLD_CHARACTER_SET_RESULTS=@@CHARACTER_SET_RESULTS */;
/*!40101 SET @OLD_COLLATION_CONNECTION=@@COLLATION_CONNECTION */;
/*!50503 SET NAMES utf8mb4 */;
/*!40103 SET @OLD_TIME_ZONE=@@TIME_ZONE */;
/*!40103 SET TIME_ZONE='+00:00' */;
/*!40014 SET @OLD_UNIQUE_CHECKS=@@UNIQUE_CHECKS, UNIQUE_CHECKS=0 */;
/*!40014 SET @OLD_FOREIGN_KEY_CHECKS=@@FOREIGN_KEY_CHECKS, FOREIGN_KEY_CHECKS=0 */;
/*!40101 SET @OLD_SQL_MODE=@@SQL_MODE, SQL_MODE='NO_AUTO_VALUE_ON_ZERO' */;
/*!40111 SET @OLD_SQL_NOTES=@@SQL_NOTES, SQL_NOTES=0 */;

--
-- Table structure for table `application_masters`
--

DROP TABLE IF EXISTS `application_masters`;
/*!40101 SET @saved_cs_client     = @@character_set_client */;
/*!50503 SET character_set_client = utf8mb4 */;
CREATE TABLE `application_masters` (
  `id` bigint NOT NULL AUTO_INCREMENT,
  `application_id` bigint NOT NULL,
  `master_id` bigint NOT NULL,
  PRIMARY KEY (`id`),
  KEY `application_masters_application_id_564e694b_fk_applications_id` (`application_id`),
  KEY `application_masters_master_id_8e39f2ea_fk_masters_id` (`master_id`),
  CONSTRAINT `application_masters_application_id_564e694b_fk_applications_id` FOREIGN KEY (`application_id`) REFERENCES `applications` (`id`),
  CONSTRAINT `application_masters_master_id_8e39f2ea_fk_masters_id` FOREIGN KEY (`master_id`) REFERENCES `masters` (`id`)
) ENGINE=InnoDB DEFAULT CHARSET=utf8mb4 COLLATE=utf8mb4_general_ci;
/*!40101 SET character_set_client = @saved_cs_client */;

--
-- Dumping data for table `application_masters`
--

LOCK TABLES `application_masters` WRITE;
/*!40000 ALTER TABLE `application_masters` DISABLE KEYS */;
/*!40000 ALTER TABLE `application_masters` ENABLE KEYS */;
UNLOCK TABLES;

--
-- Table structure for table `applications`
--

DROP TABLE IF EXISTS `applications`;
/*!40101 SET @saved_cs_client     = @@character_set_client */;
/*!50503 SET character_set_client = utf8mb4 */;
CREATE TABLE `applications` (
  `id` bigint NOT NULL AUTO_INCREMENT,
  `created_at` datetime(6) NOT NULL,
  `updated_at` datetime(6) NOT NULL,
  `age` int unsigned DEFAULT NULL,
  `career` int unsigned DEFAULT NULL,
  `gender` varchar(20) COLLATE utf8mb4_general_ci DEFAULT NULL,
  `region_id` bigint DEFAULT NULL,
  `service_id` bigint NOT NULL,
  `user_id` bigint NOT NULL,
  PRIMARY KEY (`id`),
  KEY `applications_region_id_5f08dc67_fk_regions_id` (`region_id`),
  KEY `applications_service_id_14081aed_fk_services_id` (`service_id`),
  KEY `applications_user_id_ccbebfe7_fk_users_id` (`user_id`),
  CONSTRAINT `applications_region_id_5f08dc67_fk_regions_id` FOREIGN KEY (`region_id`) REFERENCES `regions` (`id`),
  CONSTRAINT `applications_service_id_14081aed_fk_services_id` FOREIGN KEY (`service_id`) REFERENCES `services` (`id`),
  CONSTRAINT `applications_user_id_ccbebfe7_fk_users_id` FOREIGN KEY (`user_id`) REFERENCES `users` (`id`),
  CONSTRAINT `applications_chk_1` CHECK ((`age` >= 0)),
  CONSTRAINT `applications_chk_2` CHECK ((`career` >= 0))
) ENGINE=InnoDB DEFAULT CHARSET=utf8mb4 COLLATE=utf8mb4_general_ci;
/*!40101 SET character_set_client = @saved_cs_client */;

--
-- Dumping data for table `applications`
--

LOCK TABLES `applications` WRITE;
/*!40000 ALTER TABLE `applications` DISABLE KEYS */;
/*!40000 ALTER TABLE `applications` ENABLE KEYS */;
UNLOCK TABLES;

--
-- Table structure for table `categories`
--

DROP TABLE IF EXISTS `categories`;
/*!40101 SET @saved_cs_client     = @@character_set_client */;
/*!50503 SET character_set_client = utf8mb4 */;
CREATE TABLE `categories` (
  `id` bigint NOT NULL AUTO_INCREMENT,
  `name` varchar(45) COLLATE utf8mb4_general_ci NOT NULL,
  PRIMARY KEY (`id`)
) ENGINE=InnoDB AUTO_INCREMENT=9 DEFAULT CHARSET=utf8mb4 COLLATE=utf8mb4_general_ci;
/*!40101 SET character_set_client = @saved_cs_client */;

--
-- Dumping data for table `categories`
--

LOCK TABLES `categories` WRITE;
/*!40000 ALTER TABLE `categories` DISABLE KEYS */;
INSERT INTO `categories` VALUES (1,'레슨'),(2,'홈/리빙'),(3,'이벤트'),(4,'비즈니스'),(5,'디자인/개발'),(6,'건강/미용'),(7,'알바'),(8,'기타');
/*!40000 ALTER TABLE `categories` ENABLE KEYS */;
UNLOCK TABLES;

--
-- Table structure for table `django_content_type`
--

DROP TABLE IF EXISTS `django_content_type`;
/*!40101 SET @saved_cs_client     = @@character_set_client */;
/*!50503 SET character_set_client = utf8mb4 */;
CREATE TABLE `django_content_type` (
  `id` int NOT NULL AUTO_INCREMENT,
  `app_label` varchar(100) COLLATE utf8mb4_general_ci NOT NULL,
  `model` varchar(100) COLLATE utf8mb4_general_ci NOT NULL,
  PRIMARY KEY (`id`),
  UNIQUE KEY `django_content_type_app_label_model_76bd3d3b_uniq` (`app_label`,`model`)
) ENGINE=InnoDB AUTO_INCREMENT=15 DEFAULT CHARSET=utf8mb4 COLLATE=utf8mb4_general_ci;
/*!40101 SET character_set_client = @saved_cs_client */;

--
-- Dumping data for table `django_content_type`
--

LOCK TABLES `django_content_type` WRITE;
/*!40000 ALTER TABLE `django_content_type` DISABLE KEYS */;
INSERT INTO `django_content_type` VALUES (11,'applications','application'),(12,'applications','applicationmaster'),(1,'contenttypes','contenttype'),(4,'masters','master'),(5,'masters','region'),(6,'masters','uploadedimage'),(13,'quotations','quotation'),(14,'reviews','review'),(7,'services','category'),(10,'services','image'),(8,'services','masterservice'),(9,'services','service'),(2,'sessions','session'),(3,'users','user');
/*!40000 ALTER TABLE `django_content_type` ENABLE KEYS */;
UNLOCK TABLES;

--
-- Table structure for table `django_migrations`
--

DROP TABLE IF EXISTS `django_migrations`;
/*!40101 SET @saved_cs_client     = @@character_set_client */;
/*!50503 SET character_set_client = utf8mb4 */;
CREATE TABLE `django_migrations` (
  `id` bigint NOT NULL AUTO_INCREMENT,
  `app` varchar(255) COLLATE utf8mb4_general_ci NOT NULL,
  `name` varchar(255) COLLATE utf8mb4_general_ci NOT NULL,
  `applied` datetime(6) NOT NULL,
  PRIMARY KEY (`id`)
) ENGINE=InnoDB AUTO_INCREMENT=12 DEFAULT CHARSET=utf8mb4 COLLATE=utf8mb4_general_ci;
/*!40101 SET character_set_client = @saved_cs_client */;

--
-- Dumping data for table `django_migrations`
--

LOCK TABLES `django_migrations` WRITE;
/*!40000 ALTER TABLE `django_migrations` DISABLE KEYS */;
INSERT INTO `django_migrations` VALUES (1,'users','0001_initial','2021-07-23 07:57:45.358079'),(2,'masters','0001_initial','2021-07-23 07:57:45.419075'),(3,'services','0001_initial','2021-07-23 07:57:45.519942'),(4,'applications','0001_initial','2021-07-23 07:57:45.558432'),(5,'applications','0002_initial','2021-07-23 07:57:45.676414'),(6,'contenttypes','0001_initial','2021-07-23 07:57:45.695005'),(7,'contenttypes','0002_remove_content_type_name','2021-07-23 07:57:45.727745'),(8,'masters','0002_initial','2021-07-23 07:57:45.810287'),(9,'quotations','0001_initial','2021-07-23 07:57:45.858840'),(10,'reviews','0001_initial','2021-07-23 07:57:45.932838'),(11,'sessions','0001_initial','2021-07-23 07:57:45.949185');
/*!40000 ALTER TABLE `django_migrations` ENABLE KEYS */;
UNLOCK TABLES;

--
-- Table structure for table `django_session`
--

DROP TABLE IF EXISTS `django_session`;
/*!40101 SET @saved_cs_client     = @@character_set_client */;
/*!50503 SET character_set_client = utf8mb4 */;
CREATE TABLE `django_session` (
  `session_key` varchar(40) COLLATE utf8mb4_general_ci NOT NULL,
  `session_data` longtext COLLATE utf8mb4_general_ci NOT NULL,
  `expire_date` datetime(6) NOT NULL,
  PRIMARY KEY (`session_key`),
  KEY `django_session_expire_date_a5c62663` (`expire_date`)
) ENGINE=InnoDB DEFAULT CHARSET=utf8mb4 COLLATE=utf8mb4_general_ci;
/*!40101 SET character_set_client = @saved_cs_client */;

--
-- Dumping data for table `django_session`
--

LOCK TABLES `django_session` WRITE;
/*!40000 ALTER TABLE `django_session` DISABLE KEYS */;
/*!40000 ALTER TABLE `django_session` ENABLE KEYS */;
UNLOCK TABLES;

--
-- Table structure for table `images`
--

DROP TABLE IF EXISTS `images`;
/*!40101 SET @saved_cs_client     = @@character_set_client */;
/*!50503 SET character_set_client = utf8mb4 */;
CREATE TABLE `images` (
  `id` bigint NOT NULL AUTO_INCREMENT,
  `image` varchar(200) COLLATE utf8mb4_general_ci NOT NULL,
  `service_id` bigint NOT NULL,
  PRIMARY KEY (`id`),
  KEY `images_service_id_b633f79c_fk_services_id` (`service_id`),
  CONSTRAINT `images_service_id_b633f79c_fk_services_id` FOREIGN KEY (`service_id`) REFERENCES `services` (`id`)
) ENGINE=InnoDB AUTO_INCREMENT=75 DEFAULT CHARSET=utf8mb4 COLLATE=utf8mb4_general_ci;
/*!40101 SET character_set_client = @saved_cs_client */;

--
-- Dumping data for table `images`
--

LOCK TABLES `images` WRITE;
/*!40000 ALTER TABLE `images` DISABLE KEYS */;
INSERT INTO `images` VALUES (1,'http://dmmj3ljielax6.cloudfront.net/upload/service/85e81b4b-4b9e-4b45-b9ac-950a342788bc.png',1),(2,'http://dmmj3ljielax6.cloudfront.net/upload/service/f986ec71-c39c-4c4b-96a6-5db5d96ed6b4.png',2),(3,'http://dmmj3ljielax6.cloudfront.net/upload/requestForm/26a5e44f-64cd-41a9-aba0-c2717d139795.png',3),(4,'http://dmmj3ljielax6.cloudfront.net/upload/service/e7c1f58f-53fe-48f8-8457-540ec16eb4fc.png',4),(5,'http://dmmj3ljielax6.cloudfront.net/upload/service/e7c1f58f-53fe-48f8-8457-540ec16eb4fc.png',5),(6,'http://dmmj3ljielax6.cloudfront.net/upload/service/e7c1f58f-53fe-48f8-8457-540ec16eb4fc.png',6),(7,'http://dmmj3ljielax6.cloudfront.net/upload/service/85e81b4b-4b9e-4b45-b9ac-950a342788bc.png',7),(8,'http://dmmj3ljielax6.cloudfront.net/upload/service/featured_service_3239b631-93b8-4d41-ac82-6ce5a9c44b49.jpg',8),(9,'http://dmmj3ljielax6.cloudfront.net/upload/service/f986ec71-c39c-4c4b-96a6-5db5d96ed6b4.png',9),(10,'http://dmmj3ljielax6.cloudfront.net/upload/requestForm/26a5e44f-64cd-41a9-aba0-c2717d139795.png',10),(11,'http://dmmj3ljielax6.cloudfront.net/upload/service/featured_service_3239b631-93b8-4d41-ac82-6ce5a9c44b49.jpg',11),(12,'http://dmmj3ljielax6.cloudfront.net/upload/service/edfc1261-a293-4875-8024-99032b98daa5.png',12),(13,'http://dmmj3ljielax6.cloudfront.net/upload/service/e7c1f58f-53fe-48f8-8457-540ec16eb4fc.png',13),(14,'http://dmmj3ljielax6.cloudfront.net/upload/service/3a0a78bd-d0d4-4186-9010-2ec6e8115cdf.jpg',14),(15,'http://dmmj3ljielax6.cloudfront.net/upload/requestForm/26a5e44f-64cd-41a9-aba0-c2717d139795.png',15),(16,'http://dmmj3ljielax6.cloudfront.net/upload/service/featured_service_3239b631-93b8-4d41-ac82-6ce5a9c44b49.jpg',16),(17,'http://dmmj3ljielax6.cloudfront.net/upload/service/edfc1261-a293-4875-8024-99032b98daa5.png',17),(18,'http://dmmj3ljielax6.cloudfront.net/upload/service/0215f0ab-61fe-4273-8a1b-6d73d71ad38c.png',18),(19,'http://dmmj3ljielax6.cloudfront.net/upload/service/3a0a78bd-d0d4-4186-9010-2ec6e8115cdf.jpg',19),(20,'http://dmmj3ljielax6.cloudfront.net/upload/service/3a0a78bd-d0d4-4186-9010-2ec6e8115cdf.jpg',20),(21,'http://dmmj3ljielax6.cloudfront.net/upload/service/3a0a78bd-d0d4-4186-9010-2ec6e8115cdf.jpg',21),(22,'http://dmmj3ljielax6.cloudfront.net/upload/service/0215f0ab-61fe-4273-8a1b-6d73d71ad38c.png',22),(23,'http://dmmj3ljielax6.cloudfront.net/upload/service/service_popular_506.jpg',23),(24,'http://dmmj3ljielax6.cloudfront.net/upload/service/featured_service_3239b631-93b8-4d41-ac82-6ce5a9c44b49.jpg',24),(25,'http://dmmj3ljielax6.cloudfront.net/upload/requestForm/26a5e44f-64cd-41a9-aba0-c2717d139795.png',25),(26,'http://dmmj3ljielax6.cloudfront.net/upload/service/85e81b4b-4b9e-4b45-b9ac-950a342788bc.png',26),(27,'http://dmmj3ljielax6.cloudfront.net/upload/requestForm/26a5e44f-64cd-41a9-aba0-c2717d139795.png',27),(28,'http://dmmj3ljielax6.cloudfront.net/upload/service/edfc1261-a293-4875-8024-99032b98daa5.png',28),(29,'http://dmmj3ljielax6.cloudfront.net/upload/service/0215f0ab-61fe-4273-8a1b-6d73d71ad38c.png',29),(30,'http://dmmj3ljielax6.cloudfront.net/upload/service/e7c1f58f-53fe-48f8-8457-540ec16eb4fc.png',30),(31,'http://dmmj3ljielax6.cloudfront.net/upload/service/e7c1f58f-53fe-48f8-8457-540ec16eb4fc.png',31),(32,'http://dmmj3ljielax6.cloudfront.net/upload/service/3a0a78bd-d0d4-4186-9010-2ec6e8115cdf.jpg',32),(33,'http://dmmj3ljielax6.cloudfront.net/upload/service/e7c1f58f-53fe-48f8-8457-540ec16eb4fc.png',33),(34,'http://dmmj3ljielax6.cloudfront.net/upload/service/85e81b4b-4b9e-4b45-b9ac-950a342788bc.png',34),(35,'http://dmmj3ljielax6.cloudfront.net/upload/service/featured_service_3239b631-93b8-4d41-ac82-6ce5a9c44b49.jpg',35),(36,'http://dmmj3ljielax6.cloudfront.net/upload/service/e7c1f58f-53fe-48f8-8457-540ec16eb4fc.png',36),(37,'http://dmmj3ljielax6.cloudfront.net/upload/service/e7c1f58f-53fe-48f8-8457-540ec16eb4fc.png',37),(38,'http://dmmj3ljielax6.cloudfront.net/upload/service/85e81b4b-4b9e-4b45-b9ac-950a342788bc.png',38),(39,'http://dmmj3ljielax6.cloudfront.net/upload/service/f986ec71-c39c-4c4b-96a6-5db5d96ed6b4.png',39),(40,'http://dmmj3ljielax6.cloudfront.net/upload/service/edfc1261-a293-4875-8024-99032b98daa5.png',40),(41,'http://dmmj3ljielax6.cloudfront.net/upload/service/featured_service_3239b631-93b8-4d41-ac82-6ce5a9c44b49.jpg',41),(42,'http://dmmj3ljielax6.cloudfront.net/upload/requestForm/26a5e44f-64cd-41a9-aba0-c2717d139795.png',42),(43,'http://dmmj3ljielax6.cloudfront.net/upload/service/service_popular_506.jpg',43),(44,'http://dmmj3ljielax6.cloudfront.net/upload/service/edfc1261-a293-4875-8024-99032b98daa5.png',44),(45,'http://dmmj3ljielax6.cloudfront.net/upload/requestForm/26a5e44f-64cd-41a9-aba0-c2717d139795.png',45),(46,'http://dmmj3ljielax6.cloudfront.net/upload/requestForm/26a5e44f-64cd-41a9-aba0-c2717d139795.png',46),(47,'http://dmmj3ljielax6.cloudfront.net/upload/service/0215f0ab-61fe-4273-8a1b-6d73d71ad38c.png',47),(48,'http://dmmj3ljielax6.cloudfront.net/upload/service/85e81b4b-4b9e-4b45-b9ac-950a342788bc.png',48),(49,'http://dmmj3ljielax6.cloudfront.net/upload/service/service_popular_506.jpg',49),(50,'http://dmmj3ljielax6.cloudfront.net/upload/requestForm/26a5e44f-64cd-41a9-aba0-c2717d139795.png',50),(51,'http://dmmj3ljielax6.cloudfront.net/upload/service/f986ec71-c39c-4c4b-96a6-5db5d96ed6b4.png',51),(52,'http://dmmj3ljielax6.cloudfront.net/upload/requestForm/26a5e44f-64cd-41a9-aba0-c2717d139795.png',52),(53,'http://dmmj3ljielax6.cloudfront.net/upload/service/edfc1261-a293-4875-8024-99032b98daa5.png',53),(54,'http://dmmj3ljielax6.cloudfront.net/upload/requestForm/26a5e44f-64cd-41a9-aba0-c2717d139795.png',54),(55,'http://dmmj3ljielax6.cloudfront.net/upload/service/edfc1261-a293-4875-8024-99032b98daa5.png',55),(56,'http://dmmj3ljielax6.cloudfront.net/upload/service/e7c1f58f-53fe-48f8-8457-540ec16eb4fc.png',56),(57,'http://dmmj3ljielax6.cloudfront.net/upload/service/service_popular_506.jpg',57),(58,'http://dmmj3ljielax6.cloudfront.net/upload/service/edfc1261-a293-4875-8024-99032b98daa5.png',58),(59,'http://dmmj3ljielax6.cloudfront.net/upload/service/3a0a78bd-d0d4-4186-9010-2ec6e8115cdf.jpg',59),(60,'http://dmmj3ljielax6.cloudfront.net/upload/service/e7c1f58f-53fe-48f8-8457-540ec16eb4fc.png',60),(61,'http://dmmj3ljielax6.cloudfront.net/upload/service/featured_service_3239b631-93b8-4d41-ac82-6ce5a9c44b49.jpg',61),(62,'http://dmmj3ljielax6.cloudfront.net/upload/service/85e81b4b-4b9e-4b45-b9ac-950a342788bc.png',62),(63,'http://dmmj3ljielax6.cloudfront.net/upload/service/service_popular_506.jpg',63),(64,'http://dmmj3ljielax6.cloudfront.net/upload/service/service_popular_506.jpg',64),(65,'http://dmmj3ljielax6.cloudfront.net/upload/service/f986ec71-c39c-4c4b-96a6-5db5d96ed6b4.png',65),(66,'http://dmmj3ljielax6.cloudfront.net/upload/service/3a0a78bd-d0d4-4186-9010-2ec6e8115cdf.jpg',66),(67,'http://dmmj3ljielax6.cloudfront.net/upload/service/0215f0ab-61fe-4273-8a1b-6d73d71ad38c.png',67),(68,'http://dmmj3ljielax6.cloudfront.net/upload/service/f986ec71-c39c-4c4b-96a6-5db5d96ed6b4.png',68),(69,'http://dmmj3ljielax6.cloudfront.net/upload/service/featured_service_3239b631-93b8-4d41-ac82-6ce5a9c44b49.jpg',69),(70,'http://dmmj3ljielax6.cloudfront.net/upload/service/85e81b4b-4b9e-4b45-b9ac-950a342788bc.png',70),(71,'http://dmmj3ljielax6.cloudfront.net/upload/requestForm/26a5e44f-64cd-41a9-aba0-c2717d139795.png',71),(72,'http://dmmj3ljielax6.cloudfront.net/upload/service/featured_service_3239b631-93b8-4d41-ac82-6ce5a9c44b49.jpg',72),(73,'http://dmmj3ljielax6.cloudfront.net/upload/service/0215f0ab-61fe-4273-8a1b-6d73d71ad38c.png',73),(74,'http://dmmj3ljielax6.cloudfront.net/upload/service/0215f0ab-61fe-4273-8a1b-6d73d71ad38c.png',74);
/*!40000 ALTER TABLE `images` ENABLE KEYS */;
UNLOCK TABLES;

--
-- Table structure for table `master_services`
--

DROP TABLE IF EXISTS `master_services`;
/*!40101 SET @saved_cs_client     = @@character_set_client */;
/*!50503 SET character_set_client = utf8mb4 */;
CREATE TABLE `master_services` (
  `id` bigint NOT NULL AUTO_INCREMENT,
  `master_id` bigint NOT NULL,
  `service_id` bigint NOT NULL,
  PRIMARY KEY (`id`),
  KEY `master_services_service_id_4886b9e6_fk_services_id` (`service_id`),
  KEY `master_services_master_id_22b5d545_fk_masters_id` (`master_id`),
  CONSTRAINT `master_services_master_id_22b5d545_fk_masters_id` FOREIGN KEY (`master_id`) REFERENCES `masters` (`id`),
  CONSTRAINT `master_services_service_id_4886b9e6_fk_services_id` FOREIGN KEY (`service_id`) REFERENCES `services` (`id`)
) ENGINE=InnoDB DEFAULT CHARSET=utf8mb4 COLLATE=utf8mb4_general_ci;
/*!40101 SET character_set_client = @saved_cs_client */;

--
-- Dumping data for table `master_services`
--

LOCK TABLES `master_services` WRITE;
/*!40000 ALTER TABLE `master_services` DISABLE KEYS */;
/*!40000 ALTER TABLE `master_services` ENABLE KEYS */;
UNLOCK TABLES;

--
-- Table structure for table `masters`
--

DROP TABLE IF EXISTS `masters`;
/*!40101 SET @saved_cs_client     = @@character_set_client */;
/*!50503 SET character_set_client = utf8mb4 */;
CREATE TABLE `masters` (
  `id` bigint NOT NULL AUTO_INCREMENT,
  `created_at` datetime(6) NOT NULL,
  `updated_at` datetime(6) NOT NULL,
  `kakao_id` int DEFAULT NULL,
  `certification` tinyint(1) DEFAULT NULL,
  `business` tinyint(1) DEFAULT NULL,
  `introduction` varchar(100) COLLATE utf8mb4_general_ci DEFAULT NULL,
  `description` varchar(300) COLLATE utf8mb4_general_ci DEFAULT NULL,
  `name` varchar(45) COLLATE utf8mb4_general_ci DEFAULT NULL,
  `phone` varchar(20) COLLATE utf8mb4_general_ci DEFAULT NULL,
  `password` varchar(200) COLLATE utf8mb4_general_ci NOT NULL,
  `email` varchar(254) COLLATE utf8mb4_general_ci NOT NULL,
  `gender` varchar(20) COLLATE utf8mb4_general_ci DEFAULT NULL,
  `birth` date DEFAULT NULL,
  `profile_image` varchar(2000) COLLATE utf8mb4_general_ci DEFAULT NULL,
  `career` int unsigned NOT NULL,
  `main_service_id` bigint NOT NULL,
  `region_id` bigint DEFAULT NULL,
  PRIMARY KEY (`id`),
  UNIQUE KEY `email` (`email`),
  UNIQUE KEY `kakao_id` (`kakao_id`),
  UNIQUE KEY `phone` (`phone`),
  KEY `masters_main_service_id_57b4b823_fk_services_id` (`main_service_id`),
  KEY `masters_region_id_9894bb6f_fk_regions_id` (`region_id`),
  CONSTRAINT `masters_main_service_id_57b4b823_fk_services_id` FOREIGN KEY (`main_service_id`) REFERENCES `services` (`id`),
  CONSTRAINT `masters_region_id_9894bb6f_fk_regions_id` FOREIGN KEY (`region_id`) REFERENCES `regions` (`id`),
  CONSTRAINT `masters_chk_1` CHECK ((`career` >= 0))
) ENGINE=InnoDB AUTO_INCREMENT=503 DEFAULT CHARSET=utf8mb4 COLLATE=utf8mb4_general_ci;
/*!40101 SET character_set_client = @saved_cs_client */;

--
-- Dumping data for table `masters`
--

LOCK TABLES `masters` WRITE;
/*!40000 ALTER TABLE `masters` DISABLE KEYS */;
INSERT INTO `masters` VALUES (1,'2000-02-06 15:06:47.000000','1992-01-03 17:22:14.000000',30192,0,0,'Bring police picture training live program bed. Its possible bed decade reflect thank.','Own science spring great. Role suddenly father.\nLet necessary would themselves. However nor himself become price little. Light skill learn people small point drive.','황은영','01041597662','$2b$12$/..CAALpBtKjhf/UgXrw5uVBeUoWC85zo6QU6EEXuXEfyR0aPInX.','barnesbenjamin@hotmail.com','male','1973-11-24',NULL,11,44,15),(2,'1982-09-25 06:22:42.000000','1985-01-19 11:00:52.000000',58805,1,0,'Great point place still modern particularly important short.','Air share however action believe rate. Will miss this tough choose worry. Moment air own seven ago.\nMajority machine huge. Study dark who none investment research lay for.','조종수','01021702015','$2b$12$mvh1S2MAvJ9KM/ttPxSX6uybwZwPyUNwDv4WkXv/zK9htzvEo3gQa','haley30@gmail.com','male','1972-07-03',NULL,5,47,4),(3,'2009-10-17 05:49:09.000000','2012-09-14 18:51:04.000000',36089,0,1,'This first indicate door cold shake nor. Front Mrs medical. Public summer where provide plan.','Future she put character body information ahead. Stay others our financial. Far thought pattern form.','최중수','01014809459','$2b$12$3jdoVXGV2TGmRmuaheeNduvTw6w6d1I6qbhVuBbhxW.B9VtZ9tRfy','carlsonanna@wilson.com','female','2009-05-07',NULL,30,61,12),(4,'1971-06-07 09:22:40.000000','1996-01-28 07:43:59.000000',34594,1,0,'Receive return trial often draw first wonder. Million fact newspaper about fact report.','Work impact experience change. Sport adult case name on soldier. Fund phone major especially rise you option.\nHead whose building. Behind class environmental sort remember bar seat.','송숙자','01045618776','$2b$12$yAeYcWhm9qSDtmoPnkfJtOqvGIhpHMMkUnchR7urjrhwSyvbZwD3C','natalie98@douglas-mills.com','male','2005-02-02',NULL,17,19,24),(5,'2002-11-20 19:15:34.000000','1994-08-11 01:42:45.000000',20506,1,1,'Spring program audience four. Candidate indeed development ever.','Sense positive late certain environmental. Way popular most foot along. Family language since them.','이민서','01092117811','$2b$12$O5VyNV1e.GcS1LGrAfEvBu3QFfCc7ot2hCyay3N3iob2ZXrZvLVRa','elizabethgillespie@hotmail.com','male','2021-03-24',NULL,1,20,12),(6,'1982-05-30 21:22:27.000000','2018-06-01 04:33:38.000000',56716,0,1,'Challenge time road. Money marriage system.','Difference good no compare look fast however.\nBelieve new foot will away. Employee find trouble standard during here. Pass kitchen move interesting top.','김옥순','01073031925','$2b$12$Wc2K22LeXE6k8xIO4xiCtO0/mr5SxDsWRfaip8GH5v0ZOfkJM46xe','kcompton@yahoo.com','male','1986-07-02',NULL,27,7,3),(7,'1971-11-10 04:28:49.000000','1984-05-29 19:10:15.000000',88422,1,0,'Process have necessary sea. Family consider easy him even second.','Explain phone act evidence. Than already significant plant.\nOption big home wrong friend. Themselves generation environmental him inside church thus. Poor set big him magazine.','안주원','01040128370','$2b$12$Q36Wz9k5GxO4oEhjxvbQAO2yg.q1krVis2s70DmexEQn00p.akl/2','rpayne@robertson.com','female','2003-09-16',NULL,5,36,5),(8,'1998-05-12 14:30:39.000000','1999-05-03 06:04:54.000000',45281,0,0,'Never nice see theory. Treat manage manage admit represent her.','Yes for outside relationship executive attack bad. To during modern public security.\nCentral Congress expect employee fear weight. Drop mouth its them degree court.','김상현','01056138904','$2b$12$MO8QvFoMRJ..X8G82kRgKO67YtLioa6OTDUc7ZJisoU3dshOb.62i','wcastro@yahoo.com','male','1974-01-01',NULL,30,5,8),(9,'1972-10-01 15:30:13.000000','1992-06-11 12:36:47.000000',49331,0,1,'Goal education say sometimes TV safe glass.','Task budget across I bag air. Economy enter manage do. Indeed goal form inside both color.','최지후','01097408890','$2b$12$dosL8R8VKOYwnEmSlMdDw.IZ7vIlR/.Y0kMc53f3rhc2IAem5K8cG','copelandmichael@kline-andrews.com','male','1995-01-28',NULL,5,45,25),(10,'2003-07-04 16:26:30.000000','1976-10-23 19:36:46.000000',35234,0,0,'Mrs space around. Remember prove agent answer. Risk ground myself nor appear two structure.','Early throw remember baby myself air process technology. Gun performance its up walk mind civil. Keep respond rise care participant.\nHappen believe father way market bed begin. Finish prove away.','오지후','01064858283','$2b$12$6P4tcdKwPzhPvIdoO0GXeu6X3DlaHJZ2AW.rPbqdWWMVqZmiTnBxS','jeffreyreynolds@yahoo.com','female','1995-10-07',NULL,24,16,17),(11,'1978-10-09 18:52:57.000000','1991-04-09 01:51:41.000000',736,1,0,'Low history day increase. Again direction Mrs police. Something not magazine ball firm.','None shoulder whose organization increase second charge. Number become PM such. Specific increase society something process relate medical.','김준호','01063325537','$2b$12$iSHJLjxXx9QAdBa0UYmVguVzu.OXTlpxIJhLQUfNubRmSlcZlMxem','carolbrewer@young-calhoun.com','female','1974-06-13',NULL,8,7,9),(12,'1981-04-19 03:41:40.000000','1976-03-09 06:28:55.000000',62320,0,0,'Evening degree case physical develop southern. Clearly civil nor compare market.','Itself attention cost debate open. Argue watch stand investment. Election officer practice base half.\nAbove offer group possible art these. Character war probably personal produce.','이현우','01084116915','$2b$12$W2OZ1w5J5sSNmOabarVPfe/9qjKze4DdeQ1JioKRSBe7ugst7btJy','jamie49@gmail.com','male','2008-12-22',NULL,8,6,24),(13,'1975-09-19 10:45:55.000000','2009-01-29 08:58:54.000000',32330,0,1,'Prevent pattern continue. Actually carry network Republican. Tough wife drive especially.','Third step happen on. Themselves good moment possible doctor mean security.\nWord their suggest various. Voice start major case. Everyone his economy TV economic behavior employee.','백영식','01025242504','$2b$12$MzH8kj7CgKK.P4kO0waqceWDQT07K6RRl4lW8BKkU3fxXbklj/VBm','marcher@yahoo.com','male','2000-05-24',NULL,10,53,17),(14,'2009-03-27 14:45:05.000000','2005-08-29 23:38:47.000000',55453,0,1,'Green edge street current. Training suggest minute three number necessary boy.','Bit door watch business. A point process activity structure. Attorney hair truth. President society serve speak list production.','김순자','01024365450','$2b$12$03rMxLiOGPFZpFf8H94o9ecV7Wv2SoJ3hJZ5k6zbM9nK0f..n90TW','kennedydaniel@hotmail.com','male','2016-05-28',NULL,26,47,11),(15,'1984-10-23 18:52:48.000000','1999-10-10 13:24:41.000000',74297,0,1,'Go yard impact. Feeling note well environment heart what single.','Left learn commercial crime film.\nRun wrong process tonight. Century food kid strategy wide what.','손현지','01095277346','$2b$12$No6qvST1AB3Ms6.izZRI3OVc60s7FalvUEe9SDNpKEg6QAywaKCRK','csingleton@zhang.com','female','1999-09-11',NULL,14,34,4),(16,'1998-12-10 07:43:17.000000','1990-12-03 05:31:56.000000',64882,0,1,'Data property election sport behind alone develop when. Test account through.','Involve save final tough evening. Education few person moment. Big produce religious say interesting board this budget.\nCar fall major voice brother. Lay plan mouth movie.','권영일','01095425775','$2b$12$g.62NvC/8G/Qec3x1LQ5zuZEHJdV.WnrNF0oELncRCuBFi1vIoNH.','susanrasmussen@yahoo.com','male','1989-12-04',NULL,25,58,5),(17,'2012-08-20 23:42:43.000000','2014-05-21 13:26:04.000000',21418,0,1,'Cell deep firm thing coach end. Center understand fish girl behind decision.','Production game chair very service series beautiful. Attention board reduce realize main his in. Whole community risk.\nIncluding investment piece.','황지훈','01016321063','$2b$12$2nZ638qDmkrlCjdMtfZSeelDe2Xudo52L.MVO2qVsjJG/quwUPq7O','bryan85@hotmail.com','female','2003-01-30',NULL,24,13,1),(18,'2004-06-17 18:51:10.000000','2013-01-24 20:56:23.000000',3038,1,0,'Deep citizen cup respond federal only. Have several close within forget move food add.','Hit quickly worry talk left be. Two question bring second for reveal who mouth.\nPage itself in call control really both. Of school maybe writer whole.\nSeek fact energy outside six.','황성진','01026786605','$2b$12$MF9zzzF1togVQOmID9p43eWAwFWRG0cZp62.gyiruy3VI83T51sa.','tsimmons@boyd.com','female','1975-03-04',NULL,16,40,20),(19,'1972-10-17 09:20:24.000000','2001-07-06 09:27:02.000000',88486,0,1,'Through role order why. Now answer again under environment remain. Occur involve sing.','Discussion maintain bit different wrong character response. Fast for red condition.\nTell accept leave relate home beautiful. Local any could very like continue.','김은영','01034209431','$2b$12$p8XyIgahZODg0/JYA.pQT.D4gEl3QsxDgKTN9FDY8wIsE3jWMFl8.','imccoy@mckenzie.com','female','2015-10-30',NULL,16,55,21),(20,'2010-06-22 09:12:41.000000','1984-07-19 10:26:34.000000',33435,1,0,'On option among exactly.','Debate put experience beautiful story. Senior daughter ever it hope check now.','최경자','01018217535','$2b$12$NZ//ci49jAwJjsw6yzWkROEsZ5l/F3y/qcNLyccaf3BR86yJ2ijsG','beverlybuchanan@hotmail.com','female','1991-04-25',NULL,20,38,13),(21,'2002-05-03 12:42:15.000000','2005-12-01 15:22:55.000000',21511,0,1,'Choose among his cultural view. Course check level chair.','Food television suffer throughout page newspaper know. Company marriage hope catch. Our news north development month.','김진호','01056216262','$2b$12$BRbhZpIB/.4CYPtskv0xMOOqrYY.NJo15ryn/2fut2XAi9Rq4d8ZS','carl99@gardner.org','female','2008-02-16',NULL,22,70,22),(22,'1984-10-23 02:50:15.000000','1982-08-09 18:58:31.000000',80775,0,0,'Teach table task art.','Reflect crime during beat wonder. Tend require role other five military. View ground third example instead.','이정자','01070081806','$2b$12$sXXy3dvnK2B2DI6DoTvAXufQXJee3Ivu7kxV.QupRiKSPp4RmrSxG','carterjacob@austin-townsend.com','male','2010-09-06',NULL,28,65,5),(23,'1986-10-08 21:16:58.000000','2001-03-06 04:24:41.000000',69896,1,0,'Teach read main mouth building. Ago station reason success say teach someone ability.','History true doctor test wall. Man improve both when subject doctor food guy. Reduce agree course.\nEvening break magazine explain head fire include. He join his serious run artist civil.','박정식','01092242638','$2b$12$hq8OjkCdZj2VTOJS.o0RR./dmsQe811E5/RSlWXYHQ1fIzXbU0G7O','joanna07@gmail.com','female','1987-01-26',NULL,2,19,15),(24,'2006-09-15 22:00:07.000000','2010-09-25 15:27:48.000000',87282,1,0,'Guess truth challenge walk mouth. Opportunity free exactly.','Now either third recent show food. Computer direction threat.\nBelieve similar across still anything chair.\nHundred future very cut morning bag these. Continue role whether task house.','이진호','01084737699','$2b$12$h3i9MhIucQAoCbayIWs4ku9Y9HldLNvV6lhTVAmUAu64xAuEvEipq','lcisneros@roy.com','female','2018-06-12',NULL,23,65,2),(25,'2021-01-06 23:56:04.000000','1991-01-05 13:16:09.000000',31001,0,0,'Particularly enjoy camera century create remember. Crime fast ready.','Later trip his around production agent.\nConsider kind we tree. Age trip all involve last number.','윤정숙','01064639909','$2b$12$Af1Ysh8WhTK0valNff7smelFng/jGR0U2Uu2ceazZVpfdpH9zxBM6','cabrerajulie@lewis.biz','female','1979-10-04',NULL,26,37,13),(26,'2015-10-11 06:15:22.000000','2001-04-28 01:39:11.000000',8251,1,1,'Task another president it late notice data. Whose project leg yeah sure free.','Interest will energy these weight. Into teacher world yeah. Pattern simple item account security task.','김민서','01068255648','$2b$12$PbhC3Tuu5DwJ9BlYTNJuVuG/cuvmhNUsFeRPVPjRPYeb4WJhrYQ.G','maryhernandez@morgan.com','female','1991-02-28',NULL,4,69,24),(27,'2002-05-10 23:07:26.000000','1990-10-13 01:52:37.000000',93989,0,0,'Hold why mission day how. A finally agent seem mind thousand. Now business national itself.','Anything none build wife avoid common assume. Ten understand most likely office.\nPartner one rock several factor imagine. Before film use offer only. Range research office control.','김성현','01082812646','$2b$12$1H8.d12KgJKPIBw9gVrBdONlrG8C4l2XEuNJMpO8ehEHgYa5ummc.','brockvalerie@jones.com','female','2016-11-27',NULL,13,18,17),(28,'1995-11-20 06:56:49.000000','2016-10-07 15:52:47.000000',98232,0,0,'Kid building when moment drug institution capital.','Meeting author run protect. Social improve once police she.\nYes participant land from although spring. Worry south college environment.\nEducation enjoy whose important research. Picture rise return.','박현지','01091832219','$2b$12$Jupo03tGcnRlwMBqNfG2tu8Ca9eh0N13NrtgXpvp.KHt7TkAx6Si2','lmarquez@yahoo.com','female','1992-08-30',NULL,20,66,22),(29,'1991-09-19 22:18:11.000000','1991-08-15 12:02:35.000000',15589,0,1,'Exactly huge Mrs account. Benefit couple water international today growth together.','Pressure talk former drop. Grow blue above. What together late feel run same.\nStyle wish black score out glass. Whose attention stop brother radio.','이민지','01079686819','$2b$12$Bjza.3kNbasSQrwFPqW.g.exM7Lj21drEa8WxlQ72EsGoBTKhPESu','kevinmacdonald@caldwell.com','male','2005-07-17',NULL,20,16,19),(30,'1983-11-20 17:08:18.000000','2003-05-01 23:53:46.000000',42058,0,1,'Report carry tell.\nGrowth general offer stock less. Avoid feel nor.','Vote international firm history pull several executive. Cut night drug most debate executive start. Activity score suffer sign any safe worker.','문정호','01047566634','$2b$12$VoQmARY4Jo8dk6Ncg2Y5juYb8CbZNl6eXCoN4mM3Xu/D9dYNqbfs.','samantha48@gmail.com','female','1996-08-06',NULL,30,70,16),(31,'1992-03-09 09:28:24.000000','2015-04-05 06:14:33.000000',33764,0,1,'Chair glass watch big.\nDetermine season girl book entire system.','Along something common though. Believe friend into part against question. Film candidate door experience teacher.','장재현','01087308612','$2b$12$LVwCsZsCE2KHNabfmNXDI.kku9adXcxFp9xf0aPV5AP0sMelLNa5i','josephclayton@sawyer-moreno.net','female','2007-02-05',NULL,18,32,5),(32,'1996-05-14 13:51:43.000000','2021-05-23 04:39:45.000000',46292,0,1,'Apply special human bit likely off. Bill that modern front.','State once economic heavy night. Create future let discussion.\nReason because only thought realize fight role. Response others education. Responsibility prepare wish what.','최정숙','01098417499','$2b$12$i2u19lgo0OR1lW0qaK/ok.eKFt9nV6Q/xXmqEDSEJa5INT4db2XrG','andrewbrown@yahoo.com','male','2009-10-07',NULL,5,35,16),(33,'2000-11-27 19:31:22.000000','2004-08-31 04:04:32.000000',26966,0,0,'Understand hour middle those discover if. Hear professor great manage.','And another leader through us country training job. Identify camera trial. Any need everything rock stop.\nLaugh them discover clear another garden sell.','김준혁','01051282406','$2b$12$63NjoG2u8fwho1Fh/XDHGeDMp6EIQuYdWpZCt5HttUf1ztekf.J0i','heathermcbride@gmail.com','female','1988-02-23',NULL,16,65,2),(34,'1975-06-18 19:15:55.000000','2003-01-23 03:08:27.000000',61632,1,0,'Box cell might special he never. Dinner man score. Computer employee travel.','Fish late build history allow police.\nEvery however should happy. State several course hand. According executive want Mrs.','김광수','01026624244','$2b$12$W0Mj4JSq3DvAnkju1H5T8.ovkc0XK89mFQSKU.frAJEWKe6d/sq6C','hevans@hotmail.com','male','1983-11-23',NULL,13,65,19),(35,'2018-07-14 19:28:52.000000','2018-10-24 13:07:55.000000',13540,1,0,'Across since spring member up sell day. Establish operation wrong until along budget.','Base mission generation generation own cup. Approach Mr environment star.\nAnd popular education seek. Year alone the generation. None add everyone employee like sign.','김정순','01055891762','$2b$12$KM2LX3xkUobJlsI/Us0HJ.tVTg3SUj8sl6YwyNWTezJVOEggryRaa','pachecobrandi@stephens.biz','female','2016-08-12',NULL,12,13,24),(36,'1992-03-13 08:38:17.000000','1975-04-19 09:25:54.000000',9708,1,1,'Agreement dark same pick staff. Politics wrong culture approach worry thank.','Get field suffer share coach. Us media its start story. Big miss truth message name hair phone. People tax detail name hard.','전서현','01010782960','$2b$12$1vakGCnVECe4EefPbQKyoeUuUuK5XC4LBfKHGdnU2.mCFVbEgYSR.','randywright@yahoo.com','female','1998-05-15',NULL,10,35,8),(37,'2019-07-28 23:19:48.000000','1995-02-26 11:30:25.000000',85439,1,0,'Over offer school star north among store effect. Notice head agency first determine today.','Whatever leave keep sea show heavy line.\nMagazine subject billion join daughter far car. Onto during process method consider interview top. Among consumer hair but.','김예원','01046705791','$2b$12$zyEDRRXZtM3xydDDB5Wzx.6Yn2H2vQ1n1uXqpL6wdJlr79vLDDTgS','perrykatelyn@hotmail.com','male','1993-03-16',NULL,29,37,10),(38,'1976-12-06 23:31:55.000000','1976-05-12 20:03:17.000000',46649,0,0,'Tonight city current something without. Sea really act my energy administration human.','Around last life store. Mind remember common group.\nShould glass party point floor where. Now drive accept.','최예지','01058892055','$2b$12$bCFzK/aRb3nAlPkKOaoTVuMMSHJF5PSiIYEtvH5wrZ57a/rRKSMI2','rowejohn@jimenez.info','female','2011-08-04',NULL,17,8,25),(39,'1975-05-09 20:29:48.000000','1978-07-04 19:32:33.000000',12258,1,1,'Cut operation air determine government. Hard per thank.','Pass property actually minute performance your. Eat force eye hundred between degree voice. Away body adult station city question.','배정식','01058325280','$2b$12$PmBvYoOTqn82eyaKwdDo4OfDxgbtMzf6RuENs2XI.U2LyOkYc19iG','mhaley@montgomery-petty.org','male','1980-06-07',NULL,19,12,17),(40,'2018-01-05 05:01:27.000000','1993-11-04 22:32:16.000000',82125,1,1,'Cut firm fund state. Think better member hear rock scene bad. What thing name defense political.','Into author reach himself. Candidate approach focus.\nWhole interesting military rate light sometimes small. Social avoid want sense.','최유진','01069645432','$2b$12$Ft7RjmZn6U4eqKW/xcj8cegtKeG7xTA1GiYLQMAPosyQPudHuWTVm','qdavis@decker.com','male','2019-05-31',NULL,4,29,7),(41,'1971-07-08 21:11:52.000000','1977-10-18 20:26:01.000000',22333,0,0,'Suggest economic my which seem. Surface life pretty full.','Our what thousand anyone hope. Ever against choice. Story team paper finish trade thank watch.\nAfter hour dream side sometimes. Law certain design less skill decision imagine.','이광수','01055159309','$2b$12$Dh6EjFKdRHHAmMxkGyVs6eojUxAGkLqBDIpii6.mhCdXj9sFuvwIi','fgutierrez@hotmail.com','male','1971-01-15',NULL,9,49,24),(42,'2001-12-05 04:25:50.000000','1971-02-12 11:36:34.000000',65314,0,0,'East there arrive time. During explain peace must.','Democratic school make person about bit evening TV. Easy worker image leader Democrat probably. Six rock final officer item.\nAlso she our prove reflect country. Available body occur.','김경희','01014919891','$2b$12$cljX2sVwyKN0CB4wsFBIKuZS0aJGXr8xRVbIWbT3ycL16AFgYIiCG','james66@sosa.com','female','1992-07-07',NULL,12,22,20),(43,'2000-05-05 22:40:34.000000','2009-10-22 18:55:32.000000',77716,1,1,'Degree nation deal many. Save station church everything white hold good movie.','Play hundred author.\nHalf these especially close. Movement figure method challenge.\nHis though protect determine system seem. Impact report low business accept. Security voice reason administration.','윤승현','01017097471','$2b$12$aXPqStVrDJFa.eYl1y7Dru6dBuzyA/vSuiRAX1beVZ1ookyxtmoWa','rodneystewart@marshall-craig.org','male','1987-07-15',NULL,15,17,1),(44,'1974-09-12 11:23:17.000000','1976-03-16 06:18:39.000000',51719,1,0,'Feeling material soldier seat first. Ten smile full bit. Data road approach natural military.','Treatment measure moment ready there. Four individual age thus cost.\nExample voice teach season tonight really organization. Cold debate control writer I lot small structure.','신시우','01041064698','$2b$12$44hI.3d9zt9aJfc7BhfyXua6AkWDVQ0V7WaWW6Nzgi0l4R/O0r2aO','brian97@nelson-davis.com','male','1984-03-22',NULL,15,54,20),(45,'2020-11-10 14:34:52.000000','1997-09-07 23:00:25.000000',31017,0,1,'Past measure loss population quickly. Upon join bring message against paper partner address.','Because pretty not strong hundred music special. Law girl next offer home season vote. Everything field myself first. Sister your mean himself energy economic.','김영일','01066935713','$2b$12$48CMtWGOKQeEUsYLUlfysuaLImE5fq/PKNmx9QVja2anwa7YrzSeq','annette60@gmail.com','male','1985-06-25',NULL,14,36,15),(46,'2000-02-17 05:45:58.000000','1992-07-08 13:44:35.000000',54733,0,1,'My last issue.\nPass sell carry medical. Plant general detail few gun season.','Peace activity radio score. White media figure political entire.\nDirector forget gas without time plant. As above assume walk institution food or. Impact of direction her goal item head.','박경숙','01019562479','$2b$12$2BqwOrgj7DVP2C2pEcApCuxi8fLJ.CoYlnu89koYQx7vMrcv9pQgG','sharon31@bridges.com','female','1984-04-11',NULL,21,45,24),(47,'1984-04-20 00:20:53.000000','1990-06-22 06:49:22.000000',75241,0,1,'They old decision argue serve thus. Two include two environment positive local action.','Team white really TV religious pretty accept. Shake Mr nothing option phone argue. Themselves out media price want major dog. Real skin above give father.','김민준','01044486898','$2b$12$yrYrq2FlzGv.YCae6ER42.W6yuKT7uNAH3jAdc.8fbZ2smIS3es6y','chadreyes@parker.biz','male','1974-08-13',NULL,29,7,7),(48,'1971-07-12 02:40:40.000000','1984-10-17 08:57:57.000000',28122,0,0,'Enter take buy run stage.','Special may turn look especially development poor law. Drop watch behind significant media detail few process.','한은경','01061522446','$2b$12$q8ggHJ59O/Y/HUUAA5caOejLH9sZt2EPQ4owi62OnMcc5jn5cRBhi','nmurphy@yahoo.com','male','2002-07-10',NULL,16,8,16),(49,'2004-07-09 20:21:18.000000','1993-02-06 09:40:24.000000',78260,1,0,'During cause seem particularly. Black amount beautiful front over event at.','Check entire assume about team.\nResource grow society through. Factor commercial look human information oil treatment.','이현주','01096125464','$2b$12$pRvaGD1kZojxK/qMAe4hPOpuYvNxBT1Ie846S8h54j.a8rTJ8ZFmu','johnwalker@gmail.com','female','2008-04-14',NULL,7,19,2),(50,'2019-08-23 11:53:14.000000','1998-08-14 04:02:37.000000',28038,0,1,'Fall read after when. Section very wife arrive capital their.\nDecade but never single.','Wait light song information thing any perhaps. See statement piece require seven.\nUp Democrat standard option. Heart scene special station interest. Point anything early.','김성호','01055438214','$2b$12$5ngr6VLbs.eZXUP3l3eUCOzAa7fHifSePe6pPLHGlySQKzHDlcgZO','thomas17@hotmail.com','female','1990-05-10',NULL,16,24,12),(51,'1993-10-10 01:45:11.000000','2013-09-03 06:57:05.000000',70236,0,0,'Kind down whom event. One lose image daughter blood. Attack foot case remain.','Treatment resource quite. Particular up each figure.\nEat detail not huge small especially.','윤성수','01061105985','$2b$12$wyMBdqirv.C2DB3zljxCt.Sv3/A2zHM4LQIxtirJ2QJhFGG2FLz8u','johnhernandez@ayala.org','male','1980-03-14',NULL,23,45,10),(52,'1991-01-06 03:23:55.000000','2015-01-11 21:37:41.000000',59150,0,1,'Chance policy condition day. Catch picture realize not.','Top difficult receive drug each black. Theory rather article describe.\nFloor place never special son plant actually. Show relationship bill kid.','김정훈','01081241528','$2b$12$ILSqyli0KP.8SLJFPbPTn.hz5gJN3TkU5lLfKhHi4T6ckOzTtTruq','qjones@warner-williams.biz','male','2008-01-31',NULL,19,5,22),(53,'2005-10-28 10:15:35.000000','2015-03-21 16:24:03.000000',72353,1,1,'Test of area simply section front. Factor magazine oil and near me.','Important stand likely and. Even thousand if ago western great financial herself.\nNice community into college budget especially house. Discussion military traditional set training.','김현정','01067284176','$2b$12$SjdSRfA0fRBZnXoeVJwbEOvsDdhk3bBSUeaSRVcXKQiDrVKiOUTKC','cgreen@hotmail.com','female','2010-10-29',NULL,13,35,1),(54,'1975-01-29 00:23:10.000000','1979-03-17 08:36:54.000000',53900,1,1,'Positive personal road tough. Administration protect contain among me note prevent.','Throw sing teach morning. Will cell behavior task. Site professor near environment management.','이순자','01032085183','$2b$12$6CbZeX6sqm3LhB7zQRCjpO.Eky.0irLIeyACmJ3gDFtLdwHlV2xuG','hendersoncharles@hammond-jennings.com','male','1974-06-22',NULL,1,7,2),(55,'1991-05-17 17:59:31.000000','1994-04-18 21:55:31.000000',26723,0,0,'Skin scene identify game truth positive community. Contain little fall force admit.','Town quite different develop green smile allow. Ok continue there sense.\nYou exactly his final statement single. General whole human.','우유진','01071584869','$2b$12$vO6zn2X98HKkxFHrehPIauA7zFG/nIoTGH2twk8ctXRm7HLkttpNO','xgibson@hayes-smith.info','female','2013-12-30',NULL,2,40,2),(56,'1987-06-13 03:27:25.000000','1998-10-06 05:38:41.000000',14159,1,1,'Garden pick player manager television power exist. Itself natural son from seek prove.','Contain method party total. Over positive sing.\nPeace military often why month. Professor country politics grow. Establish represent deal idea security candidate before.','장영자','01062685793','$2b$12$3bzg0Cd/PHpQgRI6IiBwD.e18QxZ8KyaDDggqWFVOht2cB8KF5bXq','lorrainewebb@hotmail.com','male','1987-03-07',NULL,6,32,1),(57,'2010-11-26 00:57:49.000000','1995-11-22 06:32:30.000000',1918,1,1,'Someone realize skill process push walk above. Huge can rise poor realize walk.','Woman occur happy summer stop drop color. Project friend hear future.\nTheir pressure hour detail believe explain wrong study. Itself meeting here win home drug. Mouth force by offer.','이성진','01051045438','$2b$12$QPP2mqCe8pF0EIy3/cGnT.d6FGGsesGRr0ExwE6hV6QC24.pytogO','kyle80@perkins.com','female','1982-09-27',NULL,22,24,11),(58,'2014-01-06 16:43:02.000000','2007-09-28 16:41:14.000000',13910,1,0,'Seven morning set would us.\nConference list million speak.','Plant thank little.\nSerious catch sea scene natural.\nPurpose four tax. Huge add fall guess.\nLike check recognize man building. Perform huge century detail truth around none.','조미숙','01011015784','$2b$12$j8oEP7g.LqHQvdb4PioQDOjj243iKLdg.xnt8FHA4v6qEEMu9ZL5K','lauracox@hotmail.com','male','1997-01-20',NULL,15,67,16),(59,'1977-09-14 05:12:51.000000','1998-02-23 10:00:57.000000',99487,0,0,'Majority send difficult strategy help every. City up reality save right south.','Of edge name. Manager small social page.\nDirection such along drop themselves hit early firm. Together place with. Computer seem heavy find.','지병철','01057362953','$2b$12$vSrWXTPCiiXv3BoWl8.tKu4kh06F5/9iy.X9t2EIs/j2xd1iA739W','johnsonashley@gmail.com','female','2004-05-09',NULL,23,68,23),(60,'2012-03-22 07:57:11.000000','2002-04-30 20:26:52.000000',94412,1,1,'Owner two chair edge. Someone voice actually product suggest run federal.','Determine five appear rock enjoy list agree American. Even on name participant building. Later recognize fear start.\nEffort which statement message example interview. Ask if dog program smile.','김예진','01071779244','$2b$12$p0rkmMqusTmdI.AuC95nCuoK7jr2L8XWVSzAUXulfOiRYAXFcG2W.','brendadiaz@hanson.biz','female','1978-12-08',NULL,28,34,15),(61,'1982-10-20 23:45:35.000000','1993-06-28 11:34:02.000000',37699,1,1,'Scene stuff condition beautiful. News management assume gun.','Partner foreign blood attention he response pick. Big option culture down.\nShare production example option both. Finish bank run employee. Cultural travel letter study share.','김현숙','01084661627','$2b$12$QN1/9dW1iCwvSqR6giX6g.fH4B4DmpOp/LI1GqmjFPDcyuY2DEUd6','shanewilliamson@mann.com','female','2005-09-25',NULL,24,14,16),(62,'1970-01-24 15:35:05.000000','1989-10-22 13:54:59.000000',59765,1,0,'Happen contain recently recognize arm. Only keep spend while add project fly Democrat.','Help life art clear represent beyond speech life. Theory many color drive action marriage six the.\nScene price power unit must federal wide suffer.','이정웅','01039953810','$2b$12$Rex24royQpc/Ci9/uGkXm.0niGeD2dzzawFdUU.6wYrf34oWcOdjK','xperez@gmail.com','male','1971-10-23',NULL,24,57,17),(63,'2008-10-12 11:30:30.000000','1971-02-08 17:21:09.000000',89709,0,0,'Political boy various resource north development seek. Health into team government just.','Thousand if rise young pick relate. Often act behind camera similar camera. Whole before fire respond center.\nChance situation enjoy price catch husband land. Result want environmental.','김동현','01072425847','$2b$12$WlM.NvvaZeiDRKcDJ8e8nO488afC62SRBgrrLqJ1AUYEsrxNMq.ES','matthew14@munoz-velez.com','female','1984-12-28',NULL,8,49,2),(64,'1977-06-09 16:22:33.000000','1997-06-03 21:54:50.000000',47780,1,0,'Well bag hair eye.','Event style American. Else town question model citizen mean.\nThink growth his concern record course realize. Out no care soldier inside professor. While rise model enjoy street positive.','이영순','01047873542','$2b$12$3M2t9Ci.p92to55CchEzverosakBjSxjODpy3t.GyTbSlDb9Cgv6e','reesecarrie@gray.biz','male','2007-08-17',NULL,8,69,21),(65,'2012-12-08 02:15:48.000000','2001-01-10 03:28:01.000000',82722,0,0,'Per risk information energy husband. Movie card third kitchen black choice.','Fight message next when. Have visit blood Republican. Value someone describe let.','문영수','01062804844','$2b$12$eg4StV5lYvl9CMgOg903UeYJv.vNveEfH2vltzYDXDTsnqTysf1XS','christopher13@hotmail.com','male','2005-05-28',NULL,22,15,23),(66,'1996-05-11 17:30:19.000000','1973-09-03 12:25:57.000000',23299,1,1,'Wife technology door book.','Carry occur east set ball. A wind away same both west.\nFeel analysis director hear. Edge skin life card note. Entire third option.','이영환','01089029991','$2b$12$Y1sBczuq9KvnulvGTnP8fOFRteeJw47dj6kWbIPpYmp7WqmVMTCqO','danielli@mcdaniel-bates.com','female','1995-03-24',NULL,2,70,22),(67,'1997-02-09 00:15:16.000000','1979-07-24 13:20:28.000000',89650,1,1,'Peace stock claim sure section message whose. Continue more line guy build consider now.','Fact risk knowledge organization. Time series authority shoulder. Husband military morning.\nMeeting those person.\nAllow fish information cover policy range reduce. Drug rise old pressure one can.','이민석','01026529886','$2b$12$.tRei0rh9FjKlh7VTQhcCOvWL/aeHxE6hNJm9pWo.6NCxLGSu3CRa','donald44@hotmail.com','female','1986-02-14',NULL,14,3,15),(68,'1998-09-23 18:34:14.000000','1983-08-28 00:58:22.000000',25288,0,0,'South group scientist at.\nReal chair strategy.','Want we financial city dog. Country enter type paper career above check. Life themselves south.\nOut walk create wait bed agreement really. Imagine from product detail.','류현우','01082801422','$2b$12$XFk.5/1jS/LFH/1M32.u/uQ9L/PknASIJy2E.rlk3gWcwTKsMllES','lisakemp@gmail.com','male','1991-06-06',NULL,15,17,17),(69,'2003-06-05 05:20:22.000000','2008-07-16 22:10:37.000000',4210,0,0,'Factor popular form himself. Third probably PM a agency.','Candidate company up. Ok understand Republican brother.\nGuy finally energy box stop. Claim order point direction news. Audience war memory.','차숙자','01031108508','$2b$12$j1ytDIPk0FuQ.BnNFocJa.Fb5946NcOFw1Sj7fK7DWAAknxsW5BQC','khanmegan@newton.com','male','1995-05-15',NULL,13,11,8),(70,'2012-08-23 07:52:20.000000','1991-11-23 11:05:28.000000',64666,1,1,'White worker toward industry discover media. Indicate learn pretty soldier on size building.','New actually gas put. Shake section near guy education order. Science last make back industry throw response.','이혜진','01017731033','$2b$12$EUc/JgLbZM4wxYgACdCJp.rMB.0VbPRJUqWVX.NXp66.E8FJ2cUw.','spearslindsay@kirby.com','male','1987-07-24',NULL,27,31,10),(71,'2000-04-16 03:09:05.000000','2016-07-08 00:38:03.000000',40848,1,1,'Next thank respond leg look total. Program call next benefit television.','Dog his kid military inside anyone. Man stock million scene market history return artist. Culture child teacher two produce focus test.','문지현','01037894531','$2b$12$yqyGZNR/3.azbqXtflmq6umB56a1xK6o1B4mvV8Z6uvLVpx4y1Mra','joanne10@yahoo.com','female','2014-11-14',NULL,11,49,12),(72,'1996-08-29 11:46:48.000000','1998-07-08 06:54:35.000000',31596,0,0,'Small require too certainly. Rest necessary fall over.','Exist draw catch factor about. Detail seat since different space first but.\nRelate professional already peace statement quality. Avoid military black she easy learn.','지선영','01046617550','$2b$12$rqMxC.5cXdDtvYSVP4OtuuD41DfjtlZfcRpNlzE/zMgEeEVWP6sBC','oprice@sparks.org','female','1980-01-27',NULL,22,33,10),(73,'1985-10-05 21:16:49.000000','2007-03-13 22:48:56.000000',71314,1,1,'Less carry western project finally.','Each capital enjoy evidence. Matter rock manager truth leave.\nIndividual true stock. Shoulder move Mrs interesting. Performance where theory.','권정수','01017334604','$2b$12$LjG/e2UoDv3Mrfx891e18eUoJDVk.OAMB9a55mOwg71ywdwJzn/.i','kennedyanthony@yahoo.com','male','2013-06-03',NULL,16,58,13),(74,'1984-11-14 22:48:27.000000','1980-08-07 08:39:10.000000',93356,0,1,'Ability senior yard. Claim read fight culture may in.','Item respond network modern. Education father power approach mention. Answer service however similar owner small ever.\nDiscuss never rule themselves quite billion song. Value another court series.','이정순','01039228967','$2b$12$srQIQmn2blaOzuXq5/4mp.zeDEHaqDozw.kay/4NhgaYiE7p.GOb.','nicholaswilson@ortiz.com','male','2012-07-10',NULL,12,26,12),(75,'2013-10-31 01:23:38.000000','1984-01-16 21:39:33.000000',71088,0,0,'Same again strong house method. Effect bar mean carry. Example forward yeah.','Southern practice over beyond. Upon make into foreign ground. Soon tonight plan believe person.\nJob easy arm road medical him training. Nice recently admit people many for. Your table call.','김숙자','01096894002','$2b$12$XeYpYcOJo3Gfg8RnM0zy4uRuTHDvZE.MjWtF7T3Une18brCYsIP4O','emartin@baker.com','female','2019-12-29',NULL,25,73,15),(76,'2010-02-15 05:35:23.000000','1970-09-04 12:02:29.000000',60332,1,0,'Consumer writer lose tough either too. Age alone foot country.','Newspaper Congress air sometimes listen political significant attorney. Cultural them study. Officer cold line ever.','황유진','01092408885','$2b$12$73La8DGAYN5sOrVdoxmzcOAamqO6bJf2ivMacgqcm917U9aTNP4eC','lcastillo@horton.com','male','1995-09-28',NULL,0,60,22),(77,'1982-01-10 01:41:00.000000','1988-05-15 20:27:39.000000',63194,0,0,'Before rest stock event quite might television. Past suddenly wear language adult.','Try within participant green each nature. Local people region. Artist everybody husband learn big. Customer size cultural vote newspaper them.','윤성호','01012546287','$2b$12$73ysxZ2ZxdluYTnfD9LVo.0oTS/Gq3Jbpm4.4CIT..ynzzCaToeMq','lisamorgan@hotmail.com','female','1982-06-07',NULL,17,7,14),(78,'2007-06-10 11:27:39.000000','2009-10-24 10:20:30.000000',1229,0,1,'Officer because former size century. Among concern suffer turn message fine.','Then send Republican compare officer trouble politics. I agent official mother. Unit agreement Democrat protect worker effort.','류재현','01081088231','$2b$12$WErU5Zu/qGdj3RVm/XKukO3gJyuMIobmjkSFKPdSJjtUfS26aRctS','ezamora@garcia-rodriguez.info','female','1979-02-06',NULL,15,46,11),(79,'1983-12-24 22:16:06.000000','1997-12-10 20:32:28.000000',9510,0,1,'Hard unit manager.','Wind hair thousand hospital late cover until. Continue recent serve beat tend team establish phone. Leader first dream by.','이승현','01026846145','$2b$12$pzRnkSM7LjmxjYkcn3I1HeyLdOAGGBiNTK0Q/kZyXhGtEzuHtxQ62','heatheranderson@gmail.com','male','2017-03-31',NULL,4,34,12),(80,'1978-01-26 14:57:27.000000','2011-12-02 07:17:31.000000',53901,1,0,'Teacher any already beautiful everyone. Per whatever civil assume beautiful else keep.','Moment later pretty. Before food standard any customer. Everything back her though about.\nSuddenly charge hit report foreign. Who reflect voice whom feel number upon.','권동현','01039394016','$2b$12$J1zmiiL6GRe39LG9ziRZ3OC1hwUx5ake3lmMQfbeHKoQFOc1poQeO','collinsstephen@lawson.com','male','2017-06-11',NULL,0,30,12),(81,'1991-07-09 18:20:25.000000','2018-07-26 05:36:12.000000',50172,1,1,'Garden of east including give machine throughout. Whose special factor material the president to.','Specific cultural expert likely bring far quite.\nBreak green eat summer them practice assume. Dinner money evening offer career. Statement tax her us.','남정자','01052171182','$2b$12$dMCbdv1oQVjk/w5FZhy8vulRdZWx2/EkaNxvdYubVCSSRrA7oZYTO','victor11@sims.info','female','1973-01-17',NULL,26,19,5),(82,'1980-10-15 18:40:04.000000','1982-07-07 14:45:00.000000',48499,1,1,'Let budget what business. National north blood member class. Air billion begin.','Himself hour true foot music. Weight test fish player Republican start night.\nBag safe great they suggest. Religious determine lawyer range. Finally recently red whether ok fill player stand.','엄혜진','01024973383','$2b$12$9cnRzDn1vkSahv1.NfHE0uYXPyECKe8dgESsiFym2NUd/tzofbKba','douglas93@rose.org','male','1996-11-16',NULL,21,33,1),(83,'1977-02-24 10:07:29.000000','2000-02-11 04:44:50.000000',34478,0,1,'Particularly actually nearly speak buy degree away. Sure lot little impact town hair.','Public from kitchen behavior during image. Involve Congress assume. Church set talk daughter wonder always effect. Number suffer reveal rich speech nothing.','고서준','01073927283','$2b$12$Qp.YR8kSSsOfDnhWLdS25eq/HhWk/Z0/es1c9CPj.f9xLSJ6JR8lK','samantha50@jimenez.net','female','1991-05-17',NULL,4,36,11),(84,'1980-06-08 05:38:35.000000','2000-06-11 05:04:34.000000',94690,0,0,'Business everybody how sell draw half various. Green long on defense care identify administration.','Very buy crime life federal. Return reality sound space since much item.\nFirst act try everything past during score. Now like provide want.','황지영','01095922982','$2b$12$0hDeQHbx7gUdtqAHCeJ5DuVX9/lmIUbCfvIXGftzklAh9KtApX6/i','kelly04@phillips.com','male','1992-07-26',NULL,29,29,18),(85,'2005-05-08 01:57:55.000000','1989-09-21 22:17:20.000000',83479,0,1,'Staff magazine ten. Heavy sea ago information general call.','Best respond get opportunity them. Nature never return success expect leg.\nSuccess pass hotel evening able go.\nMatter both including later have take.\nVisit collection pass choice.','김준호','01078271144','$2b$12$CDPxTdqSbYWPDx6SQ5WGF.s0j0viQhDlgHK446KrojDCNSyWoc03W','tstanley@atkins.com','male','2015-01-16',NULL,19,36,5),(86,'1977-04-05 11:42:42.000000','2009-03-02 05:33:13.000000',31599,1,0,'Story fly nice determine product few. Federal hit room fight.','Relationship walk spend south. Until camera happy reality.\nBase partner walk international hold rule more.\nContinue when management political score.','서성민','01041548540','$2b$12$Mtqvx6ZGNrJiCRe8RJmjrOv1fstikMqCBx.CWLIK5ReVqUjlIEnQ2','jonathanmason@gmail.com','male','1970-01-18',NULL,9,65,15),(87,'1974-11-19 12:17:29.000000','2020-09-08 09:09:48.000000',39382,0,0,'Lot him manage free rock wrong dog. Show son have. Letter accept rich security resource set.','Serve step major friend. Wife various soon cover oil responsibility.\nUnderstand himself their factor spend. Leave we themselves young like music much.','조준서','01099528442','$2b$12$w7SztntTAHDNmgErud0Pa.9ep9D10FXc0429IAETUHb5jxtaZiClC','bcole@hotmail.com','male','2021-07-11',NULL,30,3,2),(88,'1977-08-09 16:52:16.000000','1993-06-27 05:53:12.000000',71715,1,0,'Language participant while daughter. Suffer you wall.','Dark toward ground bag arm yet. Sport impact student skin moment black. Soon subject reality.\nRight authority save program three possible. Here player entire opportunity would score possible return.','최예지','01089502382','$2b$12$Cw2BPIH7DvvWt9Ja9KY8a.DNMcNBVglxF2BqK9crxujVgIOya9pXW','adammartin@davis-pruitt.com','female','1970-07-11',NULL,30,11,4),(89,'1999-12-04 01:26:02.000000','1998-11-28 15:27:52.000000',64762,0,1,'Particular blood capital enjoy according. Safe west between coach.','Early owner professor win. Mission letter player blood.\nTeach billion open during could region third agree. Positive simply able wear. Front probably true never.','나준서','01015298869','$2b$12$1ABhwWQe9jPO5YszRf5iPuVEjGXPGIKgBME7GJoaggSHoNo5X6SuO','alisonwaters@yahoo.com','female','1972-07-06',NULL,19,47,13),(90,'1979-04-14 17:09:27.000000','1982-05-10 08:36:30.000000',61898,1,0,'Yard message improve.\nFollow defense or way tonight dream. Note main after few century.','Day poor against reduce green according front receive. Case computer majority accept teacher.\nDoor since that off. Station civil understand your. Anything toward here PM away nice move term.','김미경','01082778954','$2b$12$dXbzF.A9S.w7n76Q88m8GutppwPCwUsPD52.rM/B.l3IimszDQycC','weberalbert@watts.com','female','2007-03-10',NULL,22,37,11),(91,'2015-10-29 23:18:35.000000','1998-08-16 12:44:28.000000',90234,1,0,'Realize camera spring give outside maintain instead heavy.','Step avoid information mother my very community. Which these talk respond series different turn. Political health involve which hospital official evening.','장도윤','01079903098','$2b$12$dz4LE6SNoeYo.BZq/0/gsuQ0Yk3CFGggovpg93FNpU1GygL7JNFLS','vacevedo@gmail.com','male','2017-01-02',NULL,26,29,8),(92,'1986-02-12 06:19:23.000000','1973-03-19 12:50:05.000000',91553,0,0,'Card edge rich brother stuff. Large interest its go. War health future cup purpose most front.','Person case population upon. Bank allow today. Attack space democratic discuss least. Practice build stuff customer popular fact.','성지아','01018628381','$2b$12$Qf1F3eAkV5qzMBexln6SAeqpXNwcJAsmYp9cXfOhLkhExgckNGzZG','rhernandez@howard-johnson.com','male','1990-07-11',NULL,6,7,9),(93,'2007-07-20 08:59:25.000000','2001-08-31 17:00:38.000000',10659,1,1,'Then open live drug view. Wide moment memory his item manager.','Six stuff daughter woman nearly push network.\nKeep fact large skin control.\nCondition middle federal third. Somebody world surface apply task strong little boy.','김영미','01072237102','$2b$12$VYfxovpQu2/mtyzAhq3pa.wEr34229okth710z4b9RU.r7xl2PVs2','erik31@holland.com','female','1989-03-18',NULL,29,26,3),(94,'2014-06-12 23:23:08.000000','1990-01-11 11:38:09.000000',57305,1,1,'Minute get call present wind. Oil protect should responsibility vote water require.','Especially these that difficult six wait everybody. Bit prevent ready individual glass south case someone. Thank the sport modern matter positive.','김승민','01010222266','$2b$12$WUzw/o8Gihuug8NkVhMjFuYVew6af/2LLAshAPBKu7VC5wVcLoUp2','karen04@williams.biz','female','1993-11-05',NULL,3,30,14),(95,'1973-01-07 09:37:58.000000','1970-10-28 17:40:04.000000',11774,1,1,'Join southern voice firm town. Second room recently item senior because season too.','Land ahead soon must night building. However every where. Condition girl room support.\nOption stock stay to half ability. Can trial model item thing pretty.','김영희','01019735337','$2b$12$V9O8HfScmNMtvJHwBg96OuFFOutP1OYHoeS68HhcRk617J24DpmTi','rebecca29@gmail.com','male','1994-06-24',NULL,4,33,3),(96,'1999-02-01 09:37:45.000000','2001-08-31 11:15:48.000000',39229,1,1,'Product support store professional look method life last.','Magazine mention science crime tree party teacher. Imagine ask rise seat building husband town. Common team entire so.','김시우','01057428555','$2b$12$i4xLhwUvOz5dIL6C9DpV7eUhNioTUf0pChvbjKOzJkuWP.Mw8mfqe','davissteven@jackson.com','male','1987-06-03',NULL,19,58,10),(97,'1991-07-02 08:35:21.000000','1980-03-21 11:34:10.000000',7958,1,0,'Act situation movement fast. Consider everyone product money relationship.','Partner best raise month attack boy not. General past also western. Generation explain act environmental. Growth age deal institution.\nRise decision think reduce black our across. American dog plan.','김옥순','01040699753','$2b$12$CiR4J/wRbZwz3ksgikcgeOU0cSJrrSxsZrI3NtGQJFM/bGtuA0FVK','carlsonroger@cole-henson.com','female','1973-05-18',NULL,29,25,5),(98,'1983-02-05 04:52:55.000000','2000-01-08 18:39:19.000000',42872,1,0,'Scene support couple hair front game half. For over owner draw everybody ten.','Father adult despite case. Everyone apply learn type start computer. Surface several decide night get person heart.\nSpace enough city happy get sense door. System would page bank.','이정순','01068091053','$2b$12$ew3vfdW9Xq39xdH3VZ8VoeEGeQqOaH1akCxoAdZfeP.q9v3gXNgKu','samantha66@curry-palmer.com','female','2008-07-09',NULL,14,1,24),(99,'2011-12-08 19:53:10.000000','1981-09-19 17:36:10.000000',96627,0,0,'Debate financial fall leave. Economic street throughout that clearly still full impact.','Situation spring sit second age.\nSafe imagine level today try. World various large series big their paper. History down ok put.','장건우','01088467646','$2b$12$.pqe5uTwgz5tLhaXg5d73ejHdMUSr54udZprCwG1KS0avuxfkTEa6','shernandez@garcia-bowman.com','female','2014-12-20',NULL,23,15,5),(100,'1984-07-31 05:44:38.000000','2016-05-11 16:43:26.000000',62773,1,0,'Theory key key marriage blue know during. Measure week piece matter. Ten weight court long writer.','Focus art plant exist bank. For door seven rather leave. School as also who. Away surface professional brother leader if.\nServe skill four ready picture doctor official. Ball red group together.','엄수진','01060683861','$2b$12$FQNklnNolL/MwIRf4ZWuduvXPQjZw77tUesM3HPSICtHyYp2fZLku','robin34@gmail.com','male','2004-05-09',NULL,24,22,11),(101,'2010-06-23 07:35:45.000000','1997-07-28 20:24:00.000000',9123,0,0,'Final record your move PM paper forward. Option stop part play travel.','Town interview party. Who still center southern.\nLikely put institution fire hope local.\nStory true may east within or. His matter range reason son.\nOil arm discover apply. Yard party live red.','장현우','01058477656','$2b$12$ETh0nNfXOp6J2IsQxm24d.P9mVk18OIRgskAbeeCgAiRUG3GU1bn2','jonesmeghan@chapman-bautista.biz','male','2006-11-12',NULL,16,41,3),(102,'2013-06-06 02:15:16.000000','2010-05-30 06:29:02.000000',4342,1,0,'The difference hour much lot.\nMay beat stage.','Total range study statement situation. Yeah news action four network instead young. Budget three home every of generation.\nTown year past explain. Happen scene let could help show similar.','최지혜','01034148663','$2b$12$SpbMr28qVYoDWWmLyFJPQuLNXThiIE7NKkSK.VvOGyWn8iJfaZfom','emilymejia@smith-weiss.com','male','1998-12-30',NULL,9,62,17),(103,'2002-09-12 00:29:33.000000','1985-06-15 10:01:25.000000',36505,1,0,'Spend as agreement. Paper car though including buy. About also hope establish simply.','Concern situation ball. Most best theory word. Soon where particular glass the soldier. None build along state number morning there.\nFollow government they mean medical. But travel act local.','고예원','01035292717','$2b$12$tP4gwyVKnJ977x6VbK1kJu.E2EZMli8rLK2.ZrdDv/8NtK/f5l8KC','davidcarroll@gmail.com','female','1977-04-03',NULL,21,24,15),(104,'2004-01-03 22:07:29.000000','2017-08-04 00:47:28.000000',28723,1,0,'Time friend success poor experience. Boy television for coach forget already may.','Teach win paper agreement middle. What half many exist fight hit power war.\nWhite population name cell know effect.','김경숙','01027958466','$2b$12$QeFxt7J.Afmi5Gk.m87Puev3XhFR.taRnjaD0A0QGDogvblD29wua','wgallagher@yahoo.com','male','2018-07-14',NULL,0,6,10),(105,'2016-06-03 10:13:10.000000','2012-12-26 12:51:12.000000',27230,1,0,'Tax among pass year traditional standard such.\nEnjoy concern federal people nothing.','Hundred almost entire physical no name.\nMrs participant couple item. Bad cultural little drug child western. Each set unit job.','김예지','01087457425','$2b$12$yhxZp4byGYUyyv9P2WPqZuEvjH1qYTePsnZzLE.CfRxyLJLOCcizG','cynthiacarson@hotmail.com','female','1986-09-18',NULL,30,68,16),(106,'1991-03-27 14:52:38.000000','1991-12-13 23:59:43.000000',5277,0,1,'Statement friend recent employee space. Address quality hot cold everybody very wind.','Bag process oil west serious deal. Serve nice doctor decision audience political current another. Girl give difficult decide realize whether.','양종수','01072912482','$2b$12$y0f8omiXTsaKST2RFUJJEOjLjFVdJCxqV4OLKJRT02YPbNqqqFsnG','fhall@garcia.com','female','2004-08-07',NULL,21,54,4),(107,'2006-08-26 16:52:25.000000','1998-02-16 18:41:34.000000',72190,1,0,'Hope hard group popular. Resource lead bit religious. Believe baby second. Type dark find wall.','Sort become beautiful kid light. Discuss feel ready continue present. War threat Mr.','이종수','01025212496','$2b$12$n5QgZgcQZajlNAGGypEfGO2.19lbw7/PJGL5K1XHX0O5fsOXIEPMi','susanhayes@hotmail.com','female','1991-11-05',NULL,0,31,15),(108,'1995-11-16 19:55:12.000000','2012-05-31 20:32:44.000000',88248,0,0,'Teach or know huge rather piece white class. Movie organization large small.','Child rock design always suffer. Whose factor plant able understand office. Now dinner organization try.','이하윤','01077683394','$2b$12$gOArDKjraNSAMGl8h3f9Le4ngR/IuxsSNRQwnmsoooEY8rc7aeE5i','hannah68@warren-parsons.biz','male','1994-07-22',NULL,21,64,15),(109,'1980-09-14 14:30:11.000000','1990-01-18 21:44:25.000000',68083,1,0,'Detail boy seat child memory. But color author TV easy home.','Modern degree support carry success personal could marriage. Read piece out make road whose. Six machine imagine.\nSkill it four bring military decide. Model whole relationship site central.','박성수','01077769115','$2b$12$uRX/DzdhtwHQzgyAR.KGy.EMUBusFKpqP1jT0wZcUtTMz4xP8uEyi','wwilliams@gmail.com','male','2016-01-26',NULL,20,17,20),(110,'1975-07-23 16:32:29.000000','2002-02-23 23:12:56.000000',57953,0,0,'Someone attack you consumer each then. Goal type too strong. Stay yes wall assume space capital.','This truth call event since alone. Paper live change in exist. Tree partner happy.','양지훈','01057407064','$2b$12$EG1.fY6IeVpoayj4.xkHeeT5mH4.MXLCdLDSGL2g8hX//FOHg83cK','riverajessica@gmail.com','female','1971-09-26',NULL,24,46,13),(111,'1973-09-10 15:09:49.000000','2005-05-24 20:42:25.000000',25218,0,0,'Expert process step that Mr report TV prepare.','Black nor type reveal pass event might growth. Investment whatever hospital.\nChair by what difficult book no. Know myself modern middle his describe. Way history here standard I help.','윤수진','01090887019','$2b$12$hr9Ej/7mHh632b/Y6ivD4uxAm2oKeElb7SeUJW88Yjsgi/THEEwsi','lutzvincent@hotmail.com','female','2008-09-08',NULL,30,50,21),(112,'1987-07-23 02:16:52.000000','2006-08-12 00:41:31.000000',89234,0,1,'Body others fine agency statement collection far stay. Rule collection few program politics.','Collection account I without meeting stand. Blue home relationship visit consumer prepare.\nOpportunity perform two in size smile. Development smile star government sometimes catch.','홍예원','01062279355','$2b$12$HWo9HCCZtHWfcP5c8p.Esu46Z12uxuPTjDrHNIyJmqi2aoFX5ohGi','tiffany86@hotmail.com','male','1998-02-26',NULL,18,62,10),(113,'1988-01-25 10:32:51.000000','2008-08-31 14:30:40.000000',41129,0,1,'Read condition on many body. Article behavior eat anything.\nWalk image Mr listen they role.','Order each blue industry. Trip newspaper at sort no center. She many production Mr contain behavior kitchen.','김병철','01028838539','$2b$12$0P9GwHd1lxKeq1zPctVveu3JhLUAu8ErYJaQae98ZuIN7ISCyW8Pm','navarrokeith@norris.com','male','2016-02-17',NULL,27,70,6),(114,'2014-08-10 15:55:04.000000','1986-03-24 07:41:05.000000',65281,1,0,'Onto western hotel eye fill deal stock. Try according free kind be land prove.','Magazine type together agree. Break suggest behavior allow line trip after kid. Here full discover store order democratic identify.','서재호','01043911894','$2b$12$CdWN3c27YwnboMUWCw8VE..3KzwU60WKnjwsVktSZLr0wrSa3sXyW','jacobdean@hobbs.com','male','2004-07-30',NULL,4,58,2),(115,'1996-12-07 17:17:39.000000','2013-06-18 07:39:36.000000',64375,0,1,'Skin quality explain force floor common idea.','Easy service guess per expect increase customer. Chair reflect operation left draw fact perform. This central we explain.','이도현','01040883485','$2b$12$InQFHLifWCnXunBl2QBtOuxJZui6ZUt.LnX7iO8USyb8Ivz2SLCW.','matthew77@hotmail.com','female','1993-08-13',NULL,14,29,6),(116,'2005-06-23 18:18:49.000000','1971-11-16 22:28:54.000000',86433,0,1,'Cell someone day draw. Main soon stand. See star practice trade year experience game.','Why rise week rest half town.\nSix social animal agree traditional. Special every business store. Event nation involve research goal impact study.','김서연','01073339354','$2b$12$vYCg5g8n3mAVvH9XmuSAXOlMkYXVala8A1FdMcY5q5IEfK56RHpw6','timothymills@mccann-pope.com','male','2006-09-06',NULL,10,14,7),(117,'1978-06-07 23:16:51.000000','1994-03-02 12:55:51.000000',99362,0,1,'Require want ball every campaign man game. Interesting director human suffer respond Republican.','Suggest about central walk different rest. Late total world live answer force. Take north laugh long.','강수빈','01075988796','$2b$12$dW393/hONdPxzhVcZXO1QOfWHaLqnHFeYIw8HwaiQx1x8QTsP7aY6','kristinpatel@yahoo.com','female','1979-08-03',NULL,10,60,23),(118,'1988-06-25 12:24:26.000000','2010-06-14 17:23:14.000000',91882,0,0,'Either home instead hair human second know school. Medical rule air wrong eight.','Receive behind suddenly. Candidate billion particular close let executive kitchen.','이도현','01077652590','$2b$12$Z6aBie5cSl4OFwZzP0mWMOMoxr9J6M.s4Zo8rJ87YkXpia8naOo.y','walterslauren@bond-bruce.com','male','2007-10-29',NULL,13,67,14),(119,'1979-07-11 15:47:33.000000','1993-06-24 00:47:43.000000',756,0,0,'Economy when off case figure. Interesting scene leg.','Stuff physical performance actually late. Clear step born home fact politics power start.\nBring space outside model.\nWay beautiful food case probably form sound.','최미숙','01016821667','$2b$12$9c8LCZNx.fzk5Qvb1p2I2.Ek93YPeSC9dKXocSP2mtKLJ5BRuZUMW','tracy15@yahoo.com','female','2004-09-16',NULL,10,23,8),(120,'2018-04-30 19:00:45.000000','1983-11-28 18:54:15.000000',73448,0,0,'Know what cold note poor work high. Never similar toward black national news.','Politics doctor ever lot early.\nChange product full worker ball against most. Minute technology focus between. Use account form from.','김정남','01010671226','$2b$12$AlZ8LEWVVmN6lIEtWt/jIu7oJbngllPmmoDefHmh0G80YqFPiv9x6','cynthia27@holden.biz','female','2018-03-18',NULL,29,33,21),(121,'1998-06-04 00:30:27.000000','2001-07-12 16:46:50.000000',38195,0,1,'Necessary possible along memory. Station medical stock claim this else produce they.','Successful every likely lose poor. Each green art north. Hundred attorney whatever hear water tax.\nInstitution major thank federal. Garden away you relate skin piece save.','이하은','01052212757','$2b$12$i1tIoKtOurn5rJ7tH.JlQejgp8V9VOPYIVcS8rwkQMhHgSrzenuFu','qblack@yahoo.com','female','1994-11-24',NULL,14,68,23),(122,'2002-11-12 00:21:27.000000','1988-02-08 15:36:59.000000',59710,0,1,'Animal better international much.\nUsually staff check role. Leg growth direction.','Number hair little sell. Military simple test on another job partner. Cover look yet stop call wear family picture.','이영일','01087718597','$2b$12$kp8Uc69MFaWDs8IUtdg2H.44hBKpy2rfTY3gwORZjK15.vUwm/a.e','jody25@collins.info','male','2000-04-11',NULL,4,60,23),(123,'2016-08-19 15:27:54.000000','1978-03-06 09:22:37.000000',20770,0,0,'Respond us such now. Dream treatment nation officer instead. Successful thousand quality.','Better election page notice. Skill concern week development under cost.\nAnother bank nature. Popular seat right price loss blue society. Heart instead yard song.\nAgreement floor player girl above.','백준서','01097816038','$2b$12$mWMnfJS3pVde/4AJgdV3xOQTHR62RfVPfQMChfYRd8hSTuH3eQROq','jennifer38@gmail.com','male','2002-01-05',NULL,7,57,13),(124,'2019-07-12 23:14:42.000000','2014-06-25 13:55:07.000000',28164,1,0,'Play drop our past forward produce. Reality college agency attention.','Similar call art sister newspaper size easy now. After main head road stand. Black executive stand picture agree interesting right treat.','김우진','01058416268','$2b$12$a7sM31SwY/eWgEHJYFFRu.hbGnPnFWPcb1CJtKSnTcCKCUUJPirXu','gabrielle51@hotmail.com','female','2008-08-18',NULL,14,21,11),(125,'1996-02-25 16:20:53.000000','1976-02-08 13:11:21.000000',48087,0,0,'Two thousand drop buy. Run responsibility take country.','Pattern real rest.\nAdd hour either after. Community you she full. Else quite measure success worker entire.','김민재','01038566193','$2b$12$sXmEYSOXOJB/GBSfYQUSKOT9Ny7976bqmbcRdDJCyiYBBvO3vNK52','william49@hughes-noble.com','female','1992-12-05',NULL,27,4,25),(126,'1983-08-27 11:58:01.000000','1999-05-06 09:47:56.000000',93481,0,0,'Spend center young from evening. Court thought make poor image serious particular.','Resource yourself yourself knowledge simple. Throughout light heavy describe. Maintain game style teacher president.','문광수','01050698163','$2b$12$mRjFJY1Mk5KjTb.BMSWKru2W6BdV56SXnF/p1QLFfKlvhkNtDA8p6','ucox@reyes.com','female','2011-03-23',NULL,8,50,24),(127,'2011-10-19 09:18:32.000000','1971-02-08 03:26:44.000000',47594,1,1,'Though traditional gun wide. Other fall answer agreement various.','Forward political young yes when. Represent doctor must accept. Keep hotel dinner. As push analysis onto official sort back.','이윤서','01026038967','$2b$12$UTIuWWXV8picyd4ffj3HQ.mY20OWWcXfO9GXzvjbOjjlE3O9279FO','manuel63@gmail.com','female','1991-04-01',NULL,28,6,24),(128,'1990-01-31 19:39:30.000000','1978-01-02 16:12:29.000000',19873,1,1,'Condition generation over glass guess agree.\nWin whose story. A weight consumer song art brother.','Off see break attack past. Next you heart cause run system without.\nEither seat week option standard same produce.\nTell tend mean.','이영희','01094685457','$2b$12$unPNyEBNwAtqGIGm86NkvOpUt7fINrzUXbXgYj9IEImwE5YaKYOs2','andrewpratt@gmail.com','female','1995-03-08',NULL,20,39,1),(129,'1980-11-27 09:12:15.000000','2000-11-10 11:09:08.000000',17862,1,1,'Fear ever set life sister stage. Yourself evidence behavior player.','Behavior ball eye couple west idea. Hear day office. Increase nearly professional tax.\nNo movement answer man resource level only. Safe apply Democrat democratic.','윤서준','01053445306','$2b$12$NDmT96SujDuY5SBRAR0ai.gJlJP4mJZ573b8jnQbcJJasuF3OlP.S','fmyers@barber.com','male','1974-02-15',NULL,12,48,24),(130,'1994-10-10 20:19:37.000000','2016-06-20 18:23:28.000000',53811,0,1,'Research senior PM suffer bed. Add by production safe none.','Final source course share at fund. Yet scientist table particular personal her skill.\nAffect voice yeah. Pass issue way.\nCourt pass performance language. Reality relate truth occur nice.','박수빈','01032688955','$2b$12$l/.AnOYOyjd4/HUInkPDuus/CgU3.7NalCZqhtTHCQ53xbVfLmV6K','scottjones@yahoo.com','male','2013-09-28',NULL,25,42,12),(131,'1980-11-19 18:08:11.000000','1976-12-21 04:47:53.000000',84321,1,1,'Month nation create leader. Why table inside local just. Scientist great section want room.','Affect everything movie so identify heart design. Ever reflect suffer sort. Buy majority wall recent own ability establish.','장민준','01058141565','$2b$12$NHfhffb0.n8SCyt8CbwaYuilJnoQ2DOAIPdH09u2.kmEvkczyCXgC','camposvictoria@yahoo.com','female','1998-09-29',NULL,9,25,18),(132,'2021-07-16 19:43:40.000000','1986-03-10 03:18:27.000000',62563,1,1,'Protect cover beyond space financial defense program. Thousand science risk analysis truth just.','Pay treat college again. Sit doctor how race yourself yet pressure peace.\nProduction traditional similar get open computer. Power improve seat center. Example chair simply security.','서민서','01013151340','$2b$12$2YQqOXGiE66QSemmb84Z3u6fuPb4uQGjUWXrLDy/1eU3ryOhss8nu','greg55@moreno.net','male','1979-04-04',NULL,22,41,16),(133,'1982-01-19 19:26:51.000000','1991-04-08 23:24:48.000000',86039,0,1,'Station certain parent available effect safe. Industry dog several catch song wait.','Traditional pass any prepare. Toward product husband blood.\nTake no leg always ok understand. Collection plant he style.','김상철','01097221840','$2b$12$2qW6gP1hUzkVOZAc/vowEO2lc79EcTyB0UzIedvTBsTNsl7bvk6i2','hensleyrobert@yahoo.com','male','2005-02-01',NULL,2,14,12),(134,'2001-08-10 16:39:36.000000','1983-08-31 21:03:46.000000',98051,0,1,'Film place against recently peace. Realize daughter until partner.','Here development situation speak they everyone. Technology animal always financial rock.','박시우','01061959827','$2b$12$ONnUipWnwv2r7IsSgUOm8O8FZH5IicJ.ahOjNRRolTTGw.5mAU/AC','brent30@cameron.com','female','1985-07-25',NULL,9,42,13),(135,'2000-07-28 21:16:04.000000','1972-10-17 02:54:24.000000',70155,0,0,'Nature stand low. Son large easy west grow modern. Note former suggest note arrive.','Especially oil five sport ahead. Price discuss senior project military set represent friend.','박은주','01019907035','$2b$12$YIwV0k1x1A07yh41aGKl1uaT6eB2596b0FbHkHj2oN3cGpXMbPGxe','emorrow@garza-huffman.com','female','1974-12-16',NULL,28,45,23),(136,'1981-04-03 18:03:43.000000','2009-07-09 08:45:57.000000',18333,1,0,'Challenge close operation talk able whatever. Set each these production tend same final.','Safe person movie our window. Stock decision too century affect suddenly type.\nArticle reveal front radio rest as. Key after debate up big help.','이예은','01018774462','$2b$12$MkyVDmzUVKvt05OiL.WXIOW0in7Yi8ZmQntnVtmbXWr.rzJ55wFHe','barbara03@hotmail.com','male','1977-12-06',NULL,8,29,1),(137,'2003-06-24 04:15:02.000000','2003-10-20 14:47:32.000000',24290,0,1,'Turn policy vote miss player. Manage think hand factor. Place rich throw where class represent use.','Identify instead relationship hit street protect. Fly ready provide reveal foot collection step. Ability argue play population risk recognize.','이동현','01038317180','$2b$12$tXkwc6bqmYBxYzBqYbljVO0zKML0lAFez3IC7qwg3CIA0GK.ZJ4Ki','harmonpatricia@weber.com','male','1996-07-04',NULL,3,14,14),(138,'2009-07-02 06:57:21.000000','2013-08-24 11:47:48.000000',25551,1,1,'Conference goal unit service officer visit dog. Need home baby.','Drop door situation hotel everyone call production. Man hit themselves mention quite however force resource.\nHeavy customer tax agreement. Information less hot partner camera stop.','최서연','01050993162','$2b$12$okaMqj7n3J01eTfMGB7w6uvLA2.s/xOGugkeCiiTTzdkr2STeUgZm','stephenpeterson@hotmail.com','female','1992-01-25',NULL,1,61,7),(139,'1971-06-17 22:20:26.000000','2013-09-23 09:08:41.000000',77001,1,0,'Wide realize thank factor how also. Treat management east wall. Despite man total than in.','Friend almost like happen. Teacher be culture site Congress. Professor much myself money hundred similar peace.\nOnce institution onto. Firm travel national. Think protect assume cold million market.','김지후','01062702761','$2b$12$PYorqnUh1Kz224L92gl4je5I84hdQnuukh1yILQJCwHJZimzE4pR6','djenkins@hotmail.com','female','1991-12-13',NULL,22,38,12),(140,'2005-09-04 16:26:09.000000','2003-08-18 14:07:54.000000',83534,0,1,'Enough now that. War develop effect president.','Drug before that young possible subject way picture. Whom throughout say cell quite four.\nNational simply type product Republican least. Trade whole yeah call throughout school.','김상훈','01016414529','$2b$12$MzYcN2vqXZk.6XWeoxBsI.UBcZNzeh8KvpKo8yGp.f31jWK8PXA9q','nicolevargas@hotmail.com','male','1990-09-26',NULL,30,49,20),(141,'2017-05-16 02:50:46.000000','2001-09-28 08:49:04.000000',14453,1,0,'Manage administration appear change star down four. Floor president rate. Common thought road.','Law standard shoulder fast discussion. Enter miss fight southern.\nQuickly full discussion across letter. Over body pick bit military. Place necessary eight change hit true.\nNor or goal important.','김재호','01047366438','$2b$12$1s8JHyOiKXQMEyosBwehreKr1asDrquQ9EnqxxPomrPJGuciZmGMu','ashley27@kelly.net','male','2018-03-05',NULL,19,13,23),(142,'2005-05-05 15:45:25.000000','1970-11-01 21:00:55.000000',65486,1,1,'Example authority final sound reach key hold. Huge nothing west all.','Present population produce because face author. Hold although example buy style whole way north. Throughout three interest society. Movie work national here.','장채원','01061085971','$2b$12$Laz.spIQuYcqwVBEnn9YHe8kWd4isreYUfeJofSq5liLedACdbrGO','wilsoncheryl@lynch.com','male','2015-04-15',NULL,14,23,4),(143,'1970-09-02 12:39:55.000000','1984-10-02 03:18:39.000000',17107,1,1,'Both act none spend different return foot. Computer act reflect suggest natural huge.','Character news region spring. Century care amount approach. Animal catch too fight.\nSing weight product opportunity case woman black. Sense environment stop rest fast. Walk rock six offer gun.','손지혜','01047109893','$2b$12$YQc6TGgl0/kaCzJwi08p5O5VekGGLtAXdgjy4W6oO/PaTeSxz4ezu','stevenslaura@price.com','female','1976-03-30',NULL,21,36,14),(144,'1975-10-13 06:00:27.000000','1982-03-18 18:01:29.000000',65537,1,0,'Discussion give degree hospital represent lose this throw. Part hundred field as.','Particular despite evidence recognize dog agent grow. Four no plant ball here as thank. Spend clearly skill most drug difficult month born.\nDefense probably process hit.','양승현','01052314351','$2b$12$OavNvt6aUkSyECML8wmaqeohkfCkRvpE2PO149g004gTBs8Cs0Go.','brett85@hotmail.com','female','2011-12-03',NULL,30,9,13),(145,'1991-07-23 06:57:36.000000','1990-08-11 16:42:06.000000',1350,1,0,'Far strategy several how school. Phone car man ever sign.','Long some order career truth wish of. Customer back ever experience staff. Rather indicate key tell well.\nLive dog cell time. Among think measure possible travel.','전민준','01071388312','$2b$12$J.6vq3fMoSrZbZouEKypl.PmPnGrwClSJZ5xFUx.24/V9Y5T.dZ36','aaron95@murphy.com','female','1980-08-04',NULL,22,59,6),(146,'1995-05-18 08:52:30.000000','2016-10-14 16:05:54.000000',81768,0,0,'You be special safe police health. Rest action current place. Identify hold imagine future.','Treat how somebody method direction. Above mean system recognize.','이경자','01082584811','$2b$12$DDiIoskrqTRXVElCUK8ze.1eHgiId7ErB1AbCAaD9xqNO8puSvJhy','qwong@yahoo.com','male','2008-05-14',NULL,10,61,23),(147,'1997-11-20 09:01:04.000000','1991-11-13 21:53:00.000000',81300,1,1,'Development huge recent large style type less under. Audience stay fast town organization season.','Live long floor style ago how note listen. Population possible your piece.\nCampaign step building. Law serve put wear. Two charge moment process must.','김주원','01062792092','$2b$12$b72CYbC3hx7T8fJRzIZq7OWJnKpVMhESRahwq7TATBm2lZYB8N3hm','gardnercurtis@gmail.com','male','1985-11-16',NULL,17,64,24),(148,'1978-05-24 13:30:15.000000','2007-04-30 08:13:46.000000',20892,1,1,'Else cost us end open. Little interview too.','Full claim situation church Mr event. Agree throw natural southern system exist. Particularly between oil public.','김지민','01042967491','$2b$12$cA2f/N.39/u89NmAEK.Ea.rr.v/xvoO2bZKp7EQGZHoUR983cNQyW','kristin71@hotmail.com','male','1975-03-17',NULL,28,32,8),(149,'2020-12-29 16:25:26.000000','1985-12-04 17:01:56.000000',91405,0,1,'Discuss music stay choice occur. Who wall through on small rather.','Way and impact.\nWhom throughout can institution health pick such. Daughter little operation.\nDrug adult candidate Congress necessary.\nCertainly station prove rate radio.','배은경','01090991385','$2b$12$k18i.njNfk6MySQtHOqVHet28aRTJpBbAH4xL4g07Du6gbuVkLlSC','zterrell@yahoo.com','female','1998-02-26',NULL,18,26,25),(150,'2000-01-12 10:06:45.000000','2007-07-24 20:48:46.000000',64076,0,0,'Sing pressure choose son system.','Piece customer wind center experience least coach. Wait hundred interesting community wrong follow.\nWhich condition very. Force hot positive market.','김은지','01081856506','$2b$12$MALUlbOL0wjo4FgQc4CWE.wCGxfWnhHpz.iamwPlmLagiNkVll2Rm','eugene29@yahoo.com','male','1986-09-23',NULL,1,70,5),(151,'2004-03-14 13:08:01.000000','1985-01-19 20:55:23.000000',35297,1,1,'Inside act situation million budget quickly lead risk. Fund week to. Film suggest new style.','Child after but loss. Rule church boy would site market themselves. Rate common reason simple item color school.','김영철','01052935888','$2b$12$J1vfYpLWl9gmXq5siV52K.pyKF2S2gY2ykDwJAMTgPMRJCM/lbinm','manndanielle@hicks-turner.com','female','2011-11-10',NULL,6,66,10),(152,'1972-05-04 13:28:52.000000','1992-04-09 18:00:30.000000',18240,1,0,'If computer build wall trial without.','Keep yet mission write radio three. Want reduce note. Population skin my sound him force debate fine. Sign reveal at measure entire couple opportunity.','양준서','01053064498','$2b$12$hXB/JO/WRKFj8Go8Hi2qrelzwgwakrgJ85Rv.pOJ2bAZj4GBub782','kyle36@myers.com','female','2007-04-02',NULL,15,48,16),(153,'2007-03-27 18:02:44.000000','2008-09-15 14:09:44.000000',43985,1,1,'Open agent receive. Bar our quality see.','Watch officer response cover describe attorney.\nTv local continue culture eight accept today. Worker culture authority value seem exactly somebody. Special space a PM still.','김영수','01026402856','$2b$12$wjmY4ma.U13W1uY5r6.HOemHDbL1KQZ7W8YpA8tVo5I84VUhILSla','garciadarrell@norton.biz','male','2012-11-03',NULL,27,8,19),(154,'1995-01-02 04:53:31.000000','1976-09-08 21:21:58.000000',17931,1,0,'Usually audience three card film across much. Themselves model rich morning culture.','Computer least result wind Mr sense. Name meeting relate movie throughout. Fill or born cold technology movie.\nNetwork win occur miss painting laugh throw. Recent garden value over lead section most.','안은주','01038539319','$2b$12$Kl3Jca0LvdkopuuTkSvzXuaHyhYmpsftQI07QIHWHirWxsueWi5OO','travisgreene@carter-turner.org','female','2018-01-09',NULL,13,48,18),(155,'2019-03-06 22:37:00.000000','2017-02-15 11:21:41.000000',58677,1,0,'Animal whole race our. Throw age painting size Mr.','Cultural suddenly Mr act board. Democratic may however design husband.\nWind very same ahead. Somebody receive smile game with. Event world describe nation skin politics far.','김재호','01087978482','$2b$12$JoPxczovbZDeCbUUmXs8v.z6vxxWKi384k1eT0TBfSDuBJpVnrHam','nancy71@bennett.com','male','2007-04-01',NULL,3,35,18),(156,'1992-01-22 03:08:38.000000','1975-06-26 22:03:07.000000',60777,1,0,'First support role idea than. Fall build admit interview send rise likely.\nNow until who sort.','Hospital sit perform ok out beat name. Street former than marriage professor prevent. Both suffer where discuss country might themselves develop.','박건우','01086316265','$2b$12$C20BvkX7dop6Bc6TjwD.a.qCbdrgOmFTMpIjmSvRTfhEQPA4sSY8S','tonystout@yahoo.com','male','2020-12-09',NULL,26,74,21),(157,'2013-04-15 16:03:24.000000','1982-12-23 04:39:19.000000',91906,1,0,'Officer military learn move opportunity.\nLine agree produce deep ball. Story instead able.','These friend nature late face world. Vote hair environmental budget.\nAgo short sit customer nor. Policy order machine land indicate stage late bad.','박민수','01082298269','$2b$12$c3D2RutI8d3FhHXhnNTK8uth/Z9Ho7gO37.MDWbZBhn/pRaq2Fpg6','michael39@hotmail.com','female','2017-01-31',NULL,17,56,7),(158,'1978-02-15 08:02:34.000000','2015-10-18 14:35:51.000000',40215,1,1,'Maybe young the. Without challenge list. Role candidate third indicate.','Set structure item arm policy process. Far before my full. Dream allow actually red Democrat marriage property why.\nNorth deal traditional develop current like food. Appear never car win.','황성진','01091732320','$2b$12$R5hibIlRZ6yfh.Owb2j6HO7331g9AAeZXhBzdCOM0ozhc1a2ioJvC','martinezelizabeth@gmail.com','female','2007-11-05',NULL,14,70,24),(159,'1997-08-08 21:30:46.000000','1994-01-01 13:57:42.000000',98848,1,1,'Identify step hard continue win environment like. Affect go themselves both father.','We simple her eight. Financial much store five player available. Base offer upon.','배예은','01089127122','$2b$12$1b7IFvoe4eAP9Ccx6QY8ruY8bZKfHfwrUnQ5k3YMAfHcoQNBz7tcC','martin09@hotmail.com','female','1994-05-20',NULL,21,25,12),(160,'2008-07-15 03:55:44.000000','2009-11-12 10:42:30.000000',41904,0,0,'Amount ability yard bit above after thousand. Street Democrat culture two.','Stay concern very movement food.\nRelate cut course nice. Address wonder tax win over give.','이지연','01076489922','$2b$12$J0Z8WNyWX5plnY5Ydb2KEu6dnp/eHsq4P766WrL2YRLqJ9O7aXGjS','ymoody@peters-hogan.com','female','1983-06-18',NULL,25,11,9),(161,'2003-05-20 06:33:47.000000','2010-11-01 08:03:42.000000',61179,1,0,'Building receive so style. Notice approach interest yes occur available.','Executive base popular southern appear will cold. Throughout able because employee. Finish field visit each.','이현준','01025531387','$2b$12$x982nutALkl1fJBYA4fNl.R6F/xXGLtdeO9UK4FLUk7cDOdbD.NUG','owenscarl@harvey.com','male','2012-05-20',NULL,10,8,24),(162,'1974-05-17 10:24:58.000000','2011-12-27 21:55:34.000000',58922,0,1,'Hear way PM matter yet over. Surface despite contain Republican try everybody last win.','Today oil traditional official human decide rather. Hear minute well small become message. Name board many five individual.','김민서','01018187057','$2b$12$MGdDrTA9sy0WIbXys7fcu.vtEsZRfHMDRq0.m9nODLIc6d/qnBb..','elaine49@mcmillan.net','male','1972-11-13',NULL,14,67,15),(163,'2020-04-23 21:50:01.000000','1983-10-25 14:12:53.000000',372,1,0,'Last food one spring south become. Magazine me baby make truth per sit why.','Weight moment traditional wife account attention daughter. Voice order ago evidence necessary blue.','송경희','01074762906','$2b$12$D.AkLJtIfDFSIVwEttfWb.ZNlF859AE7kalTKSTFArKZPZ6w.k6Sy','rramos@riley.com','female','2020-11-28',NULL,25,42,2),(164,'2004-06-15 04:30:16.000000','1987-04-17 08:33:52.000000',15161,0,1,'Brother scientist police them matter generation by. Beyond moment energy risk cup admit very.','Miss item none question democratic several. Spring owner answer inside different discussion plan specific.\nWorker shake government. Design visit push action hope allow. Police vote improve TV.','황숙자','01052622776','$2b$12$ZZHnZkAIYhu6SQGGI9fDAuFa5MCRXxzd9mOxuhFxfX1KKtQM8s.ma','maldonadojoann@sims.info','female','1999-12-23',NULL,6,71,14),(165,'1994-09-29 08:24:48.000000','1974-11-03 19:52:20.000000',85086,0,0,'Market our relate care seek church. Development him price chair TV take spring.','Machine finish game remember record drive boy TV. Natural usually way forward keep. Guess carry letter machine notice develop admit.\nWhite her miss perform. Leg sport car miss also but thousand.','이성현','01031969681','$2b$12$u.aCOsGLLI3cT7qFsc0iueUslry10ylzwt0zjMpGqvh.gKnWMhW/S','elizabeth04@hotmail.com','male','1971-10-18',NULL,28,23,5),(166,'1991-02-16 19:42:13.000000','1994-08-02 23:45:11.000000',98341,0,1,'Weight nice thousand girl resource deep campaign. Lose hit yeah not one PM add.','Discover great any only tree. Listen gun media actually yourself. Teacher purpose hair rock too often individual.','김상호','01095211811','$2b$12$i2k4JcnkNSTT3gE9UcsRYeinaMna9MXHR4M9lvZXx1UwKz4v03iti','diane23@lopez.com','female','1997-07-10',NULL,27,13,5),(167,'1975-01-19 00:43:21.000000','1977-07-17 01:43:14.000000',35614,1,1,'Structure guess throughout six. Plan much they year.','Nothing that technology. Religious get husband of them. Pressure result water pick.\nChair range condition five choose particular indeed. Section film economic door action finally.','김상철','01097993901','$2b$12$Dlz0lHDDZkvfmoFNhLofUOcy.zI0QS2ZubXhrjVxHtY0picIq5oeS','cdavidson@stewart.com','female','1990-01-14',NULL,27,39,12),(168,'1977-06-20 02:11:02.000000','2017-11-10 05:37:01.000000',82912,1,0,'Have often run analysis friend short.\nFour conference bed catch former them.','Performance enter stock wonder summer buy. Station walk industry rate money seem.','이지영','01038599871','$2b$12$MSj4UhllUpBYNg1T4Ff0bO8uGj78rS9hu8lWMa7.XFu3ewG5PacVi','susan35@meyer.com','male','1987-11-08',NULL,2,26,3),(169,'2015-07-11 02:25:49.000000','1998-12-16 09:07:38.000000',40263,0,0,'Line through market speech country question. Charge give scene wonder voice teach.','Guy film evidence Republican career. Use inside write if. Film old last seat like.\nEnergy glass probably wonder above rate seem.\nSurface court moment it response century. Success deep employee bar.','강승민','01066827869','$2b$12$bJ3ymtPTtmYUJnyZC.uRxu3VV/IBhd1jOevH/s9u/4dtKUDVxg752','leslie14@shaw-english.com','male','2009-04-07',NULL,29,27,23),(170,'2003-10-19 00:29:40.000000','2002-08-01 14:38:57.000000',22834,0,0,'Imagine back teacher significant too world. Free kitchen could class describe perform memory.','Interesting order focus reveal argue animal. Catch start federal next step rather drive. However tonight single fish worker. Whole season other.\nDiscover ok for road. Language shake quickly.','권예지','01089239724','$2b$12$skZ0FS4xngi35j8MUJ3FpuiIB9QUSaB8FDv0o6Yjep32LtrB9Trhu','beltraneric@scott-lynch.com','male','1992-07-15',NULL,25,69,17),(171,'1977-12-28 09:38:38.000000','1997-12-02 18:18:12.000000',81679,0,1,'Board my change cultural no hotel.\nProve technology current now. Factor strategy PM alone.','Outside often mind. Media never exist rock edge including. Local time claim house.\nHouse bag heart computer physical. Show spend job station ready wide bed. Finally land practice medical.','손민서','01081436108','$2b$12$347xJLe4R9siMpZHDdD3zuNA81lMEpetYuqVpBful23uPJJbTfj66','paul01@alvarado.com','female','2018-08-16',NULL,26,20,16),(172,'2006-12-27 07:30:41.000000','2000-12-17 17:57:18.000000',58248,0,0,'Paper kind crime condition sure bill wind. Five house bar least long customer many.','Born day next always. Listen agency enjoy official. Whose same let work whatever none.\nPerson minute friend onto laugh.','배민지','01015074501','$2b$12$oM6CsnRiRbGAbnv4Fk6abuOi13XZlUxZTA9sijv43Ujbl4JP2JQV2','mgonzalez@yahoo.com','male','1998-04-09',NULL,7,2,15),(173,'2011-08-18 23:21:44.000000','2018-10-23 06:50:37.000000',78167,1,0,'Create car role appear. Develop claim politics appear. Boy physical western girl stuff poor speak.','Poor stock cause wait. After food letter small represent investment recently.\nSee child particularly wonder. Official why station lose child nature land.','김수빈','01025087372','$2b$12$4zyx.AgReo1lM2JI2znjgeRKnMUgePow.BKrZbRb8D4yVRSVMApK6','briangutierrez@gmail.com','male','2003-04-07',NULL,7,6,9),(174,'2005-09-14 20:24:12.000000','1995-12-14 21:28:56.000000',77988,1,1,'Push somebody style recent. With program or.','On we to how debate either include. Pull information fill service service.\nScene education drop view.','김준호','01062114419','$2b$12$R.jeGqf3E9wIJqDs5lhvs.hLSBRMZEMhLLed7lNvW0FPp5xb1hahu','lisaramirez@gmail.com','female','1988-09-24',NULL,20,12,17),(175,'1978-12-04 19:05:55.000000','2005-12-22 04:58:54.000000',77437,0,1,'Play fish table prepare.','There tough make occur. Sing sport from mother green.\nThink middle great. Space fall another. Form prepare involve product alone.\nTen risk attorney paper stuff notice. Lawyer attorney service.','백지영','01064616689','$2b$12$aoLVegzjSyNWCLUhGNuG2OClGNj6A4OY3jaBS1aXZcDRRb/cWlYU.','stephenwheeler@hotmail.com','female','1984-12-13',NULL,21,52,1),(176,'2012-12-26 08:18:06.000000','1990-10-04 03:49:30.000000',60357,1,1,'Who second reduce see evening people. Decision effect bar close exactly student hour party.','Capital wrong time feel Republican behind. Tough third visit.\nMe major look floor respond whom. Mother reach successful fear when fast society. Brother report or up heavy hot because.','김미정','01084819287','$2b$12$JhmMbiHlKgnE/zjaIGeT7ufcH5W6CJVYiDNqnohNiX/xoK/F39wrS','fordmatthew@nicholson.info','male','1977-05-17',NULL,29,29,22),(177,'2002-10-01 23:14:13.000000','1999-08-09 07:24:21.000000',98691,0,1,'Long college while his whom energy draw enjoy. Huge whom public any upon.','Tree need growth. Store like month civil care small. Head process identify read simply bill.\nNews Mrs five game. Professor partner season buy.','김영길','01076627094','$2b$12$wkoIR/v8ET/5QaH3aZce3ONUNFTBY5uMNp6WHBv2RdiI1Wbk/DnVO','dball@hotmail.com','male','1978-01-23',NULL,9,1,4),(178,'1987-07-25 19:57:56.000000','1983-02-18 04:58:49.000000',37907,0,0,'Democratic out lose than able citizen.','North doctor peace forward couple piece. Whose theory about agency friend professional to exactly.','백정수','01056725700','$2b$12$HaBvSIOh0weinMSdgq8U9eSWTbzO1gHeVW.6LgkOzfpYCHepmMBbe','stonehannah@delgado.com','male','2019-06-29',NULL,0,48,16),(179,'2009-03-20 13:47:19.000000','2005-09-07 06:32:41.000000',1486,1,1,'Boy camera answer in. Certain similar more society trouble. Sound guess view wish.','At our piece others need expert. Herself want writer happy growth. Friend understand success them perform knowledge fact.','이정자','01047556488','$2b$12$snxj7dwc25bWq1LMXY/vkuxdv9NSH9HvAjiv0tokPQe9YBIYDhv7O','alexanderholden@yahoo.com','female','2017-11-18',NULL,3,17,23),(180,'1976-05-30 00:16:27.000000','2012-08-14 16:39:08.000000',82382,0,0,'Board simple fly tree. History without themselves during anyone a. Share every deep.','Whether call sort because letter leader show either. Through letter management. Age clear approach cup particularly create century much.','노진호','01020339199','$2b$12$lQKamqvSy8vDSmBR4XAMRO6iFP3cU8AEPd1dBABq9BA5c8HYIVuR2','annawilson@yahoo.com','female','1994-07-14',NULL,11,55,5),(181,'1978-02-03 02:14:56.000000','1990-09-28 19:23:46.000000',21394,1,0,'Want speech read. By contain TV star professor wide.','Southern Congress myself war throw along wish author. Sound because city animal start once movement. Tv left son rule use test.','이병철','01084091696','$2b$12$oQupC9LHudk.WW6FdED21.NE80t7dNVTEuk4o4HSx6dNUPJZD9LVS','osullivan@smith.org','female','1995-11-09',NULL,9,53,14),(182,'1976-08-19 07:35:53.000000','1980-04-18 05:14:22.000000',42737,1,1,'Student site modern security away finally. Purpose like including election.','Computer have firm great lose stand me. Tend within family someone blue wear.\nSeries myself thing project. Board mind thing can clearly. None some security shoulder kind writer together.','백영희','01069179209','$2b$12$wmLS1p8jDRRct6sV6NHGeekHB.T.wt/YsCw7apqScHU/gU78jF2BC','amber29@gmail.com','male','1984-07-20',NULL,16,12,10),(183,'1998-04-19 17:37:09.000000','1986-01-29 19:16:51.000000',58730,0,1,'Big surface big wall suffer check concern run.','Source tough view rather class name most type. Address growth after number call.\nParty example want military. Plant hour factor think network while.','김은정','01059805193','$2b$12$Edg916l5o8flTG2A96IuOu.NWvdbbqaPLmAS2YiYP7ArCoG4unsZ.','smithjerry@turner.biz','female','1970-05-31',NULL,12,70,9),(184,'1973-03-12 09:24:09.000000','2016-01-10 12:40:23.000000',18984,1,1,'Thing red week light feel specific common. Difficult measure laugh serve brother though race.','Remain research arm thousand. Natural eight girl probably late.\nFirst care husband consider form. Although hope financial.','이서준','01088309054','$2b$12$PB3uAGjldeapOCmonUuzReXUNTImhV1lbsoYwjXHtFPwzLdeC6OTq','zfletcher@yahoo.com','female','1999-12-15',NULL,23,37,3),(185,'1990-01-20 19:46:03.000000','1983-02-01 08:33:48.000000',98651,0,0,'Natural together from certainly probably light. Including rather west natural voice itself more.','Specific store person statement control machine. Week attorney relationship apply. Free team relate eight people outside a.\nBlue ten difference analysis. Recognize factor certain professor.','양지원','01099052160','$2b$12$xZqPztRwtM48.5BKCiTSjeKWUea1q.dcDk7fGwWPn8WVAtINe4aL2','pottswilliam@sutton-townsend.com','male','2015-04-22',NULL,12,41,17),(186,'1975-04-04 07:27:07.000000','1984-10-18 01:21:39.000000',77358,1,0,'Expert nothing move wind eye goal positive. Miss detail ago all receive way drug.','Difference share way actually also peace local. Base attorney design office color born arrive.\nEat campaign anyone rate value size address.','이은정','01011811834','$2b$12$jhhvKXzs4smxilspjM3Y6eBIaSm1/4fqmuyoseD1.YJLJFyejpY2i','kathleenjennings@gmail.com','male','1990-11-08',NULL,23,20,9),(187,'1991-03-23 14:51:45.000000','1992-10-08 00:21:45.000000',12716,0,0,'Especially huge chance us. Group difficult surface former report scientist significant shake.','Type network number far listen model commercial. Vote research police knowledge management toward billion know. Consider garden quality foot amount later show.\nReduce he about chance cut.','이정수','01084214115','$2b$12$3656LbshpcQeCeA3RW371.YPG8t2CICT/H5ejRW.7dC..leIMZ4oC','maria33@yahoo.com','female','1990-01-14',NULL,12,4,24),(188,'2003-10-28 01:52:21.000000','2018-03-15 20:31:16.000000',7884,0,1,'Listen small brother student probably spend tonight. Out make blue grow hundred better.','Animal provide the prevent relate news.\nNot far produce citizen media perhaps born. Model the laugh town high treatment.\nWide thousand federal hotel strategy full. Help born special.','강영미','01081213926','$2b$12$94hcrv3qZAh5/vaoxv74FuXLhZjZnxvmobNzBk37zcqghlULqQxK2','suzannejordan@torres.net','female','2003-07-01',NULL,24,6,9),(189,'1973-08-21 09:25:08.000000','1990-01-13 10:13:38.000000',72933,1,0,'Away girl second. Single tree sign stand hospital purpose.','Perhaps these program page sort tough. Each subject woman listen window society religious. Care tax us.\nEstablish leave interest on project. Education visit almost.','류정호','01088055027','$2b$12$xc5pZwl/cxAsV4SGIZQbp.2cNSc6AKgiXRIXuNVKu9yB14WiemQLW','ethan68@campbell-jimenez.com','female','1997-09-21',NULL,15,50,18),(190,'2001-02-18 03:31:50.000000','1999-06-01 03:28:59.000000',74922,0,1,'Technology position interesting speak positive. White leader film really.','Own job accept own. Party force foreign none suffer. People sign even gas.\nTend same organization sure. Understand daughter early pick picture write.','이하은','01057174446','$2b$12$trxbDsBM.jUelXunKN8J8ul/gNGQd9nj86Uyin.c/FgQBlg5qsOea','jody27@hotmail.com','male','2015-05-06',NULL,7,28,10),(191,'2001-10-29 14:13:58.000000','1974-11-10 16:22:56.000000',76804,1,0,'Get whose soldier size born across wrong leg. Another bit air experience she.','Son us guess must student. Couple reduce member. Drug note three section peace country something space.\nSingle student market. Begin this other similar.\nExist quality fly begin PM worker whatever.','송정숙','01054091621','$2b$12$0YjRjB5cW6jhptyhoPOXcewkbmk9m.k.GN9bqKEyEesqo.mmyrJ8i','james91@hill-johnson.com','female','1993-01-24',NULL,29,9,17),(192,'1990-07-24 13:04:01.000000','2006-05-08 13:02:05.000000',24822,1,0,'Entire must again name add. Tree close direction sell expect agreement. Fall by page every.','Nothing turn show message mother he. Us item into floor miss health apply. Reason commercial truth together one.\nSort me white begin. Foot finish special receive sing boy traditional.','손영미','01041163177','$2b$12$chiHfJPgm7R5o6cNpejkq.kWhNEjs/04HwssV1hdzx7Ozc7OZh/Wa','yangryan@collins-figueroa.com','female','2010-05-18',NULL,11,55,10),(193,'1980-08-25 06:54:31.000000','2012-02-15 14:31:35.000000',52520,0,0,'Time inside production population.','Deep me bit. Leader ground bank put book again budget. Especially hand leg there western plant.','김현우','01069391538','$2b$12$pQWehWekHCCKf6ohTv1bB.nbENHJiXP4THsy2yRcOrjVrIYFib9ly','jacqueline96@hotmail.com','female','2015-01-22',NULL,17,6,4),(194,'2011-05-21 01:53:15.000000','2001-08-02 09:59:46.000000',6521,1,1,'Capital language election such local. Discuss chair world type.','She throughout capital put participant perhaps light two. Opportunity nation traditional condition.','김예준','01037592796','$2b$12$oMjsPVz.wPiJ6ds9TPlOVOm4kvB9roAbek3SaRsbL7foBf7E9x7Ja','michaelprice@gmail.com','female','2001-11-19',NULL,24,72,17),(195,'2021-06-12 22:21:46.000000','2018-03-07 20:05:48.000000',42347,1,1,'South meeting single with. Detail goal successful society have blue character.','Lot thing determine name yes decision. Sing simple American subject.\nAlso political owner yourself. Child wear difficult force what begin.\nProduce keep give. Anyone rate become son.','문미영','01040748655','$2b$12$m39ifhNzNSyj2iw//LQ3ResnpyX2Q9OGnibl39eUOuXdsS9Qge69C','billyjones@gmail.com','female','1976-04-15',NULL,6,71,7),(196,'1987-03-19 10:12:14.000000','2008-07-13 01:29:26.000000',38608,1,1,'Interest choice box. President clear gas same wide data career seem.','See house usually figure either. Particularly people moment also shake art call full.\nCourt suggest manager safe various get. Crime street official much everything occur animal.','최순옥','01060853145','$2b$12$sne99/zIYYzebJXj6nNebelTSmcGV7Gh4lDkiQphUc2airjYdfWl.','marissa11@gmail.com','female','1990-01-12',NULL,25,44,11),(197,'1987-06-20 03:59:16.000000','2020-11-04 15:50:00.000000',20229,0,0,'Benefit weight Mrs nature discover plan. What design exist hope interesting player.','Relate year minute act be. Current sort traditional whether attorney. Talk detail offer loss already fish season home.','박예준','01017504663','$2b$12$NJ93US3wf/zNWWb0ASBmPu8RByA3AtBnmCNyuIYwLx4LwFg.kKGcC','jhoffman@hotmail.com','female','1982-07-07',NULL,17,8,13),(198,'2015-08-25 13:06:08.000000','2006-05-08 11:47:45.000000',10487,0,1,'Baby design lay to quite sell. Pick bit present. Pull behind large church help dream deal.','Mother even including main right. Concern interest couple himself eight office certain edge.\nDecide close door natural realize. Cover expert beautiful. Indeed mouth land both mission city long read.','이성호','01013801668','$2b$12$OpWno6P4b9Ko7lFPv9IX3OxsJPueILvM9KosCIo8PmHwjNDoUlAne','freemancatherine@gmail.com','male','2007-11-30',NULL,29,34,7),(199,'2019-06-18 22:36:57.000000','1984-04-05 17:01:19.000000',97113,1,0,'Itself allow usually. Rise upon tough home. Grow bag could manage few weight before.','Wait imagine month loss summer police. Political market everybody democratic again brother vote.\nTask clearly house size value reveal wall main. Draw modern thank authority.','박광수','01053253256','$2b$12$nErdkuQ2w3tBoeHEu.rdkuC5cbLiMXQMdm06QnwEK7jGYRvQlOAnK','zrodriguez@arnold-brennan.com','female','1992-07-26',NULL,15,64,23),(200,'2015-09-28 01:25:04.000000','1984-03-30 16:30:20.000000',33,1,0,'Night toward none. Girl Mrs civil south want mouth parent. Take decade dark agency.','Different rule may hotel girl teacher list space. Leave mention about town five south voice.\nMeet believe woman goal huge. Position evidence lot follow seem power.','이서준','01081597038','$2b$12$W/7Dp79fdUztzBlBmJx8ru0jMSNxuke1G6TnN7VMeS1cuGxM38FVO','uwebb@brooks.net','male','2011-10-20',NULL,21,62,12),(201,'2002-09-26 08:55:31.000000','1991-09-23 19:56:18.000000',64274,0,0,'Top just wear season. Enjoy third stand assume. Ask century alone.','Study husband structure its few talk firm. Word simply discuss green.\nBlue throughout age. Grow stay inside. Recognize two hope official environment yard career.','이승민','01024594106','$2b$12$Yqr0o5hqYa5JVzWv0I1ZbevaRmuHL/4Lc0JpkvT9vK22ndFXoJs2m','brianadeleon@hotmail.com','female','2014-04-23',NULL,10,29,22),(202,'1976-04-29 06:35:23.000000','2013-04-13 10:00:06.000000',17337,0,0,'Focus get national executive dark husband avoid. Ready which guess truth about.','Trial plan painting city popular enter. Law explain concern court. Parent while really city born ground but well.','황정남','01066056094','$2b$12$kKA6qfv9brtpiDCiy9IztOIIpTVsO6JvdBtlG9XyIkIT0zFgyUv3K','kcruz@gmail.com','female','1993-06-10',NULL,26,21,24),(203,'2017-05-15 21:00:34.000000','1990-06-23 17:38:14.000000',1108,1,0,'Firm again degree relate. Dinner article manager president.','Green purpose civil key upon. Follow ever wonder painting.\nBuilding collection shake. Quickly term stop ever. Early free mean find physical. Beautiful federal ground event pass establish turn.','류성진','01055267867','$2b$12$G2RNCfpoHd7nG35Wu7YimedJLoRfw4DGz5p7ucEB53TzeFntIbHGC','jack92@howard.org','male','1997-02-11',NULL,4,7,17),(204,'1994-01-29 13:29:04.000000','1982-11-19 01:47:37.000000',73894,1,0,'Phone share or well lose. Agreement carry foreign summer hot.','At cost there hear through. Course require compare.\nAllow newspaper ever. Door task administration material follow night.\nSit minute all. Society argue Mrs other.','우재호','01068854893','$2b$12$oQYGs9sZIbOINXE0XDmfw.sY.N.e0oyFnrIQFWe5/7T8azuktUSe.','christopher55@williams.com','male','1978-02-14',NULL,4,30,1),(205,'2009-07-11 10:02:26.000000','2013-12-22 06:18:21.000000',22561,0,1,'Real catch until crime.\nDay page suffer report series value.','Economic rest cold.\nProvide the soon choose however through involve. Peace this light quickly gun. Later exist need scientist. Positive worker nearly sound computer arrive.','박윤서','01065553913','$2b$12$gZl9i7HpO5DDDBKSPVFZUuKZqIzF96wIgdnkkMHREdrB/Ej9QqM1O','wigginsrobert@hotmail.com','female','2017-09-01',NULL,14,32,19),(206,'1976-03-10 08:06:06.000000','1975-08-30 16:38:02.000000',60173,1,1,'Become whatever deep itself. But billion art picture program.','These personal me also international those.\nData face man analysis next we provide.','이종수','01087161782','$2b$12$68VbWDWFZsTzMNd84Bjmc.el1bOMx.0pvHxqcDCHH4P7omcNfz9aW','jamesmurphy@torres.com','female','2002-11-17',NULL,29,62,13),(207,'2011-05-09 02:36:22.000000','2012-08-24 19:04:44.000000',53178,0,0,'Church report sign tell with day. Win year few money hundred respond.','Political including perform later newspaper level. Individual leader early form writer.\nReal pass trade peace resource clear. Wife activity someone individual.','나지아','01077607861','$2b$12$FqpJ8u8XLdMGO/nmVK3cb.nc2NRtZ6Gq23cKV1Mh7aFZMe7/NZhoe','georgepollard@ross.org','female','2003-05-13',NULL,5,33,8),(208,'2016-08-07 12:05:26.000000','1980-10-05 07:54:56.000000',3953,1,1,'Easy writer focus watch effort. Since peace mother too.','Conference wait modern deep radio condition standard.\nTravel from deep reduce. Both trade about water. Although visit father offer week.','강현정','01086181370','$2b$12$.TfXk8i7.dKKCgZdmAS4beGKLOHo6Cl1QLSxEtHVOrJvSOzakz59e','bairdjennifer@hotmail.com','male','2002-04-13',NULL,10,66,23),(209,'2010-02-03 21:52:37.000000','1971-02-16 11:21:08.000000',51207,1,1,'From nor if camera. Nature increase police upon lead represent.','By kind today tree home wait model. Ok month its sport serve reflect.\nForce company glass civil. Drive carry pull under. First year member year campaign event.','박광수','01087701573','$2b$12$Vv7b7ofF4pQlCOvqbYqwR.W5xOX4EgrgjtCJmuc3BzB8GCkSWEhuy','eric66@burns-ray.com','female','2009-10-11',NULL,8,58,24),(210,'1977-09-08 04:26:44.000000','1978-12-30 15:53:43.000000',41519,1,0,'Defense forget news door information system organization. Member policy institution me last.','Guess even loss consumer suddenly. And be everybody product long.\nWrite believe wait shoulder family something. Support sell involve finish executive.','박옥자','01011073104','$2b$12$GB.TwrPjSRnCG4mbkt11PuuLReJDzgh.u/QHItIIISPzLmKUdjzju','thomasbarbara@gmail.com','female','1990-05-30',NULL,17,4,7),(211,'2012-10-06 22:23:18.000000','2002-03-12 02:37:36.000000',47711,0,1,'Station start enter themselves perhaps newspaper smile. Particularly huge should weight light.','Increase significant into those list push place. Article husband seat traditional.\nDetermine action early food moment.','김은서','01099858866','$2b$12$Om6Qju4sjbt2UMnongPdoeNWoZolTQIkf0sRWz6BJyHIvX8YfhEoG','ihernandez@butler.com','female','2011-07-23',NULL,14,20,2),(212,'1977-12-04 18:24:44.000000','2012-04-19 03:29:02.000000',12085,1,0,'Care whole street agree shake together knowledge. Recent seven above coach.','Message light tree establish learn beat model run. Party fire tell dinner. Sing pick low around senior.','강지민','01081877898','$2b$12$3ZF/wdzLgOqM2FXqXtcYdeXy1LuEB9xBRyKsFTDoMlPK1KcpapOG2','miguel50@hotmail.com','female','1993-07-20',NULL,8,51,6),(213,'2005-04-05 13:56:23.000000','1989-12-18 18:14:38.000000',84679,1,0,'Lay general employee computer leg. Choice end ago in continue rather. Open describe order least.','Capital join member money tough.\nConcern like region hard end size. Box either sister anyone. Better after evening may upon space power fish.\nCommercial professor step him.','고상훈','01017603859','$2b$12$fPHMF1hxMFYJDquNvJlt.e1lTzhABJzDttH.Zm0/t9f0CmELqTObe','rgrant@yahoo.com','female','2012-11-25',NULL,10,35,14),(214,'1997-02-14 13:33:18.000000','1982-01-21 17:26:38.000000',95866,0,0,'I late reality let.','Trade care risk last fly past including. Yourself better possible data. Although yes detail order later general before enough. Dinner national want.','이시우','01047512215','$2b$12$.9hhKP8nvsFuJnrFI3nGNegPJp3bdKQvOfVJ.VmtG40nuPZ/.FUsq','yowens@gmail.com','male','1996-10-13',NULL,5,21,6),(215,'1984-06-18 07:21:05.000000','1979-03-22 08:49:21.000000',54092,1,1,'Leader mother social speech sign any claim cost. That forward interesting less.','Toward public seek according stop view attorney. Family peace hospital firm. Specific section soldier might red force.','장정식','01077776171','$2b$12$BjujbRy7T.0MCNx1wkDJbupoc41YI9B68gc7PcBqMnlc1fKtDhxGO','jacksloan@burke.com','female','1979-09-04',NULL,22,13,5),(216,'1978-07-18 23:54:17.000000','2002-05-12 04:57:56.000000',29881,0,0,'Break forward as news. Service treat realize consider machine environmental nothing course.','Arrive health land. Painting myself subject stay two poor.\nTough best relate writer seem single determine. Daughter number cultural consider trial. Offer time city peace five heavy up.','김준영','01024185596','$2b$12$xmdgLnBoclzlzIZt2GZuvuTFyYRObovAWlaxx3vlG.mgqm9kqOg.y','nfischer@whitehead.org','female','1986-08-16',NULL,27,18,21),(217,'2000-06-12 18:32:31.000000','1976-08-26 22:57:23.000000',74500,0,0,'Plan one old kid hand quickly. Significant agency focus party draw hard country.','Become those position responsibility. Some other surface despite medical. Audience laugh its magazine someone send democratic court. Let table cold hot blood director.','박명숙','01032179984','$2b$12$G5hjMgwasRJyGZOqXhSaBOEMMIJC6Jf9YQbMBUZZyQKMJYfjdDjki','gloriagoodman@hotmail.com','female','2017-01-21',NULL,5,12,25),(218,'2000-04-05 22:25:43.000000','1975-06-13 00:31:15.000000',59432,0,0,'Summer capital according what his food around. Give attorney home difficult grow price.','Statement stand free environmental while billion. Speech best citizen involve maybe.\nAuthority guy edge media executive life attack. Audience full do large yard exist suddenly.','이아름','01033252226','$2b$12$K8SRNR7Pgmf3iypQ7LPYCOaLpPwAys9cOhR/PTp.dZNhMMc1n5vyi','trankathleen@gmail.com','female','1971-06-09',NULL,4,26,1),(219,'1973-04-28 04:29:53.000000','2003-12-19 08:19:13.000000',52598,1,1,'Trouble majority far technology popular. Then front be television deal.','Throw team laugh radio miss color time. And require production south when. Respond eat green somebody.','황영미','01031833695','$2b$12$mAS1RrssMDjwBPQAZlove.3NGg/JyEQFRVkSEZ6CFgx36qNNWe2wq','ann52@yahoo.com','female','1996-06-20',NULL,12,17,12),(220,'1990-02-11 10:48:24.000000','2008-06-02 15:14:52.000000',46081,1,0,'Group job give modern nearly employee herself. International science that senior sign.','Necessary why laugh. Study person herself field both. Authority country those six believe Republican school. Plant race consumer wide book help figure.','권성진','01038632034','$2b$12$A6UZDSPnWyAzTT2UGme9B.C15o8aguZfAT3Muv1LrFrR6rBVQk0gu','kristina71@hotmail.com','female','1985-07-21',NULL,27,32,20),(221,'2005-06-12 06:10:43.000000','2018-01-27 19:21:57.000000',41286,1,1,'Safe music magazine mission success us. Seat wrong discover.','Account identify practice decade role lot wonder. Marriage father else skin without body PM issue. Pretty brother black audience.','이성수','01099505307','$2b$12$sNlWVLsVsqJImyDLXsfam.OODSikyvzCoDuv8g0gkVPZM/0UG2d9a','erikamiller@gmail.com','female','2013-04-25',NULL,7,48,24),(222,'1995-11-25 10:40:20.000000','1973-12-15 17:50:47.000000',37997,0,0,'Foreign their ok or pattern heart wait. Yet wind half.','Where civil condition which style in also.\nScientist people though occur TV detail rest letter. Low else toward investment game who order.','김미경','01071012789','$2b$12$wjaVyNTRQ9t.4xw/vMgwWeUl.pabOFuqMK7giv7JvGvA2ybYdj7PS','lindseyandrews@hotmail.com','male','1999-02-23',NULL,0,70,11),(223,'1995-11-03 17:21:56.000000','1975-07-21 13:47:46.000000',75449,0,0,'South whatever organization stage water most. Church talk cover hair dark.','Out race exist college himself safe relate. Common look nice time day type cover.','조은영','01027261323','$2b$12$YBzPQO3a8VSEfpXmoiY25uNLe8qwInGTRmRbTiCzGKofED7oHQKmy','finleysara@hotmail.com','female','1997-05-02',NULL,14,35,21),(224,'2019-05-22 21:29:07.000000','1974-06-13 03:53:14.000000',86875,1,0,'Baby market race west audience. Trial box relationship fund student certainly financial.','Remain lawyer day. Kind keep total tonight. Matter role form part.\nIn us yet law. Mother field up market behind. Daughter theory as bag themselves. Reach audience might gas star model.','박예진','01059328068','$2b$12$YNZ27HUn2Ma8lVtZeYyQkubgOW9WwoElkGG95B90I9DzE2pxqsx1O','anthony14@johnson-beasley.com','male','1993-05-12',NULL,19,54,14),(225,'2002-05-10 18:04:38.000000','2001-09-13 06:37:02.000000',12434,0,1,'Door including center traditional. Spring add southern message source PM west talk.','Explain its in whatever six. Thousand rock now Mrs factor. Offer term not wife play political. Foreign very create wait country.','김성호','01087384756','$2b$12$kNmezvYsnsCiEVOF989ExumdI.NfwReSLpjJ87DnL08ZcLh8UZMYe','millermorgan@hughes-wells.com','male','2002-12-29',NULL,20,44,3),(226,'1980-03-09 23:01:04.000000','1983-01-23 07:20:58.000000',36429,0,0,'Computer local such example character. Food fly try until hour.','At early make population maintain grow. Step green maybe specific key when.\nMyself next seem resource week arrive exactly. Without measure in work provide top. Some last mention stuff security reach.','오민수','01058467566','$2b$12$ZGDVWuvTq.lMdg.10TjMWOLEtmf3oZOfryaVrQ7/Qb5IHkuyfU.5G','damoncraig@valencia-campos.com','male','2015-11-30',NULL,14,68,2),(227,'1980-05-02 20:52:04.000000','2007-10-16 09:42:02.000000',99905,1,0,'Republican in within interest. Official skin human. Exactly nature pretty mission room.','Be break experience skin and. Pm cut position.\nMedia own build party just. Message whole let change argue central value approach.\nMaterial break production animal. Often sport scene low.','김승민','01050016285','$2b$12$1VwIQNjKsWDBcGx0s4SBIe0xqm4moB9DOCK3yo/a7lrmbzlbWAcJO','hallsharon@cook-hays.biz','female','2001-12-01',NULL,9,15,20),(228,'2011-09-29 22:01:09.000000','2005-10-31 05:32:50.000000',79451,1,1,'Into democratic development never such laugh leg race.','Director hair social land western forget. Appear whom large certain right environment.\nToday government garden. Common factor thought Democrat. Impact blood list a.','장명자','01051455852','$2b$12$aw9pXor1NsmX8rgFrRLBmuuUHe5eSqJj.pWkVLyOq1kQY8Jd.Gpea','pam41@yahoo.com','female','2008-10-02',NULL,12,11,23),(229,'1970-03-10 08:27:04.000000','1992-12-03 09:22:30.000000',46614,1,0,'West organization nearly wonder order third traditional bit. Child source run wait.','Himself surface sort want nor total. Build kitchen accept sell purpose itself pattern.\nPay investment visit method. High catch line each exist operation blue. Poor while record score leg moment.','김은주','01030858272','$2b$12$izISE6sMw/TCVnspoYLUUuqCpYT90pl/cPFAjD/oTlOf6rxhYbeJO','loweryscott@freeman.org','male','1996-08-25',NULL,11,8,19),(230,'1997-11-10 22:11:54.000000','1995-01-21 01:30:26.000000',31458,0,1,'Before particular address town vote billion quickly from. By budget cultural agreement.','Walk piece Republican center. Serious eye base play tend wrong here.\nWorld worry record operation. Program experience bar player including city all. Professional reality force build interest.','김성호','01082063474','$2b$12$2sWPacyzGx0pjJiMTe9yEOclSfUSseCm4Rpof5qPZWXmg/ClqocOO','carriesheppard@yahoo.com','male','1993-02-17',NULL,15,29,3),(231,'2016-11-20 00:56:24.000000','1979-11-30 17:40:40.000000',3856,0,0,'Use public drug artist. Final pick leave own consider.','Too certainly other table quickly arrive morning five. Financial my decade his building card population wrong. Position various actually entire talk marriage during local.','박광수','01085448485','$2b$12$FF7SVLed7B6F1/Gu/EjPa.B3xs42ZDTpzg7AaTi0SswUarzch2OSe','vthompson@cortez-delgado.com','male','1982-06-22',NULL,30,69,1),(232,'1970-04-03 00:18:42.000000','2016-01-05 19:36:31.000000',96439,0,0,'On customer heart. Song air employee reason west.','Deal sister morning eye imagine well kid. Opportunity hand image whether doctor any could information.','권영순','01034022961','$2b$12$QQfogYvOjRff6uNs2cCRb.zeTaSU0WevAlstvI50P9LA9JEs4dmLC','danielle24@hotmail.com','male','2008-09-01',NULL,20,51,6),(233,'2019-07-09 02:42:08.000000','1973-06-14 10:02:02.000000',99980,0,0,'Raise cost create amount certain gas others. Attack probably agree discuss.','Early growth fund early according character positive. They ready finish beat direction member general base.','조성훈','01032455134','$2b$12$Mg/cXxItYXjvJrpOvRBVBesNXxU.2y8cfJQWAjbgMNOfxxkUkENYG','sroberts@white-gill.com','female','2007-02-11',NULL,24,72,16),(234,'2010-09-11 09:54:38.000000','1988-06-13 19:34:47.000000',30527,0,1,'Where citizen something development raise. Traditional against style spring.','Ago miss next eat drive laugh difference. Race know approach hope home road visit. Between know go worker wide.','이은서','01060754850','$2b$12$EF4HF6Az7x7yEe6lnjtNc.Jf8pR3.Aw68boLYC4VnRkNsbjIut2Va','thompsontheodore@chambers.net','male','2016-02-23',NULL,2,71,20),(235,'1997-03-28 17:05:54.000000','2013-10-22 12:44:14.000000',34461,0,1,'Light shake all any. Think turn visit read any play up.','Understand dream report wonder account. Pm what stock seven themselves. Again present option interest reflect.','박수빈','01055562056','$2b$12$c4R9KM/c.QHwacR6ghMbT.7X4DnHRlLd67aOPolXnbcEt9Whaag/u','thiggins@harvey-bradley.org','female','2000-08-22',NULL,20,28,22),(236,'1987-06-26 00:03:33.000000','1986-11-28 17:24:06.000000',69437,0,1,'Future book tonight enough total pick.','Quality safe experience notice benefit item line. It read risk fish place society benefit style.\nThree range assume more. General try land.','김영희','01091881590','$2b$12$D7K7uCuuE1s576B3vH6qKOalZSLW9Kw5GuyfV.flB/7eHwrc8iane','xcalderon@roberts.com','male','1984-08-19',NULL,14,45,4),(237,'1972-06-03 18:37:56.000000','2014-12-07 18:24:37.000000',96684,0,0,'Know degree fill least back quickly. Talk statement movement.','Democrat employee trouble clearly front PM store. Threat modern knowledge cost. Manage second provide night benefit though. Will way research focus year play loss.','김명자','01096506288','$2b$12$HuQM2hWuZ/fFAwkPLj.z6uLJKNNuO5kYktn0fYrKejuaDGnhXu0ES','jmccoy@hotmail.com','female','1993-02-01',NULL,16,74,24),(238,'1993-06-01 10:12:59.000000','1985-12-14 20:15:47.000000',73382,0,1,'Most arrive word inside black general usually. Example point stuff require age federal else.','Think yeah arrive state. Health very write same southern career. Fill statement smile coach sing.\nEnd these list left protect remember way easy. Market guy yeah yes threat after.','박중수','01014974067','$2b$12$7TuXtHPY2Li6d4.4MbPequQGR0yWH9usPR0ZouCilDGf9xO6jmHFi','christopher07@hotmail.com','male','1971-10-06',NULL,30,17,4),(239,'2021-06-22 21:28:38.000000','1977-07-10 09:17:13.000000',80920,0,0,'Necessary act family young thus themselves so. Establish such table. Read candidate good.','Several relationship later factor trip. Decision run leader back leader win. Trade away relationship tree.\nUnderstand agree day loss win especially tend. Record likely relationship.','김경숙','01013948758','$2b$12$gt3bXEjgBKZV3BKlLnUR/.gw.DfquVAM3.4HwGteAZsVV9HISjYVO','david37@hotmail.com','male','2000-04-20',NULL,19,51,9),(240,'1992-02-20 22:43:32.000000','2007-04-07 23:27:10.000000',90021,1,0,'Decade care data able. Which common finish detail radio vote plant. Commercial easy industry.','If perhaps himself. Particularly travel kind. Current particularly voice week.\nTruth store forget into. Mean paper blood play enough. Summer discussion rate clear.','최상현','01022473374','$2b$12$dD9bnqp5DzYtXoGuToIx.OrOP.NXJn22MC36AMQ.qHEcdpdq2zoly','robert30@doyle.info','male','2012-06-08',NULL,12,12,2),(241,'1972-11-28 16:15:30.000000','1979-09-15 10:48:25.000000',36872,0,1,'Color dream perhaps very improve network. Majority meet see hear stop staff. Job east job deep.','Financial information kitchen audience cell fly wind hear.\nPoint decide purpose become run yes news. Onto attorney among thing college. Investment arrive best note meet while laugh.','이서준','01019228997','$2b$12$dvI6Wu/w88.XTaseL5cgaeZOARNrblJ04F9srUMlgq9UjoOHTd1z6','robertsondiana@hotmail.com','male','1986-07-05',NULL,27,73,3),(242,'2004-01-30 18:09:49.000000','1985-01-03 16:52:31.000000',59502,1,0,'Work Mr green pick red instead such. Finally simply boy consider heavy month free.','Before bag traditional least accept. House dog campaign smile unit sort.\nHim white available exactly before newspaper us. Lose herself my pay can nature section.','이재현','01051068910','$2b$12$uwwIuGz7qPrn5n.cDOekyeUkWLbaGTn6UCHMl2C45lunConOBL/j2','timothyyoung@yahoo.com','female','2014-02-23',NULL,13,33,2),(243,'1989-09-15 06:33:00.000000','1981-05-24 06:08:45.000000',22014,1,0,'Here bring create new doctor say fund loss.','Project marriage source consider message include poor. Chair history short carry magazine choice issue few.','김성현','01088294052','$2b$12$40tVgwAm1H4lzs/bgTbXw.6v6qYSLbj0jPhvcJavDZEgvhdTSNy4a','msnyder@castillo-miller.com','male','2007-02-05',NULL,9,70,10),(244,'1986-02-24 06:54:21.000000','1985-12-03 16:17:20.000000',69146,0,1,'To fish project learn. This husband off less.\nHear despite stop behind drug. But decade matter.','Land growth many bank team Congress must example. Boy give true main them. Almost walk entire it support give.\nVery particular sport easy best.','김유진','01091078289','$2b$12$Ddi/vpMvDsYk7qguU.ipEOWwOMELiXgK9K/G8VTKSzZSYK8jplzcW','howard92@bradley.biz','female','1970-09-14',NULL,28,66,1),(245,'1993-09-11 15:38:44.000000','2017-09-21 06:34:22.000000',42805,0,1,'Race improve difference TV. Executive draw method total.','First know myself food young listen cut maybe. Hot most subject move wide each.\nStation want could just my or. Force you condition clear cold build.','남상호','01058307674','$2b$12$1y.RmoDklexNXB9HPJdZMu3uCZiCYhv8HhpSeMyhhVb9E8xNA8CuK','cynthia45@sanders-patel.info','male','1977-10-14',NULL,17,45,22),(246,'1976-01-18 18:19:41.000000','1976-03-07 17:41:32.000000',31874,1,0,'Foot such however glass. Expert cover which receive generation. Unit floor example yet worry rock.','Behind ready spring dinner call future plant. Unit affect detail current place must road.\nWe test physical market. Movement leave only fire ability. Item movie environmental back turn.','송영호','01058457290','$2b$12$79CnJWWF3NZwAxbtmTrG/u0ogt.RXlZeNNUnjMIUfEggOk7mLNVBK','cward@hotmail.com','female','1981-12-14',NULL,15,43,16),(247,'1974-11-29 18:38:34.000000','2007-01-16 10:21:12.000000',70525,0,0,'Drop little him process key forward feel within. More red technology attack.','Itself type exist night assume. Of performance door put onto drug. Treatment seem color.\nWhy draw find spring. Really white either.','황지후','01070872479','$2b$12$Dq4lH95hsoGLp2MPp.GEFevsj5SMsDvZN80hAQaZ5kxJuDk3L8wwS','meganmoody@evans-jones.com','female','2009-08-31',NULL,2,57,25),(248,'1984-10-16 04:10:57.000000','2013-02-19 00:03:08.000000',46730,0,1,'By you total determine. Rate wear fear population fear most.','Federal soon tree several beautiful long as. Support eat indicate or seat.\nDrive ask want crime then.\nMean table why contain race result language. Word quite rest oil of clear quickly.','나도윤','01015157763','$2b$12$dEdS6.GiLja5njastzJ1VuQLLcY3.hA3RX4O179oaDfExP4Az8oCG','rzavala@schmidt.com','male','1994-01-22',NULL,21,15,1),(249,'1988-08-17 01:30:47.000000','1998-12-25 00:25:49.000000',41930,0,0,'Which behavior generation shake assume. Nice head see there program serious require.','Space military example participant company itself. Consumer still base second whole. Become kid responsibility PM sing.','백성호','01088601664','$2b$12$iBM9G6A6lhwyXZp02.i5gudqboCcBGuadTSJIPiOQqK4VaEwm90q.','wallacecraig@thomas.info','female','1981-05-26',NULL,1,3,17),(250,'2018-11-15 13:42:20.000000','1985-05-08 05:48:42.000000',39657,1,1,'Any activity from game.','Defense sound admit what. Old must much line foreign talk.\nSouthern explain kitchen customer analysis question form. Reason whose care blood. Threat fine open.','허정호','01062387000','$2b$12$y.IMs/Fvsd7KT6dZyteMdesfMLNls/JSLMqmUWFimWNml/v1Vu5sa','patrickmahoney@bowen.info','female','1976-01-31',NULL,29,28,3),(251,'2009-11-16 02:22:39.000000','2003-06-09 15:52:37.000000',30629,0,1,'Nation pick what prove watch participant. Imagine law others trip both recent organization.','Black still page accept name executive. Message example bit consider can might.\nTime thousand traditional.\nSubject simply become pressure. Job mission since much best.','이지은','01037734196','$2b$12$ZZjnTq81Jpo/jbeQ4JlXKuhfD75F9ELYw2Mziij391Cmm/MYrQcO6','theresacole@yahoo.com','female','1988-06-20',NULL,30,34,8),(252,'2016-03-09 19:05:08.000000','1992-10-30 16:45:13.000000',13860,0,0,'Arrive yourself rest trial rule statement. Conference order we.','Throw serve animal class me which.\nStandard big use who age. Test form staff traditional coach attack. Town character culture teach anything bar catch industry.','이동현','01057422284','$2b$12$/J6dF6bwrES3c0RQkMYcpuCpV9VigheZQA2QmkUPQf2jUsOu2cOna','sharonhenry@morris.info','male','2019-07-11',NULL,0,44,2),(253,'1992-10-02 05:12:15.000000','1987-07-24 06:47:46.000000',91440,0,0,'Avoid attorney example whether this. Back yeah short possible. Recent garden water seek view ready.','Ten only with into left key. Child question soon white. Inside finish suggest bring exactly.\nReligious together pattern hope yard. Experience million more rest. Meeting they hotel own.','하영희','01017202181','$2b$12$S3oXrxa6DXd6nWHkKf6nH.cF2./T27nlHQJuAO8BrfejkDitxXZWy','cesar47@graham.com','female','1979-02-08',NULL,17,49,17),(254,'1976-12-28 01:36:42.000000','2011-03-02 09:35:16.000000',51824,1,0,'Law race throughout smile two instead collection.','Store reality close pull argue. Push throughout whose. Degree memory scene tough common why provide.','홍은정','01096817186','$2b$12$DlDoePQgxXr5l5fdwQ7zr.g9bsn.VVYXsUeekdtEEOVN9TUWuDSp6','brownalexandra@hotmail.com','female','1974-08-21',NULL,6,44,4),(255,'1974-02-19 10:28:33.000000','2014-08-25 05:56:35.000000',79374,0,1,'Matter watch generation exactly tend wish plan. Off happy night similar sit.','So two front. Ready probably practice win it recent week.\nWay crime deal enter. Scientist order after ok. Food between soon develop.','안예준','01097703337','$2b$12$jWwzE4BlQza3HLlO0TXG/OAKn1AqVklSb9SPnXnfprXqogajeetiS','bmccarthy@gmail.com','male','2011-08-21',NULL,23,64,3),(256,'1970-06-21 21:05:28.000000','2002-08-19 01:30:35.000000',16373,0,1,'Make film consumer look right record result.','Past beat glass hard beyond it tend. Talk sign represent respond grow civil.\nCover one person according give step rest. Win recently a its behind range. Truth of maintain more fire most.','전영호','01070356405','$2b$12$H.4sdHpa5T.FOgYw.Te3NuuB.gLHE8QmITuJ3M9a55J/GW6M3wO.6','matthew54@gardner.com','female','1991-11-01',NULL,29,50,25),(257,'2010-11-30 11:52:13.000000','1979-08-01 04:15:07.000000',89720,0,0,'Bring on hot consider model entire.\nPoint TV production.','Job somebody story mean. Fear fish off company organization culture take argue.\nBecome me idea stay no style before. Much firm home leave chance surface goal.','이지우','01036821768','$2b$12$ucNAADrKwvNcs5IgAlmnbOA.KnBbKHxcpgQ4TpZcqVEs1hUN6J7bm','kelly65@johnson-jones.com','male','1992-05-29',NULL,14,36,16),(258,'1976-07-18 00:56:40.000000','2004-08-21 09:09:31.000000',32434,1,0,'Feeling compare more sell production than hospital top. Dark political four effect mouth.','Television here a consumer. Rise trial wide learn religious source shake. Price serve down hold report newspaper around.','서준영','01054562897','$2b$12$zLdhU3EIxZA9vs.eDIdNL.4PVTL.HrsS5AmPcZxPJ8OcyoM0Vls1W','kyle85@cook.info','male','1987-09-17',NULL,27,11,12),(259,'1998-12-26 08:00:45.000000','1984-12-17 06:10:59.000000',49488,1,0,'Outside office student better student.','Watch available window service dinner foreign. Same late plant travel federal air.\nQuite face service not. Law concern discover very care along ago. Often fine able fly.','장성진','01057071152','$2b$12$RUIb7WSR/Kc5qa3SQspkcOkDJQ7UXJQHQHJ1XtKFzSa4Yf8bjufxO','dwalker@torres.info','female','1974-05-07',NULL,4,10,19),(260,'1973-11-09 02:21:55.000000','2006-05-09 11:43:05.000000',77963,0,0,'Act protect long unit appear capital ball system. Social form age they manager lead Republican.','Upon information note. Black although off study.\nFive final these lay development day. Across her few figure least.','안영자','01033007415','$2b$12$.yyDwACopdC5Na6bgKcvkOvOdPFuKX2ydOU2npau.2HDo6sUss7bW','emily24@johnson.com','male','1998-03-05',NULL,19,53,9),(261,'2020-07-08 03:10:19.000000','1996-01-05 00:19:35.000000',90635,0,0,'Project among leg task often stop. Every far record.','Painting religious positive. Big show successful story dog close radio.\nNetwork plant poor anything explain. Above dog firm focus worry imagine somebody one. Worker personal policy.','이예원','01095164651','$2b$12$2vU/2cx8JoSaT4ev7gSNFeSO8.C1K5jaCbrB..e90a4yoG1BjGBdi','rwhite@yahoo.com','male','2009-12-27',NULL,24,47,17),(262,'2005-06-19 21:02:23.000000','1990-02-18 10:29:48.000000',72401,0,0,'Know remain see around war write event. Off get tree yes. Seek pick raise public most.','Yeah so why hope when. Once speak today environmental happen picture. Produce to city.\nRole drive system trip answer car. Prevent coach operation human important take. Democrat TV now million.','김서현','01086023768','$2b$12$bsKpFJAv6.h9oLD8PHlw4ubmkbymEAnzJ25mAl1UK6IA8kZtz05ce','kevinbennett@gmail.com','male','1989-07-23',NULL,21,23,4),(263,'1998-06-11 21:13:17.000000','1999-06-09 00:41:02.000000',27014,0,1,'Personal of necessary wonder. Former civil old pick nature force. Pick state this moment.','Course outside dark bar more explain either. Short writer room around.','이민석','01014721497','$2b$12$zBiMqBoUXqmPUigXHnhTVeHFQernTH48jt1ixLFEUXk3O5rwwKR/W','jeffreytaylor@wilkinson.com','female','1997-08-16',NULL,11,39,7),(264,'1991-06-11 16:18:29.000000','1983-12-28 04:05:21.000000',52465,0,1,'Such television ground book race. Station moment rest.','Early street make. Try staff leave even. Provide must white development show contain.\nMillion very glass condition prove.\nStar today fast factor. Front agree list lead.','임도현','01023923309','$2b$12$/Jy44V2/5PNrlJ/GXDM7SuPcO4TpvMOXPajIP8hDIdh77QiuYCEIy','lindsey02@perez.com','female','1995-12-03',NULL,13,47,10),(265,'2003-05-06 23:00:11.000000','2018-02-07 23:03:45.000000',53171,0,1,'Month hundred market treatment thought policy. Sit student decade amount very meet.','Last discover east decide. Some spring rise wish surface third. Race government simple man few.\nVoice purpose glass claim rather least reflect. Improve goal benefit help catch lead.','윤정희','01060856335','$2b$12$XUrnb293ovnguOF6dg0JEuWceLT5MSnUOACt3Heu/SmhNVkp0MlLC','pwilliams@graves.com','male','1976-07-22',NULL,16,41,18),(266,'1977-07-06 13:07:57.000000','2009-02-16 00:21:56.000000',69402,1,1,'Tax alone hundred before technology. Reflect contain fast cold past interesting.','Door nation not physical. Fight admit treat wish because.\nMore end magazine country. Occur who along evidence.\nCourt environment power two.\nBlue third nice consumer. Do require firm anything.','조혜진','01048941239','$2b$12$mbTCeX5VQe5eU.hXPqbhleenb8emEaLMZfR3frnb25iE2XZsCODhm','wrightamber@harper.org','female','1972-01-01',NULL,17,62,24),(267,'2010-05-02 05:13:58.000000','1996-06-28 16:12:04.000000',52104,1,1,'Meeting no order fill size. Until woman visit street develop.','Job move claim camera front amount. Rise sea win action give. Staff whom property easy. Build interesting agreement interesting song.','이서연','01010167321','$2b$12$udVCTjIm7jQBcIWfoRwSn.rItZnaoyKIIFVdRSDLYCv1idpzqjpze','aaronbrown@torres.net','female','1977-04-24',NULL,20,13,12),(268,'1987-11-24 22:24:09.000000','2018-07-23 05:26:14.000000',48280,1,0,'Yard else hotel own summer friend score difficult. Article democratic fight clearly reach.','Statement bit imagine human. Exist place tough campaign attention. Brother present check soldier director.','백주원','01030666956','$2b$12$EjnQL9z4A3swvYMFNz3i4.2W5N9FPRy0kgQRRLOe44yAwi3LtVfBm','watsonjennifer@hotmail.com','female','1993-11-27',NULL,5,22,25),(269,'1999-03-23 14:06:56.000000','2008-06-09 14:28:54.000000',7850,1,0,'Reflect very local again man reveal house. Knowledge dog sister century pull eat when.','Memory anyone production draw look action six although. Figure success certain politics understand.','이보람','01021813601','$2b$12$HSj6yqpC1nTUAPMCBF62TeSJob9in3ggME5DMrb67GodvdwVI7Cu6','qhernandez@yahoo.com','female','1989-03-12',NULL,3,55,14),(270,'1989-04-11 22:17:36.000000','1998-01-17 17:06:10.000000',61717,0,1,'Win at contain onto. Which some above you. Card simple situation east skill ok store.','It onto when half identify. Even east remain morning between sound outside. Floor develop sort campaign. Various everyone feel radio.','박윤서','01049506010','$2b$12$PrktN/XHJjQNNTPRkw.PeOqvIerLckemN6tGlVZgApF1sCc0LMKH2','brownmichael@brown.com','female','1981-09-03',NULL,10,61,23),(271,'1993-11-21 22:14:33.000000','1990-06-01 22:59:42.000000',24795,0,0,'Particularly explain both work.','Operation thing ok culture language bad air. Staff necessary director discussion. Camera major consumer among action most cost theory.','김윤서','01090546286','$2b$12$aeTTawPqfIQagErPsbDq/O4X7bLGJCfG5ABxVxuQrJ9kA1CVhKPzu','joshuabaker@fox.biz','male','2002-04-18',NULL,7,24,14),(272,'1984-12-16 16:34:39.000000','1981-04-26 21:35:07.000000',73335,1,0,'Us wind professor treatment. She black rather nice rest long as especially.','Parent only newspaper. Perform billion growth popular enjoy exactly. Every approach research think.\nAmount big area create whom. Quickly could people very yourself kind require.','권정호','01084701209','$2b$12$xJzxkUVIO4Q3I22cqsxNJO0vML.pwnBmXlGm1AAzSxGSPdY.zUOdS','clarkkatelyn@medina.info','female','1977-10-03',NULL,19,73,7),(273,'1984-02-27 07:54:11.000000','1972-06-18 02:06:34.000000',95199,0,1,'Hot describe place action growth. Prove lose eight room bad return.','Idea per newspaper remember use. Standard movement artist when help gas.\nMay animal military detail person officer move. Theory herself cause free.','송지훈','01044021021','$2b$12$FhBc8n4FWaeGM9hgGXIt.u97dM842C4p6.UkOWbefRn5Bq1Mvn2Dq','lperez@scott.net','male','1991-10-30',NULL,26,6,23),(274,'1977-07-01 08:22:37.000000','2020-08-21 02:07:57.000000',85657,0,0,'Tax number court hospital. Candidate even vote surface technology southern physical.','Since win during perhaps. Fall begin expert just without.\nControl sell serve street election.\nAll to sport long base. Simple scene beautiful during seem computer sea.','김수민','01013138305','$2b$12$uCWBkKPbtAKDfatkBUNCa.Y65YrNXgQvoHCIFoeDgTij.TgfkiFQ2','matthew87@harris.net','male','1997-12-20',NULL,11,21,13),(275,'1983-07-01 20:34:36.000000','2006-05-05 12:23:15.000000',63837,0,0,'Whole behavior compare natural ok.','Picture color truth develop. Instead avoid available something. Citizen now debate look watch.','최미영','01018489485','$2b$12$H5OqVNOM6JCNJt0OK.uf8ejdlRCSwskxTfTZzs7zI2tHbYMI.gmu.','twebb@curtis.com','female','2010-02-04',NULL,27,35,16),(276,'1984-10-28 16:22:25.000000','1979-01-23 05:27:12.000000',45015,1,0,'Choose thus also buy. Attack record focus money leave that four. Say human alone administration.','Weight cost commercial note over choice plan commercial. Chance concern sure ball. Be fight perhaps suggest memory.','하수진','01087625180','$2b$12$Ix.YTMULqWrAZM7HQQ7d.OQpPq7SpuAjfBHzUxlSBOdBoXkPkuLq6','amanda78@gmail.com','female','1982-03-21',NULL,8,19,13),(277,'1984-08-24 06:41:16.000000','2001-12-10 03:04:44.000000',32244,0,0,'Option audience leave cold. Common close cold small as. Name police card might down national.','Of ability reality team better section day rock. Save either Mr nation rule. Notice ever agency together capital.','김준서','01026652541','$2b$12$F8nyCNEBSc9vJ2Yd.jnw5uUl0Z8nviuT7QgD7BLVZ/mnXqXL1BIt6','ashley83@gmail.com','male','1989-04-23',NULL,26,44,3),(278,'1971-03-25 08:49:01.000000','1978-11-04 17:28:55.000000',61965,1,1,'Middle serious black little. Scene stand our structure put player safe.','Mind decision away door once success top. Life easy than look.\nYeah bring staff idea. Meet report page building.','김영식','01090863278','$2b$12$RnMPzSOCqII90JzBMZwyQ.A8CayNglwF6ga7uedS3tcDxXj2GFpJG','james77@olson.com','female','1970-09-22',NULL,6,12,18),(279,'2001-09-06 16:17:21.000000','2013-12-21 06:30:36.000000',59851,0,1,'Exactly education west approach relate. Language else early music one example newspaper.','Present work offer truth anything black stage. If world skill notice forget fact. Finally save expect land happy myself board.\nNatural market bad shake board task. One move best how positive.','김춘자','01064033437','$2b$12$1Kkh6DbloihsFmhJyZiJ0.Qn8c7887E1Dlm4CIAtwr7F9Rycy3Fhq','cindy71@gmail.com','female','2002-10-22',NULL,14,56,22),(280,'1984-09-13 19:17:06.000000','2001-08-21 16:34:45.000000',17828,0,1,'Situation himself either result cold. Economy might someone assume sort baby admit.','Appear recent strong record drive. Shoulder involve available site since great.\nSingle black decade. Improve service foot product pattern each. None everything discuss set wind.','김상철','01047524085','$2b$12$IaOdYpcWp00mzVvke8dhD.yi6Q2jDkMM0qJ.arftUnALcg3JW3PC2','tammymurray@allen.com','male','1975-03-17',NULL,18,38,15),(281,'1986-12-05 14:28:04.000000','1977-06-04 17:42:17.000000',29981,1,0,'Else today nice compare. Southern fire those moment down.','Everything order arm staff grow institution yet close. Enough hand approach total allow. Book decade of make skill fight last reflect.','최진호','01021654942','$2b$12$SU7C99v1HqONjfTXSvEVQuREs2ec4ME5IusmBBIE8gQfk8wztKTGm','mmartinez@hotmail.com','female','2017-12-10',NULL,17,36,15),(282,'1994-07-20 12:17:54.000000','2003-05-24 23:46:12.000000',50187,0,1,'Continue person subject. Information country buy nearly such mother probably.','Tax amount become right.\nFederal east rise building state. Half right hot drive perform thing. North senior win doctor nothing factor.','장수민','01047512397','$2b$12$Jrq8kX4oi.AiNZ.FRa4ubexUpgmP1vYE3MjhVnpPmG6UDaxQAf7hS','joy57@neal-garza.com','female','2005-05-10',NULL,19,27,3),(283,'2009-07-31 23:01:54.000000','2010-09-20 17:03:58.000000',48819,1,1,'Contain son wear forward sing place. Kind training cold production decide fact explain senior.','Ten bring politics wide along figure. Coach drop position authority yard thank southern need.\nCharge generation member. Court which line. Protect remain suggest too us draw fund short.','이수민','01065087801','$2b$12$oGQnVflYQnEns5tyXgc/ke8HuFculp8cTlB/f3NkbeYsFqSrxbNtG','michaelhunter@yahoo.com','male','2003-02-04',NULL,3,38,4),(284,'2012-01-15 02:53:18.000000','1994-09-20 09:50:20.000000',19282,0,1,'Character public gas during training. Hold perform few will.','Capital but parent character often. Detail represent able mind strong statement approach. Choose size modern simple. Involve economy smile young.','김지원','01054782662','$2b$12$AVQ0U3sxLZaunSBGp.Ot6.BMni2PjZ2WX61RvtHnAf4s5Asb0fRCG','susan64@james-bush.info','male','1971-10-22',NULL,28,58,12),(285,'2007-01-06 15:11:22.000000','1997-12-15 10:05:06.000000',79150,0,1,'Program traditional poor six so only. Firm table many point join.','Key almost card necessary sit. Interesting outside consider staff understand get.\nPressure finally realize now. Up but six nor.\nFish film should. Plan official above yeah that.','배동현','01055876581','$2b$12$v6aajzNSsJLfY9uIIzpBQ.vOz3s4S96oWETZojRdw7MAIFT9KyPGm','sellis@gmail.com','female','2011-06-14',NULL,22,70,24),(286,'2020-03-04 23:05:10.000000','2007-01-17 20:55:57.000000',88759,0,1,'Similar modern suffer then film appear. Information example audience letter writer check region.','Former wrong international not compare blue. Home lay ask vote day. Almost theory large public hundred.','문윤서','01071132707','$2b$12$arMJ5UoEPj5exf7lO0N2t.VNSbDuF2b6SRCoOI1QEQp/f6PwqD47O','olsonvictoria@ferguson-pitts.com','male','1982-05-29',NULL,2,54,1),(287,'1988-06-03 02:08:48.000000','2011-06-29 10:34:59.000000',30403,0,0,'Finish benefit reveal bar tonight news force physical. School degree reduce.','Think prepare only analysis situation really. Pay time subject whose tell arrive role author. Worry collection friend.\nTend local poor say change may. Debate team star commercial point particular.','류채원','01036575299','$2b$12$iClCcsYQIySL.mlAE0Udnu1XBkyuS0nKk1YoQysUgVrYdpx9U7bmy','douglassherman@turner.net','male','1986-01-16',NULL,6,43,23),(288,'1988-03-27 16:00:59.000000','1983-09-06 14:15:46.000000',28201,0,0,'Cost later prepare high trial project officer. Later oil goal.','Despite reach technology tend. Kitchen go threat would air effort practice. Teacher hour type experience huge white left.\nDefense arrive involve. Stage least last area summer speech though.','이지아','01037915932','$2b$12$6.6YYaDzCLO4RXSY/c2hruun73PJ.Ochoq5osl1fm66hXsE7.zaxq','emily13@jimenez.net','male','1996-08-26',NULL,28,44,21),(289,'1977-12-27 11:10:04.000000','1971-09-04 19:22:15.000000',98781,1,1,'Science south walk image open.','Edge rate board company go building mind. Few west born whole.\nGeneration director store guess stuff. Thing southern government. Yes war discuss community again out right.','박명자','01053608408','$2b$12$Dk/NGgQznmCSgaXnBX.ROOMXmis82gXnG39KDbJ4enYLyPhwZP4tW','omartin@gmail.com','female','1980-08-08',NULL,15,41,25),(290,'1986-06-25 15:36:38.000000','1994-08-01 18:26:33.000000',51155,1,1,'Simply wife site. Down difference opportunity owner some.\nOthers young yard left miss how.','To spend sometimes argue professional Congress.\nRace decide together. Single agreement dream fish.','김영철','01064477938','$2b$12$OzwlWdOn.7F4RmeAiuebbuJD5WB7NP9O8LOHPvOhSvzkipZkeayLK','drose@gmail.com','female','2000-07-19',NULL,18,23,2),(291,'2001-07-29 09:31:11.000000','2018-08-29 21:07:17.000000',51081,1,1,'Person Democrat stage. Paper town measure admit. Series about clearly him production.','Able morning down why TV bit true city. Firm better later foot five challenge business. Positive up level top.\nMiss establish act everybody key beat best. Stage travel water goal.','이선영','01091896357','$2b$12$nRVqZS0h9U4RNdiItxwsv.b8dclhUWlabfRWdKEftowzdxMv7mOty','kriley@hotmail.com','male','2000-07-25',NULL,8,70,14),(292,'2014-05-14 23:22:51.000000','2015-09-22 01:56:36.000000',64477,1,1,'Cover similar mind wear. Together area brother rule face me anyone down.','Individual question many machine. Within game senior.\nDark degree happy next defense. Could will impact positive speak.','이미숙','01016155670','$2b$12$vrdRkP1IZ4B/khtgwM.1oO9G.7d5iX8qIg5RGWPow.1elvDNWACFm','torreskenneth@armstrong.com','female','2003-12-17',NULL,17,70,17),(293,'2021-04-10 07:02:33.000000','2012-01-06 12:16:36.000000',82065,0,0,'Hundred beautiful do goal option since. Understand admit share team whether trouble.','Clearly adult war over. Race simply factor wish voice leg.\nSubject ten health grow social quite crime.','강현정','01052977810','$2b$12$xzj4thfknrM4vsKGoI6J0OU8ZusPdNOfFHFE1n.vzPFWqHUhTsg7u','wrightjoseph@yahoo.com','female','1977-03-03',NULL,22,1,23),(294,'1985-08-24 01:22:46.000000','1990-05-15 21:26:55.000000',35519,1,1,'Tough region throughout Mrs dinner manager. Sometimes customer citizen thank responsibility.','Yet a table source. Food modern look reduce morning cut account.\nAlready feel until chair perhaps. Trial office your father that. Light purpose mean school party door perhaps.','허은경','01053692971','$2b$12$ZMN7XfJmpfj3AOKz39SgoOycqk6XXl36nXNubYbQmUmts1nhCj6u.','sara93@clark.biz','female','2017-06-05',NULL,17,10,25),(295,'1975-03-29 04:15:59.000000','1975-04-12 20:10:22.000000',4708,0,0,'Again value voice worker miss crime.','Air practice hundred thousand before family. Five education speak. Discover pressure determine until it generation. Tv unit stand most family according discover.','박미정','01048668521','$2b$12$BGgZis/iX6wbu0hj8WEhBuZwahVUUwm7QJa6A4qOAge3aFBLe8Ygq','jonesdaniel@hotmail.com','female','1998-09-09',NULL,1,29,8),(296,'2019-06-24 21:46:25.000000','1984-01-09 05:31:40.000000',26892,1,0,'Production reach and reach. Year event try between bank number option.','Laugh any start father follow. Forget one agent cultural. Region off course special nation region.\nDetermine step memory voice sit mean. Society police television.','심상호','01040961465','$2b$12$OeoqyeVk12rXMVQThStUqOfVyUOEJJ4xWWBOSohbyO76pSkCHFi1e','david69@garcia.com','male','2001-01-04',NULL,2,60,2),(297,'2009-04-28 13:53:27.000000','1984-05-24 04:28:20.000000',33198,1,1,'Help peace ever one task speech event actually. Affect wife really so other.','Arm what interesting Republican kid hope phone.\nMarket agreement subject level dream. Serve owner reason strong.\nLawyer up tonight tax four. Almost west level instead.','이명숙','01067739773','$2b$12$7ONIpPRgcEqzDhS9Z.us3.sRoHeX0Cjhdntk4/oPRNvjBxj6JLu/K','charlesreilly@yahoo.com','female','1992-02-22',NULL,14,1,1),(298,'2018-03-04 04:32:36.000000','1985-02-12 19:52:15.000000',97531,1,0,'Especially source station system. Tough five why admit soon. Citizen play us knowledge.','Way Republican law bit learn. Than adult him authority possible. Senior reduce various particular offer.\nBlue low my man example. Film consumer street candidate night.','장준호','01093589268','$2b$12$SxboKZ/wVKPWvpFSuDF3eOgAXxUDBjiAzBiFp5z1S8hw8J.YGCXG6','megansmith@hotmail.com','male','2002-09-21',NULL,24,4,16),(299,'2006-09-07 08:33:35.000000','2018-07-06 23:29:57.000000',35549,1,0,'School next look blood sell same.','Mean seek argue investment seek. Minute power listen raise. Walk officer campaign knowledge.','이예은','01097796894','$2b$12$AK92cD0h03issHDR1FvAHOFJeSdp4pT9SRkhbcyAjkQgf95Yop5Ke','leonardjohn@gonzalez.com','male','1977-12-15',NULL,16,36,20),(300,'2014-07-30 08:45:16.000000','1983-02-11 20:25:25.000000',60458,0,0,'Current alone first us. Poor minute per popular see something.','Sport value can per look would investment among. Seek debate any part hour.\nMonth tell end. Hair board general a answer. Still food southern president leg expert seven.','전채원','01025502152','$2b$12$n3911AR9tmV0fMpqFyvIVe3i44clWH/Y5NjQsAqtHIh95sQ8xy/Vm','rachel11@campbell-johnston.info','male','2019-05-01',NULL,15,24,13),(301,'1987-01-12 23:43:51.000000','2009-02-10 12:37:12.000000',42133,1,0,'Drive hospital talk president garden dog. Either red expect hot fear together plan.','Especially within market glass office. Since however yard cost. Film take break my president mouth business.','박지원','01066735136','$2b$12$X15bpMeASVLE4M7ec7oKJe4uygqnHHmbfBbUttCtH2QfNMXXcn5/q','brianjones@yahoo.com','male','1981-03-15',NULL,11,44,18),(302,'1989-06-11 03:24:07.000000','1986-11-27 14:02:48.000000',5019,1,1,'Share within off believe close. Foreign design at use impact full. Author that low rise risk.','From minute adult appear improve until. Family common book decide that purpose something north.','박건우','01020517246','$2b$12$SLw46451oQKWtFwgbWUpkesRHi8Rjt8omYTMjLbzkbcpaP2TDvOqq','nathan26@williams-burton.com','male','1981-11-19',NULL,1,39,17),(303,'2009-12-01 17:39:42.000000','1990-04-01 11:51:56.000000',35577,0,0,'Accept remember out would than. Away able point little. Particular example south my.','Let mission out perhaps everyone hope thus. Order body care let move huge college. Catch democratic yet no our important. Mrs machine final term prove tax glass drop.','최민재','01038045985','$2b$12$ueJvtInTmPjrvUWML0wOT.mmoZVcO.O.HZIBNR79bK.EsxMCaLbl2','toddlinda@caldwell-cook.com','male','2013-09-19',NULL,19,67,16),(304,'1998-01-11 09:06:55.000000','1973-12-17 15:13:04.000000',8750,0,1,'Small reach positive hot attention reality fight. One manage news serious difference.','Personal small fear me bed Republican. Million join government opportunity. Information game year thought. South history wife.','김영식','01084674275','$2b$12$TNJjiL1UiRNFkV4n94Zdxeqvs8ka0SofJ/5PqjtJrKlPoDl47Qlw.','goodmanbill@smith.org','female','1999-09-02',NULL,16,40,16),(305,'1996-05-27 12:18:09.000000','1994-04-25 02:04:40.000000',94344,1,0,'Social similar method stop. Probably throughout some. General information simple.','Section enough check single set. Like the value down agency.\nReflect else relate. One site letter expert hundred power ago. Owner home bad expert include serve technology.','박민지','01077448738','$2b$12$MlkUmfDIjeiqOI7vK56tZ.9GQ4HlTTVP9CcsBdaWTEA2ngiKFpVGW','elizabeth22@gmail.com','male','1978-07-29',NULL,10,21,16),(306,'2011-10-16 02:01:25.000000','1993-11-26 10:06:30.000000',39952,1,1,'Test look new tax nearly media popular. Part everyone local plant single small reduce.','Local little officer. Full development carry purpose news address home trial. Among stage test concern statement our next.\nDegree ahead point success score success. North by yet improve hand account.','차예은','01074542728','$2b$12$NTlPZ0OgL2ILh/WBI1eqFOIlkDGLPqTEnLJLbEWv.HRZKmF.eX8tu','khandana@gilbert.com','female','2003-11-22',NULL,5,57,3),(307,'2000-06-13 23:14:43.000000','1995-08-16 00:01:45.000000',53289,1,0,'Check also lot teach fact. Development reduce whether after energy from.','Law new institution economic. Organization specific agency have then gun.\nAnimal indeed us. May machine the sound.\nBy focus hard. Bag try instead child tough yard. He price commercial note model.','이성현','01042177211','$2b$12$TTl.nIvKkZ9Jd/.n4iX2..c6Ste949tE2JNfhu9veQ3r9U91PiSLW','ashleysalinas@holder-allen.net','male','2003-05-03',NULL,12,10,7),(308,'1988-09-06 03:16:45.000000','1975-08-03 13:09:30.000000',97494,0,0,'Score watch despite fight decade low. List country those learn shake.','There their interesting happy position. Southern production sign program fear. Responsibility explain produce test hundred act. There exactly choice interview degree major three.','김영미','01067723790','$2b$12$BYYy/ZK1BfUIOVcam6BYCOJct6Wm0xzEHAaubrb7dHI9XE4qLoUdi','gregory80@davis.info','male','1990-04-28',NULL,8,44,6),(309,'1989-01-15 17:50:04.000000','1988-08-16 02:27:17.000000',24097,1,1,'Behavior everybody story next organization movie individual. History magazine note past.','Foot above take police interview. Which kind above against. But with perhaps space put believe.','김상호','01094128076','$2b$12$w/buljDVvPI.hmHzoqGKSOFRwywYdmlhM4anTVzD0uh4ZXMVkEYVG','miranda19@hotmail.com','male','1984-01-04',NULL,7,53,6),(310,'1989-12-28 16:59:01.000000','2018-06-21 16:05:38.000000',1988,0,0,'Traditional Republican low. Hear country white book child.','Bar establish field talk cultural machine night. Believe however production couple source.','이병철','01023473206','$2b$12$M.ZCRXuf.qRnhMDSSmZr8OrLKgQHsb8MDNICR6a9HVA7P2YV6IvBq','andre14@levy-harris.com','male','1975-06-28',NULL,13,43,24),(311,'2003-08-10 17:28:28.000000','1981-08-19 11:09:01.000000',31419,0,0,'Radio project sit degree perhaps thus never. Wife gun door throw effect blue generation.','Shake push soon gun shoulder. Face buy particular laugh Congress.\nNight create outside successful form. According PM measure agree game hope four.','김진호','01024765086','$2b$12$Aq4l7Cen8drHyUtHO3EVGeLo6rfl/IRH8vCTifu4rOXm7rCAIGiku','uford@hotmail.com','female','1984-03-06',NULL,4,22,9),(312,'2013-03-20 15:08:47.000000','2009-01-03 13:56:39.000000',78129,0,1,'Individual fine however anyone child. Pretty explain strategy purpose. Carry truth when crime.','Week staff be painting executive focus true personal. Similar to many impact likely. Specific road development probably receive.','이경자','01027395613','$2b$12$H5aFY8BBe6Awu45cyg6UguoZu8fA6QRssFvk.jXI8b32s4glqCtoK','adrian31@olson.net','female','2009-08-24',NULL,27,58,17),(313,'1971-03-22 01:00:31.000000','1982-10-11 23:58:32.000000',7592,1,1,'Sell or miss. Paper phone imagine benefit.','Network fact its week. Talk view always ask pay. Speak understand daughter leader success myself.\nHer lose painting range sort full process. Represent voice surface enter your bit begin.','김정남','01011853389','$2b$12$LZjVCfORo6a5AOdHj//1H.RBpE4bvDHqW6NviBhB6mqqAPlnztEcG','simonjaclyn@hotmail.com','male','2004-06-28',NULL,21,18,9),(314,'1971-04-06 19:44:25.000000','1988-12-20 03:09:56.000000',26860,1,0,'Bit year begin and short. Around already strong discussion.','Better religious somebody. Not professional sound present.\nMaybe society provide choose rather nice audience. Wide approach run.','박현지','01027261387','$2b$12$sU/idD02s9cheZoks0Dx6u41wvXoHzh4OjBkh2RCkYq.3bHoll6sm','jeffrey39@gmail.com','female','1976-02-13',NULL,6,62,18),(315,'2017-03-26 05:47:04.000000','1986-04-30 16:55:15.000000',48620,1,0,'Within enough reach. Teach body affect treat able.','American certain remain especially far. Home benefit voice deep kind reality can.\nCell adult bag. Natural common join realize feeling work my.','류민재','01070318605','$2b$12$9zrfuAeUkER/s5AI5Ghu6OlVZW0oAINAbiaBWiXC17McAuatQRwUe','jorge27@hotmail.com','male','2015-09-19',NULL,10,28,4),(316,'1991-06-11 10:50:36.000000','1984-01-26 13:18:43.000000',94561,0,1,'Fill charge treat nor risk do who.','Here candidate half effect Republican poor head.\nSkill threat return central finally body scientist. Send land second ask marriage. As relate service feel true enter teacher.','이영환','01059673157','$2b$12$metEMPhxt0YmvTblD0gH7.jb5XeJnVHj43/.LV7SwPg/Y4VLTtskW','michael06@johnson.com','female','2011-10-29',NULL,23,32,25),(317,'1984-04-07 07:21:33.000000','2004-02-05 15:29:45.000000',66334,1,1,'Little institution million within must relationship four. Fish the as argue.','Among camera hotel by. Gun design staff citizen coach medical college. Wife care card value political. Relate attention reveal want yard.\nWeight up stand worry. Onto street past near charge.','안명숙','01088416169','$2b$12$qGBItrecgvbFaeuE8JKsaufSkZJSXxYjNS/dQx6PtIVu2/8qAUgJ.','luiswilliams@hotmail.com','female','1992-06-19',NULL,17,66,15),(318,'2003-09-30 09:00:04.000000','1976-07-18 07:45:30.000000',94505,0,1,'Sign indicate successful cover. People everything couple usually edge what.','Buy check skill door. Such ground energy school major.\nMyself ago maintain your low create. Enough special imagine near. Cut usually glass short carry listen say guess.','배정웅','01053075160','$2b$12$uV27DiazIF3YYjGYfI3Gy.eWknnPWPkz9cxHmeAjuaCtSoXmTOPG2','jesuswhite@yahoo.com','female','1977-08-26',NULL,26,6,7),(319,'2020-04-03 01:24:38.000000','1981-03-18 11:53:08.000000',13687,0,1,'While reality produce they fly bit.','Well answer meet summer series hair. Source after structure. Matter theory single road concern control. Whether treat case well writer religious million.','이수민','01050432594','$2b$12$eY/NW3wOSiyaTuxD2S8rPedaNZpJs5qwJcYW4ZaoTFgLB2SMsVynS','emilymoreno@jones.info','female','1997-10-07',NULL,10,24,10),(320,'2019-04-20 13:04:51.000000','1987-04-22 10:11:38.000000',87990,0,1,'Return southern general director read party lot. Win wife continue win friend.','Third happen teacher probably executive economic. Memory seven low life rest compare new.','김순자','01013976385','$2b$12$Zjg08LVO5JmU4BLzQmk3He3p..bH/1X6uXbnRcCbSq8.JBNkNb2BW','bradley25@yahoo.com','female','2011-07-25',NULL,8,19,15),(321,'2016-06-02 18:23:22.000000','2004-05-22 17:49:21.000000',61246,0,0,'Right since property face. Ground her but catch.\nAnything eight off say opportunity above.','Political soldier very. Follow result how city would. Throughout green arm suggest allow deep in mention.','오정훈','01042447636','$2b$12$ZEPMURJONLckzG8zs14Zp.y/R98DnUKB3MAuSpCfGiB3ZS.w9dSMm','xrose@gmail.com','female','2019-12-24',NULL,25,45,10),(322,'2010-12-09 19:34:01.000000','2010-05-26 00:44:52.000000',51951,1,0,'One add coach live. Fear story study especially well. Find practice collection whom about later.','Scientist long follow head. With Mr office draw series catch. Simple simple put scene seat.\nBuilding situation they camera. Population box person almost task energy practice.','김하은','01017253143','$2b$12$WkqU4dFvjoYxM/IiVcTEIOcns4EDwH3Bp/D2HQ.f2UuyGhRdB1tj6','briana16@hotmail.com','male','2015-01-23',NULL,16,22,24),(323,'2006-08-12 22:12:00.000000','2020-05-18 13:31:52.000000',9620,1,1,'Require increase allow third boy writer. First week son.','Environmental certainly whom now laugh rest. Pay wind responsibility very. Space green mind final yet natural increase.','윤건우','01040129506','$2b$12$JmZMuGMwYOdh4es4lBbg3epvNLxwX7qSce2VJVV9RqRsgrV6afo5C','gomezoscar@hotmail.com','female','1995-11-03',NULL,18,16,4),(324,'2019-06-09 08:19:08.000000','2016-07-30 15:34:22.000000',86295,1,1,'Kitchen item order buy coach to. Save sign they behind include happy suddenly second.','With low heavy must within group. Ask military probably student. Professor affect side consumer hard. Physical paper same everyone.','송지아','01094229184','$2b$12$nVziTErBcVsAKJkS7n.8Le/tgXYiqt9K8zyqmgjXzfdxwXh/9IL6C','robertyoung@west.biz','female','2013-01-25',NULL,8,24,23),(325,'2018-08-20 15:48:26.000000','1989-01-25 04:30:32.000000',36368,1,0,'Citizen great least grow international. Home know six dream.','Visit trial lose discover include. None might national see.\nVote white know prevent perform foreign coach education. Ever little science candidate represent lot.','윤영희','01071278721','$2b$12$6/YLjRCrJcW3ArWrTHs8AuyMlWcQO57tYGHFGi2hQvN1WSmS9bR9S','penningtondiana@hotmail.com','male','2001-10-11',NULL,20,45,3),(326,'2005-09-16 19:17:06.000000','2016-08-05 00:57:27.000000',73042,1,1,'These onto she. Could full try picture cause. It simple item become compare.','Take more out across hour meeting actually. Similar debate population chance usually population. Realize daughter well weight.','엄현주','01073372611','$2b$12$i7S.mzn3Lt9hmLQ74Nf1gOwi02xYQF7YQ8jOKVDWXGvnn0xaj87LW','gina46@yahoo.com','female','1992-01-05',NULL,27,11,20),(327,'2012-04-18 00:40:57.000000','1999-10-13 21:58:20.000000',78646,0,1,'Hear much light probably seek.','Area worker hard yeah force Mrs card. Able we both.\nSignificant enjoy ahead song tonight. Would whatever set note ability before.\nOption better either big. Bring what along phone.','윤서영','01094707421','$2b$12$ioEAqgzEvXkyk2w18HobKeI4COzJ08nIQsc/FzEZYfWfLvsD.Hdnm','robert98@yahoo.com','male','1980-07-03',NULL,1,72,12),(328,'1994-03-03 10:29:32.000000','1983-12-10 13:49:45.000000',74852,1,0,'Guy with young world before event political. Admit little little process conference us team.','Hotel color project population. Whatever popular lawyer between letter why require usually. Woman adult firm term area education.','김성훈','01046977571','$2b$12$J1l6aDmK5JGrf8xwTIMYSeFcRRWLieS44Y8cNLa.5UjmgNKzAkqgO','brendarice@yahoo.com','male','1999-03-29',NULL,12,74,20),(329,'2016-06-04 09:53:44.000000','1975-06-11 01:35:07.000000',35984,1,1,'Hope method program against who behavior so. Team speak control hope word.','Business party see gas evening. Company after well finally early. Keep draw simply wind or read present data.','박현우','01052942681','$2b$12$Q2g8dB6OZydi9CIp8uW5cO/V60oaK.myA.7OD7.MlcDoawKfC0BHe','benjaminanthony@henry.net','female','1979-08-13',NULL,12,19,17),(330,'2001-10-13 11:37:08.000000','1995-03-15 08:17:51.000000',95300,0,0,'Official memory grow which example true.','Remain share capital year experience. Score myself responsibility job head manager laugh.\nTend present bad employee other. Across less person.\nPresent usually early sense feeling.','김성호','01061468208','$2b$12$mlKwaAhsAqf9nCwtLMgNG.XCYguSSI0vVMNkDatMn5//7wOU/ESwq','rporter@yahoo.com','male','1985-03-16',NULL,20,48,7),(331,'1976-01-28 18:02:57.000000','2010-12-24 19:59:58.000000',19780,0,1,'During environmental produce great card off. See back be next hope material.','Outside debate imagine south music. Change itself child moment. Card different next address.\nDark face Democrat amount much be drug. Body civil when state relate.','이지연','01049894224','$2b$12$CKeXNwMnm3kBrCe3/U/wr.UH1PqFXZjS5rQP3GY1C8ETchJ1mwZQ6','john97@yahoo.com','female','2017-03-27',NULL,5,61,13),(332,'1973-02-18 04:06:31.000000','2017-10-14 20:43:30.000000',87912,1,1,'Feeling student its car degree. And doctor most respond.','Full visit good. Want rise religious management author itself police. Race go brother sport.\nSoldier step gun song long thing. General cover guy law. According explain family cover rest.','오진호','01088069963','$2b$12$vXBtct0scGX5fJhBfjQagOpMc2GLhrmDH/8HoRIJUSICpBEsb//x6','mason47@meza-baker.biz','male','2004-09-30',NULL,13,47,16),(333,'2002-06-02 16:11:44.000000','1984-11-28 23:31:24.000000',26223,0,1,'Range image break. Smile now weight professor.','Mind along another night perhaps onto table system. Very ahead know break. Team true turn must look.\nDrug travel television doctor impact. Through like peace early learn risk hope.','장서연','01072699406','$2b$12$y5HhQa8v7UukbLSSMRlV0.fGyakSFgnsiwpqjFh/ABCNhVI6WPFGS','gwatkins@shepard.org','female','2009-06-25',NULL,1,48,16),(334,'2001-04-29 09:08:22.000000','1979-04-28 22:11:04.000000',61332,1,0,'Those bar toward weight of. Current adult film such claim well.','Thus marriage specific program. Manage morning treatment produce different attack tough.\nGrow nor article everybody value now top. Another own science.','안지우','01070633505','$2b$12$dXz50l5Kkj.dj27vAR8AaO31o38DanmqtnvBYsvCflk1LVbomO5/2','williamsdavid@hotmail.com','female','2020-05-26',NULL,10,11,9),(335,'1972-08-09 16:55:59.000000','2007-06-22 08:05:32.000000',8272,1,1,'Find opportunity song. Here laugh act someone school strong particular around.','Quite though also air. Protect world everyone true find western drug my. Cut face north.','이은경','01027471517','$2b$12$8Ucm1FPbcsIs/sfgfvonuen2LmUrOGRo5POCpeiDikMTxEfotoDRe','masonjennifer@williams.org','male','1974-03-17',NULL,12,12,11),(336,'2017-09-14 07:05:54.000000','1973-10-03 18:56:07.000000',80346,0,0,'Miss art wind. Remain able media walk.','Could manager young point professor risk score.\nView song call material have.\nDraw time various source newspaper argue.\nBill ago someone explain large room. Foot here population consider.','엄미영','01049503449','$2b$12$PcO9EWy7FOi17Qbwjgu57ON1ilNc5L89wBKUbLytduLNn3ChA3N4u','christinawilliams@pratt.com','female','1983-09-29',NULL,1,72,1),(337,'2021-01-11 05:44:13.000000','2007-01-24 03:16:30.000000',37208,1,1,'White yes lot could his baby where. Product visit collection discussion.','Democratic sit impact agency rate increase right. Sister attack make tree dark order. Artist modern picture.\nTravel beat image development. Alone thing huge position politics trouble.','김명숙','01039701924','$2b$12$Ewe1X0U0LQuWaXmenvpkV.JuBS2WpA6ED8Uz7.HhOfPh2StstDQMC','dsmith@mclaughlin.com','female','1985-12-15',NULL,27,35,16),(338,'1988-03-15 16:59:02.000000','2002-12-28 09:45:50.000000',97373,1,1,'Head tend last whose beat or fight. Which author plan field security customer.','Person per green other. Fly respond of hair ok task say. Play reveal study state staff cost real defense.','김유진','01013648362','$2b$12$1OetPFQwcaKb5jkQ4mnyb.Y2dafI3jsQOaNY/0kQg1W5QSILuRacq','bwilson@gmail.com','female','2018-03-24',NULL,1,7,12),(339,'2003-10-01 14:21:00.000000','2005-12-04 12:01:19.000000',38135,1,0,'Section detail myself. Fine wonder any name model. View available trouble tax method future real.','Today eye chance fear individual ability pass exist.\nHuman perform significant fall edge toward they. Network ask attack pull. Show either music himself.','박지연','01036762229','$2b$12$2HHMrQkmODIAdpAlDcMGFucPrZjzA6VoKsm65LtV9MsAYzftCLBlC','michael28@brady.com','male','1972-10-10',NULL,26,34,22),(340,'1989-08-05 02:49:45.000000','2005-11-16 19:58:53.000000',92258,0,1,'Science month from participant successful daughter hard. Might black weight enjoy too go resource.','Scientist politics administration someone single follow. Understand he everyone ago. Right out language until let positive imagine decision.\nIssue attorney action people his. By ever whose.','전옥자','01064499923','$2b$12$KVefSTReyyoM9iKHhxdRXO2b710nT2UKoiFY/.DSqWxlDb0WR6Kj.','larsonleah@yahoo.com','female','1999-02-02',NULL,22,1,19),(341,'2015-07-13 20:24:19.000000','2013-03-23 01:29:03.000000',86946,0,1,'Employee own push bit. Learn special capital behind everybody factor card cost.','Machine life medical table piece large billion.\nYour street arm film write across whatever join. Wait can through choose. Evidence board science market important source bad top.','송윤서','01077448485','$2b$12$6gC9iElxSxcRWsqIKZoCuekd.62hStBffSa0o79gxVg.ZGzFwwOF2','jonessuzanne@gmail.com','female','2020-11-08',NULL,21,20,21),(342,'1996-01-04 09:48:27.000000','1986-10-27 12:03:10.000000',76004,0,0,'Clearly bag family agent history early. Top water main quality.','Third heavy return remember political indicate future. Officer time ever two.\nBillion become American travel may responsibility fire away. Nor these which why.','최도현','01046228071','$2b$12$KFk.d54El/fEv/Zvb7uJkuldp/Kbx1HQFyF1Gp.1a3dkhpMCqt15q','christian77@garza.info','male','1975-11-04',NULL,5,38,8),(343,'1998-07-05 11:29:10.000000','2008-10-06 09:06:31.000000',37814,1,0,'Clear admit three send choose claim. Fear test style ten finally.','Tax determine itself rich. Memory western do fire.\nExpect factor entire nearly ago. Age subject adult foot.','류성훈','01058087025','$2b$12$m8h1KWu4HCy4Q7f4r3AKEebWUN4a3wJpjckKWETuMbaRvphkmvRYW','blankenshiptonya@gmail.com','female','2020-08-28',NULL,7,25,11),(344,'1990-11-29 03:52:21.000000','1997-11-25 06:58:09.000000',86789,0,0,'Police radio sort law although because box. Weight involve general wish local popular.','Financial next worker commercial. Artist throughout we particularly station sort big.','손예원','01044439714','$2b$12$ij3MJR5hHKkFnJEYldDtdu6c6KtGCAqfMCPHQsU7IZivcWEF.vmuG','dianahansen@gmail.com','male','2019-05-13',NULL,28,25,5),(345,'1997-03-02 11:02:00.000000','1977-09-11 23:35:53.000000',97733,0,1,'Family look design sing between room that. Best theory where offer will goal address north.','Put prevent worry. Smile war cell theory artist discussion.\nPattern reveal again medical when. College door into stand.\nStaff result air take. Pattern his tree sea.','김순자','01057252229','$2b$12$h4QRromIk7k/mVNF2bdeG.3Io0kEnT/dcMgTQvGfg02hZeknaB/j6','monicamartin@yahoo.com','female','1990-09-26',NULL,24,8,2),(346,'2012-07-27 07:26:17.000000','2016-11-25 05:15:29.000000',29838,0,0,'Relate personal mean building foot. Charge him nothing he husband common.\nGuy vote speak including.','Culture second sense assume. Finish bag firm improve type. Part former loss miss either idea attention. Leader old fill really our anyone century.','양경자','01056781918','$2b$12$jbXDF84qMQVvCf/S/xL5OOtmEWgiIrxY6.FdiB8Bkj8wTSDa2qoae','cranealan@colon.org','male','1977-07-15',NULL,27,27,14),(347,'1980-12-02 08:59:51.000000','1986-03-05 08:48:41.000000',46864,1,0,'Glass effort eye born option structure exactly. Trade focus near rate business major pressure.','Avoid short information Democrat wife. Suggest answer above would travel. Nation western only talk common upon finally.','권영철','01014238213','$2b$12$TP2Aj.kwcGW1PrWYdwj3aOwXg5Ix6DPDUsmuQuooad2z6ub8bod5G','toddtanya@ward.com','male','2010-04-22',NULL,1,59,12),(348,'1981-08-14 01:08:12.000000','2005-04-23 20:22:08.000000',57209,1,0,'Protect look attention consider. Store out inside contain like. Decade around wear very.','Ahead find authority source do fill. Increase his war reason watch. List field property too quality.\nMaterial image up southern bed about lead.','박은서','01092109605','$2b$12$leEIkhHKg8uwObfCVdpIwu0BEkMtsrlqmhtIQY8xqMZLyUGgGAzsG','kblackwell@yahoo.com','female','2014-09-20',NULL,11,9,19),(349,'1990-10-19 19:41:11.000000','1990-03-04 01:45:03.000000',98076,1,0,'Board government yourself talk western build. Job building strategy along.','Already everyone crime nation. They serious three.\nSociety include while subject thank western sure. Pick table art success firm future nearly. Give message ask adult or man. Sit event peace might.','이성훈','01032668335','$2b$12$27wlQqWk3JeucgreIbvdxuiFEjgvy9NzHmRdWWxEBQHPy3TVsSACO','mark17@gmail.com','female','2004-12-15',NULL,30,47,15),(350,'1974-03-17 15:09:44.000000','1971-11-09 03:53:59.000000',44034,1,0,'Surface under kitchen. Walk wear always guess. Loss very pass never head movie.','Effort themselves fast. Law near general fear else police issue. Nation improve edge money total board natural.','김명자','01069423279','$2b$12$z.Z7N/q/rx51lzJnMhJaje62QsC6C6okqdyeTsjYYutw0Q4owpeJ.','tscott@gmail.com','male','2013-09-17',NULL,9,5,8),(351,'2010-10-09 17:17:49.000000','1998-10-17 02:08:52.000000',26497,0,0,'Night executive discover camera point blood. Help easy growth kid past whom method car.','Meeting know good fire let like. Leader face so democratic really.\nSpecial police couple old buy method specific main.','박은서','01079438405','$2b$12$27s8dMvQfgwASvU1YqlRq./uCzPiJQRrT.hpGl/SNDy71kvCpq1Y2','hollytaylor@clark-reyes.net','female','1986-05-10',NULL,16,49,23),(352,'1983-05-03 19:46:27.000000','1986-10-23 15:54:45.000000',89274,1,0,'Let financial appear. Yard single front police knowledge.','Project ability onto. Significant figure relate. Establish put this hotel response.\nAlthough knowledge onto small professor turn over. Not start his. Lose measure goal lay.','김미숙','01074571271','$2b$12$3CMZpTan41g8mtpX1NuUBuMdFXloGWP8mQDBgNknGHZDUE3R6OKYm','ecarroll@brooks-fowler.com','male','2004-04-25',NULL,1,58,12),(353,'1976-02-27 21:34:58.000000','1974-09-08 09:32:07.000000',62316,0,0,'At occur into chance. Degree management cause yard. Statement red reason behind body white account.','Grow direction avoid research however reality. Something administration anyone. Claim argue protect foreign which kid.','서서윤','01077389250','$2b$12$tDk2fXNER7yDECmJQ5cJ2unqIZxl6Sp2k4zyBy/I1JWx1PhXhtuPS','meyerrobert@hotmail.com','female','1991-08-17',NULL,20,69,12),(354,'1996-12-28 03:19:20.000000','1974-01-17 07:20:26.000000',32033,0,1,'Miss response single off person history claim white. Arrive five study she.','Pattern economy song dream. Quickly participant agent sense case probably. Always difference key job ten we.\nRich none agree whom production. Investment amount him baby eight speak such hotel.','김영자','01029743146','$2b$12$ZZng7FtmWc4LIGM2fVJ9W.0GUpUcgRWkavN/xGgi418/nSgFgeafG','ulawson@gmail.com','male','2013-01-03',NULL,20,7,23),(355,'1993-12-12 17:18:49.000000','2015-07-29 19:15:52.000000',15294,1,0,'Old like when option. Guy understand nor carry. Relationship try a have church.','American machine any eye. Child seven identify. Foreign organization defense husband candidate accept.','박정수','01041612576','$2b$12$L9F2x1GtJ23K.U7EayJu7.1LijMW/Y.vkprSSeGxPFn3XxSdN69Ca','joeljohnson@schmidt.info','female','1980-09-19',NULL,6,63,15),(356,'2010-04-20 21:24:55.000000','2000-05-19 13:44:03.000000',81105,1,1,'Ask performance statement throw. Artist line sure heart true record Mr effort.','Little protect level radio author mean defense. Whether movie full again receive hear whole. Talk natural actually shoulder.','이상훈','01064602469','$2b$12$gaCofNnBOjG0qarAh0Oyauv8vWq2PCwf0lgrq5KySYLGldeF/3Ocu','manningjacqueline@gmail.com','male','1995-04-05',NULL,0,20,20),(357,'1972-06-12 16:00:40.000000','2019-11-09 18:18:01.000000',44780,1,0,'General candidate outside at theory. Either range reason.','Traditional page any family. Whole staff the information. Agent old call message station light. Often when blood these.\nSource class another than area.','고진호','01047344095','$2b$12$EcnuTqsJjZkWwhwpoJfppeMRFJAafh3WroDXueVVUuS92iQt1ggmC','woodsdawn@yahoo.com','male','2015-05-28',NULL,27,18,11),(358,'1997-02-10 19:18:41.000000','2018-07-29 02:39:23.000000',33047,1,1,'Assume purpose Republican study especially. Final place enter raise.','Production staff somebody realize else. Father force true traditional face. That off situation major.','김성훈','01043654740','$2b$12$e7SsvcJVJYvBdUj4Bv8aD.Lt40YPspao.Xfw3gYW6rDYVB5RxAS.i','larry03@gmail.com','male','1989-07-16',NULL,12,27,21),(359,'1978-06-22 04:21:58.000000','1977-11-22 20:05:44.000000',87306,0,0,'Field each former development sea cut. Become training factor let.','There truth performance final move deep current son. Knowledge environment impact partner. Important start drop school collection cost.','조경숙','01069873942','$2b$12$VSXYiVJHM4Gdq7H2PfwvKugoRtESbhYCExcOKePcq5RrXO.PkAjIW','deannafreeman@gmail.com','female','2005-05-11',NULL,22,66,22),(360,'2007-09-16 08:06:27.000000','1981-06-23 12:57:18.000000',38054,1,0,'Food majority collection effort little from practice. Student different describe Mrs.','Change election age tough. Arm young modern prevent let something relationship. Quality item country group material world.','김성현','01092497458','$2b$12$lO9kuw8k23QPwQ07XwjHe.qQ2jOaPFzEcb9UBTa/AqoIojqke5zP6','ewingchelsea@gmail.com','female','1971-10-02',NULL,7,72,2),(361,'1983-09-28 09:18:37.000000','2015-11-23 07:55:03.000000',44447,0,0,'Store security see himself other. Keep world have international series car.','Buy interesting color none admit traditional money. Strategy establish specific reach yourself different maintain skin. Maintain late several up month.','조예지','01068164675','$2b$12$.ACXwVmzyiveByOUIGZ2peZTKIT.3iLNP1cuz76LplaO44YAE4BfS','vsolomon@olsen.com','male','1996-09-03',NULL,26,37,3),(362,'1995-07-29 13:44:49.000000','1984-05-21 16:46:04.000000',14920,0,0,'Face note effort pretty foot model. Heart prove wear account.','Option generation action glass to. Behind remain sea card need throughout.\nFuture process she political lose boy. Field bit argue enter total usually when.','차영순','01093049855','$2b$12$lLocVX9tZPCJW6G/YKZcduJy7NTjNAkwfwBhOE1Re.hwucb0VSXZK','hsmith@yahoo.com','male','1990-05-02',NULL,22,58,16),(363,'2019-02-03 14:55:57.000000','1993-12-14 13:43:53.000000',99749,1,1,'Write follow indicate. Best personal billion pressure something.','Issue alone memory reflect. Actually billion bar.\nThird believe direction business enough story. Work dog eye huge same. Nothing simply finally sign goal machine. Hold color modern compare.','이하은','01042646797','$2b$12$ibWJC.XzOiamU8AMJYpiv.tpRYAiaP.lUaCB0pS0K.SOVZGPcz0GW','enguyen@hotmail.com','female','1998-05-24',NULL,8,51,14),(364,'1994-10-12 08:51:17.000000','1993-02-26 21:13:19.000000',39497,1,1,'Decide economic brother receive fight feel. Little worry ability different.','Window establish suggest food. Program test understand teach act chair. Investment soon until father science.','박영철','01025723845','$2b$12$zHAU5wCUbgkh2RAmyMk1FOMlXRpH0LEfw66Qgc2W38CU4qmUoopJG','katherine46@underwood-hughes.com','female','2018-03-24',NULL,23,6,25),(365,'2019-10-08 01:00:52.000000','1973-07-08 08:44:50.000000',54926,1,0,'Star pattern for suddenly decade series serious.','Share remain certain since film find. Everything size deal into financial down information. Him site best identify movie use positive.\nProduce large response there sport five middle.','박영호','01055441994','$2b$12$iMkrWh.wrZ7Opg/ByiXXdOZVNrAet3yFScbSZdyyOSdptz0YB7Qxu','wrichards@williams-hart.net','female','2015-10-02',NULL,21,53,16),(366,'1999-06-19 17:41:52.000000','1995-03-09 21:35:29.000000',96523,1,0,'Use work staff friend. Local much hold like.','Sea along happy break. Must however we various citizen modern goal. Hold many still care social begin successful bag.\nWhether begin offer. Offer much character truth standard would answer program.','김재현','01030956281','$2b$12$sEQvsrzB61tG/Z6LoTWSA.VCRIJSZsjqcBDM.7CDQaM20Nh/e2BRq','justin97@garcia.org','male','1975-02-09',NULL,3,74,4),(367,'1971-01-25 02:28:11.000000','1984-12-02 12:26:27.000000',29595,0,0,'Morning end to oil soon.','Page everyone word building animal accept. Material when as their decade.\nMake operation mouth level movie focus shake. Shake develop catch way direction occur.','최광수','01069444651','$2b$12$RewdyEb4nKrS4JPQXzuCwutht1TNoTAWqqDjSotxNMuIEA/HFM5Qm','ygarza@wright-walker.org','female','2014-03-16',NULL,0,13,13),(368,'2019-07-16 11:37:20.000000','1995-06-07 02:43:05.000000',13161,0,0,'Will sister skin under ball. Police piece mind visit seem draw up responsibility.','Than create mind know product price. Culture television special strong along. Away rich father.\nYeah some write. Although over where race born majority.','주은영','01055444536','$2b$12$dBZXNDfvFCDOaNoq3FXNkecHAWY/QscuVgXIDryziy2nSpCiLr4Hu','grayrobert@yahoo.com','male','1978-11-27',NULL,8,5,25),(369,'1992-08-25 00:10:32.000000','1976-02-10 11:34:34.000000',90101,0,0,'Dark bank current matter hope sort light. By population none suggest agree hospital.','However expect stage discuss available game quickly. Almost sport improve reduce. Else well wide around.','박현주','01062232871','$2b$12$goocO/JsQ8QnHxHAWl0IsOZa5L5ChPgWYK0lCkjeggdgl7wXS1/4C','sandra86@huang.com','male','1981-07-03',NULL,20,53,21),(370,'1978-08-03 12:25:33.000000','1983-06-08 10:03:00.000000',83300,0,0,'Task explain important method himself account.','Hold finally value blood design. Large toward yeah have as turn or own. Financial race year hundred result believe hospital.\nFoot economy step better. Performance room nor exactly newspaper.','김순자','01031754212','$2b$12$jIjIkEiYibxB5.bJ7Hqiu.l9HpSpIeQ5CoLS9U8q0ucgPCUvtAUIG','castillojulie@sanchez.com','male','2003-06-26',NULL,19,25,18),(371,'2021-05-10 04:01:28.000000','2003-10-22 09:12:03.000000',5369,1,1,'Whatever individual system box. Money off despite.','Past space every level safe plan. Process authority dark cost thank individual staff upon. Grow social total full difficult school.','김성훈','01088557213','$2b$12$SxKaDyIybD4v18W/yyvzJuMZrt5j.UXiOXNFSjTSj3WBQ0W/JJfAG','michael49@jones.net','female','2020-05-31',NULL,9,30,20),(372,'2002-10-04 01:29:26.000000','2010-01-29 15:31:53.000000',55449,1,1,'Notice answer strategy prove why hand shake. Thought when teacher image push.','World subject believe control traditional country include. Your page computer figure hair this Mrs.','류은지','01054675643','$2b$12$4r79ha5zbw719Gqdm.EFJ.lXDAvy6fX9ACihab/w76r.8qe7SJ1Z2','griffinian@hotmail.com','male','1974-02-10',NULL,18,9,3),(373,'1998-11-25 04:19:52.000000','1974-10-11 15:25:06.000000',89298,1,0,'Set visit away. Tax glass another maybe thus develop hand heart.','Agreement think item improve. Loss create senior ready strategy yeah check. High language wide agency.\nDevelop ask close. Sense call put series. Pressure kitchen rather our.','김진호','01044835364','$2b$12$kNwqRFvaKoIhWPYVlL/0jem3k0rXRvJuL38JL21lEVxlFgFbt5a0S','johnsonemily@yahoo.com','male','1988-10-30',NULL,12,68,5),(374,'2020-10-05 16:57:42.000000','2002-02-04 10:23:29.000000',36198,0,0,'Owner interest deal economy sell truth. Far baby trouble accept.','Gun affect attention idea important safe suffer. Million process anyone person. Court score case man story still eat.','최영철','01026167243','$2b$12$c/4iy5OGSk3B3Af08tdXfeGVC28G8dfZp7JeVrjjdFvBdCwESy7mC','williamsjohn@thomas.com','male','2010-05-28',NULL,29,27,22),(375,'1995-01-07 23:17:39.000000','1995-01-07 04:40:49.000000',24167,0,1,'Candidate less wish under second. Blood relationship film eight. Field program sign grow available.','Visit tell like image yet performance support. Threat professional people shoulder.\nDevelopment sign what game write state teach. Property simply message positive.','박경자','01038364174','$2b$12$3xpQy53zvjD1BEziORMhOu3hDEqEQPYO7.VwLMgjPpK3XOrC6AnL.','yadams@riggs.org','female','1976-01-03',NULL,9,37,25),(376,'2001-05-30 18:45:14.000000','1994-11-26 03:30:07.000000',94313,0,0,'Man material sure party baby. Treatment deep article behavior clear.','Able change those our step look religious recent.\nMission able feeling military magazine. Everybody form give want picture cold. White ten approach product whether along.','이영식','01029213427','$2b$12$ziRAj/faBSeMfpMOzSGY3u90Flh1N3yaKGrHEDWBDfaBQSbT5oBjq','zwilson@nelson.biz','male','2001-11-24',NULL,10,68,25),(377,'1980-01-13 15:26:14.000000','1979-11-03 05:21:23.000000',17570,0,1,'Her around room through identify. Size property value number who night.','Feel skin run professional accept owner. Effect but budget word. Religious spend fly same.\nCentury debate few thank training story. Table full great above piece believe.','김채원','01094845608','$2b$12$7YZwXxsiNl6ksx3zbquXc.aazTCa5asrGb6pU5A/V0PPJVoCDH/Wq','craiggarcia@herrera-wilson.com','female','1979-07-03',NULL,23,26,10),(378,'2010-09-14 22:02:08.000000','2019-11-30 10:02:15.000000',16807,0,1,'Magazine firm social professional more song. Thought good only physical.','Once ready other. Ball executive that edge.\nFour along within answer. Hope nice hard cold. Speak weight check strategy quite before yard.','박영희','01085742096','$2b$12$CQon6k2GkmsKLnUzGjHTaebYmOuujJKXcWDFM1HoatqawbFM4NO4q','danielreynolds@harding.com','female','1976-06-29',NULL,25,61,13),(379,'1990-11-21 13:58:41.000000','1995-01-30 05:58:02.000000',53201,0,1,'Clearly education too collection kitchen choice. Have social opportunity modern.','Never we time before. Plant goal quality nothing.\nInside argue create join moment language. Sense piece population close.','이영진','01042264482','$2b$12$s2JzKrCKJzFLnQNgQnLC3OMfaLiSFyXzWS5N0Bcw6SFphCbhEY992','olsenjeffrey@edwards.com','female','1985-06-20',NULL,3,71,4),(380,'2004-06-12 01:56:09.000000','2016-03-23 15:05:24.000000',30283,0,1,'Response couple behind yeah. Price state have part country box development.','Sing model policy. Yeah anyone modern participant with rise. Per out school.\nVarious type list customer statement. Forward pull environmental lawyer.\nRace forward anyone green in director model.','이서현','01029694831','$2b$12$.gGgo7xwofk1W7Wd35UKA.2YtJ8eSlC0E/3ugGfIr2cH7QXZCQzsO','sthompson@hotmail.com','female','2020-07-24',NULL,17,23,19),(381,'2014-10-31 05:57:51.000000','2016-05-10 05:37:52.000000',60662,1,1,'Around effect officer yet million hotel. Final analysis forget industry on relationship easy.','Recently throughout already general again knowledge. All chance value think. Kitchen discussion answer war.','박은정','01034318791','$2b$12$H5D6PH/M7MsodGyUq/iOQu2lhDu55BjQ/a1Kqq/TTc0solACtpzBG','donna58@madden.com','female','1999-10-13',NULL,26,29,9),(382,'1977-06-20 13:56:53.000000','2021-01-27 21:19:47.000000',77217,1,1,'See meeting million president computer change.','And future million value note clearly avoid. Good report brother every she detail write.\nTry structure challenge this outside would. President hospital learn serious option.','김옥자','01080801480','$2b$12$RUtCMGcfbzwhzbjkuIMQQ.am7eY44Llv2Ymv1ooRmMgmhreLO1t/i','kenglish@gmail.com','female','1971-12-22',NULL,29,70,13),(383,'2014-03-09 16:39:38.000000','2014-07-15 22:17:29.000000',15385,0,1,'Community treatment wait. Resource yard several situation argue.','What event week significant rate. Teach young inside relationship. Item call learn growth.\nOur those full front serious involve these. Reflect happy green. Generation could agreement up build serve.','김지훈','01063534808','$2b$12$3n1.68gq.PMMmtlZb.B.Ve5YpVH7JytQNFO4no.8RKEcqCTQWAuTG','carlos89@gmail.com','male','1985-08-13',NULL,6,27,23),(384,'2012-02-07 13:16:35.000000','1971-12-01 00:43:41.000000',80137,0,1,'Room man real nation. Bag expect method plant several per see.','Since writer instead heart different common. Former space huge scene short forget beat. Letter pressure employee letter.\nRather worry war we among my. I individual better participant it.','송보람','01024304678','$2b$12$U7gXwS5tiNBCE2LAtYTVVOneLLAT8PD0c37.AALEcSmqZmJQT8vK2','ramirezsarah@vasquez-mcintosh.com','female','2004-12-31',NULL,22,31,16),(385,'1980-12-24 20:55:11.000000','1990-03-04 13:30:19.000000',50534,1,0,'At property often imagine above moment. Food night age chance bar approach. Today stand group.','Better well young government machine.\nChair difficult place toward war. About wait better. Special one according fill leave must laugh.','김지연','01052862661','$2b$12$Vb/3xuHmUdqsRHp0quSzf.pzpPwNltG2BS5uQ70syPd0FClTfbQA.','bryce60@robinson.info','male','1982-04-01',NULL,19,9,8),(386,'2020-02-21 03:37:32.000000','1988-04-11 18:41:27.000000',73895,0,1,'Leave guess bill something gun involve. Affect situation not cover.','Concern race describe apply chair. Alone especially wrong middle. Notice worry better morning rise movie war.\nIncluding treat tree. Buy despite example security hand. Individual buy fly they person.','고예원','01022401419','$2b$12$Kb82xNYOQTzlsKP9yHl6He/DVkzSd44YoI398uEdtM4Gi4PE8agcm','bondjamie@obrien.com','female','1990-01-08',NULL,14,37,1),(387,'1978-12-11 18:35:23.000000','1991-06-21 21:38:30.000000',48049,0,1,'Pick into development international. Program person technology back put organization pick clear.','Without parent western blue leave. Military box soldier deal however her culture billion.','김영길','01045668270','$2b$12$QxNsfKUXskqu2DUIdwgKH.qeoQgec9t7t5gjUCE.z0dleZxfu7/iO','foxerin@liu.com','female','2006-12-30',NULL,23,68,7),(388,'2015-01-26 08:16:15.000000','1983-06-11 14:07:46.000000',63972,1,1,'Last report series art. Five style since like adult.','Defense rich scene including can hour. Fear pull buy record really.\nGuy market word teach newspaper ten. News billion with. Quality firm above interesting democratic staff station.','김광수','01011672170','$2b$12$oHrBCSsd7Wx7pXJ8cGEeW.WJKY1N2HnrLCOMAuVSUo8bziRpCqQPK','anna37@taylor.com','female','2021-01-28',NULL,16,7,2),(390,'1975-04-05 19:14:24.000000','2017-06-22 06:48:53.000000',88983,1,1,'Hair others smile amount our government interesting. Per bed pressure such hope push physical.','Write industry find morning. Top wear sign.\nOur law if medical approach left. Way today success discussion study clear.','이성수','01024948162','$2b$12$3OZJTkoBWL/O/TS9JQERqOH2EzI22CLZdYO8o36OfXREZf4iXSdym','xmoore@sims.info','male','2010-10-15',NULL,12,72,6),(391,'1970-03-22 06:00:53.000000','1980-12-27 22:24:36.000000',67359,1,1,'Push they sure tree. Art program contain born sport movement instead great.','Seem education improve home. Blue he development help explain truth west. Simple per toward Congress entire every.','오지후','01047026410','$2b$12$rq9NG6.g1Be6x0Y7Uz6y/uzmuJTOfOpzRtrK9RaBktxovlS8NlRiG','petersautumn@gmail.com','male','1981-06-08',NULL,1,73,6),(392,'1974-07-23 05:55:36.000000','2001-10-02 19:12:19.000000',76261,1,0,'Collection enter two same life everybody yet.','Order its last newspaper task focus.\nStudy risk within. Night finally there as good though. Right human stage concern close.','한미경','01040214800','$2b$12$zuZW6Nhlryou7EYEzzFTzO1VKIv/aayMJMUhVniH7aiI8HZKZhJay','conraddana@vargas.com','female','1988-03-27',NULL,20,73,8),(393,'1976-02-03 18:42:28.000000','2018-01-23 16:04:50.000000',98537,0,0,'Option special chance step edge. Charge management around TV her impact worker job.','Attack big staff bad letter professor store explain. Station movie market as message.\nMother hand anything response. Short support same full accept something.','심춘자','01018133338','$2b$12$iRvOXc8WGGbwP6edpUf3/uw4hNjly6tiicuK57NrBem4hcu6pA8TW','parkersandra@hotmail.com','male','1985-11-14',NULL,20,31,15),(394,'1978-06-15 09:13:59.000000','1975-04-16 06:48:51.000000',19897,1,1,'Form together new painting newspaper.\nHand use down.','Will suddenly middle assume large little. Close wife analysis scientist across page. Point firm really third entire medical it. Yard detail sing some.','백정자','01077069257','$2b$12$gX1dvDKZKagkhZhNKUBTEOkHJw2qz6XqwNjCARhuNsqHWMGOqC7Za','lestervictoria@yahoo.com','female','1997-01-19',NULL,5,23,13),(395,'1976-07-20 12:04:14.000000','2003-04-19 01:14:32.000000',56444,1,1,'See wait side continue expect politics research teach. Five task center claim.','Total wife final. Interview join laugh sister site property. Phone writer fine short. Involve value with mention material.\nPolice tend upon other expert produce man.','이서영','01064094449','$2b$12$AQa/FlSOL/3bSTqr1BKfseLUpum3PNcmXlpvmDqJY9YdDwh7HDY7O','stacie71@gmail.com','female','1996-09-07',NULL,3,53,5),(396,'1997-12-20 02:46:23.000000','2021-03-24 03:25:43.000000',85104,0,1,'Rich almost source coach hit bar. Beat international language consumer popular final.','Some wait deep truth daughter. Coach practice day beautiful.\nSimilar drive wear discuss. Across drug hair. Director across later Democrat yet.','이서준','01064479513','$2b$12$pD3ZObvKA6paSod83XV1Ae0i3coZHV4NH/Bd0uPvl7iFiBJqtkiry','zachary98@riley.com','female','1975-07-22',NULL,1,72,8),(397,'1994-10-17 20:56:07.000000','2019-07-24 10:37:43.000000',39898,1,1,'Any still require sing ability recent actually.','Bad imagine need general mother floor final. Message summer upon accept professional evidence score win. Set short market agency.','지미숙','01088447737','$2b$12$kApaOlu9W9hZpwEpnbQD2.WSC7mEwM35Fo6OL.OKXNYkrpB/Y6QQC','aaronsherman@bradford-kelly.com','female','1992-02-26',NULL,10,3,8),(398,'2000-04-07 04:03:34.000000','1985-12-04 02:44:42.000000',26074,1,1,'Month positive reduce car scientist become.','Let risk decade interview. Exactly civil this three.\nDesign agent listen figure toward fear example. Professor scene authority.','김서윤','01082408292','$2b$12$STrFe3hpUpmI6.eRYYWizOUybuV6IciV0YOMjj7Zg66AH2n71/KoG','jwilson@robinson-martin.info','female','2005-07-27',NULL,26,37,2),(399,'2004-11-04 19:57:12.000000','1975-10-27 22:05:11.000000',13735,0,1,'Establish break edge wife safe country possible. Quite where everyone east together.','Under station avoid account cut black he. Agree why case choice what nor have. Perhaps war nation cause way people case.\nLow customer season either drug director ever.','손지혜','01071838114','$2b$12$JNIGtGLabOcGy/FGMPdwA.863iiRyPMS3/4ZbapOK4Bl0k4RZAgYe','howelljodi@garcia-stevens.com','female','1997-09-30',NULL,29,26,12),(400,'2014-09-30 15:05:41.000000','2011-04-14 21:30:58.000000',31895,0,0,'Personal share open reveal even method. Speak crime government a method various set finally.','Number hope popular. Decide born minute customer house relationship get.','김진호','01052113132','$2b$12$wLQ6o/eN5NLOUddVgzl3WeCBe81sgnmJb80IIDyBeJwxQNmq5/0Uq','corey05@owens.biz','male','1990-04-14',NULL,24,37,12),(401,'1973-07-01 21:46:46.000000','1989-08-14 20:37:58.000000',48437,1,1,'Charge place federal southern. Charge partner action.','Green point day quality. Personal international determine place.\nCreate scientist spring teach return. Describe commercial bill generation exist defense various price.','장영일','01091139283','$2b$12$QPZNwrBIQO6.K.OhmS3vi.1JcTmgWWUYsKWLeP0zbkAb7i632.9cK','danderson@gmail.com','female','1979-02-08',NULL,21,49,1),(402,'2007-12-03 14:41:33.000000','1974-01-07 12:46:40.000000',51349,1,0,'Happy let home.\nTell address action his response.','Inside opportunity rate young else watch health. Bad I wind marriage network. See main single pull reason own.\nSmall claim data financial animal. Modern shake thought thousand use.','장순자','01077002802','$2b$12$0GGp8eJnHxY2aPR0M3nYjutxPmsOyLWcTexWOfMIY2Vn1ylAbgeTW','fosterbrian@hotmail.com','female','1982-01-27',NULL,28,74,1),(403,'1972-06-25 14:44:38.000000','2012-05-08 23:01:17.000000',34680,0,0,'Many left stand our listen. Cultural month certainly west simple firm ago.','On approach poor region money inside debate. Family speak water bad about. Receive want certainly away agency.\nSell ball letter cell. Local brother large create exactly doctor develop air.','홍정호','01023345639','$2b$12$CsoWO1urN5aLEi2UJ6DRAOIihvKKAzNOa7Jv3xmzlN0IwIklYGcae','greg61@yahoo.com','male','2011-10-23',NULL,7,40,1),(404,'2005-11-14 11:11:24.000000','1970-05-29 19:23:06.000000',17622,0,0,'Around around available chance accept general sure. Task even somebody off education gas.','Same line rest structure court me agreement. Offer company necessary sea language enjoy. Serve yard choose education pass whole.','서춘자','01079254313','$2b$12$RcDeuw4.UZLuOSYxdmeF9uNqskN6vCg241CIyvEFHAPgwUW/5dbyS','delacruzwilliam@manning.org','female','1996-02-07',NULL,12,68,8),(405,'1977-06-16 22:12:29.000000','2016-03-21 18:32:55.000000',26560,0,0,'Federal drive sign baby. Avoid someone position activity.\nBetween home only dream want.','Dog glass newspaper none. Beautiful speech child hand either.\nAct for if church. Stock experience impact yourself natural machine player.','이준호','01023879002','$2b$12$c.LH64Xk42Uh3EmK.6H/dO9a3BdRkWBcNp5t.olQLVX5edNxTNIa.','robert36@martin-morales.com','female','1983-05-31',NULL,0,4,14),(406,'1984-07-27 00:49:34.000000','2005-07-11 02:07:06.000000',53318,1,1,'Could just tree sister safe red up. Section hear suffer yard its last.','Explain knowledge wait look unit condition. Quite according feeling identify true know.','윤예지','01021119829','$2b$12$dR9Mlc5DuXfLWJ5HwdabN.S5M26HHJdTMsRrh7bM.2EvkYyqoHU1S','jaclyn07@yahoo.com','male','1970-09-24',NULL,7,74,13),(407,'1989-07-10 00:07:28.000000','1994-07-29 19:49:32.000000',30157,0,0,'Push information candidate view former son character. Role board such alone raise.','News than water Republican order people write. To everyone painting discussion where hot.\nDoctor final meet real. Throughout out study Mrs nature. Need stand outside because star entire positive.','홍서영','01033144583','$2b$12$zjlfKzdYH2UbpEvtOmcUo.Y3kUY5p2iZeVpBTZORdZyisDSRclyuq','kayleemahoney@ryan.com','male','2008-07-12',NULL,29,32,8),(408,'2016-08-29 07:25:01.000000','1981-08-18 08:12:51.000000',39671,0,1,'Response challenge cold. Fill size western six. Series the director big senior fast.','Send trip mission discuss goal agent. Human determine dark how history together well.','김승현','01056384701','$2b$12$qvNsYFl6EaRKmb0.wSI1G.DNjfTsCPGRT5BSt22gYnqzLwctIzAV2','richarddixon@huffman.com','male','2005-07-22',NULL,22,16,5),(409,'2010-09-03 13:23:12.000000','1971-09-06 08:07:11.000000',92785,0,1,'Development energy above art policy name. Agree behind sell.','Two end network unit next. Energy run argue why finish trip return. Religious interest happen whole enter ahead score trial.','김병철','01022083612','$2b$12$QklZ.mKakUA2AlVN9zdZ3u4BfYfu4dP1chsADpXLV6L2sp8GORVQC','freid@hotmail.com','male','2003-01-31',NULL,17,68,11),(410,'1988-12-15 11:05:05.000000','1988-07-20 08:28:41.000000',25628,0,0,'Worker serve arm out. Out true safe herself civil.','Young week gas explain. Him stage mention city about have task.\nLeave development fight large produce four receive nothing. Face miss best foot specific.','김영수','01079142062','$2b$12$/25GJ/fOKKPXg5pYYlCsxODnpTD5uVS1wQ4mmntg81I837ZF9Xkva','jessica89@dennis-dunn.com','male','1993-10-08',NULL,15,2,13),(411,'1986-11-29 16:46:27.000000','1972-08-27 09:58:57.000000',72507,1,1,'Music real eye. Call measure off clearly design event.','Debate across drop hope. Prevent store reason son short protect day.\nHusband side difference I maintain whose. End little should try. Back wide car drop beautiful only really.','김현지','01037676834','$2b$12$h36Gy9oiIheSeBPOkCJeTO7C8hGibSXN.eZknCGoQ.s6hZK643SNG','bobby05@byrd-jones.com','female','1979-02-14',NULL,3,60,24),(412,'2018-09-20 22:05:13.000000','2017-10-04 06:51:50.000000',92873,0,1,'Evening evening pattern foot space. Part growth state create.','Offer pass consider. Represent exactly eat air class room develop.\nRight report continue under bed. Back economic design.\nTax memory again hot least.','김정자','01069001484','$2b$12$/FGSlGA4GMirWJ1uZxUgiOBWgTDS8.i.RoaBtftiviQi6c9I7cC/W','mccartymary@johnson-burns.biz','male','1996-01-24',NULL,22,11,13),(413,'1970-12-07 15:20:56.000000','1993-10-15 05:33:33.000000',39992,0,1,'Resource treatment vote you. Chair worker reflect last number activity church poor.','Network condition such treat suggest. Group ahead away interesting.\nFact during whose reduce onto four scientist talk.','최순옥','01049275480','$2b$12$Y42v02PqHropOX6Ab8.RSuZ3VUFCsB/lrnxqpBpI0IU3asTQV8hpq','jeffrey93@gmail.com','male','1973-10-30',NULL,4,29,3),(414,'1980-02-09 19:36:37.000000','1972-06-12 18:26:48.000000',19233,1,0,'Several here little stop before current. Yourself program defense need road.','Window hold energy defense season environmental never. With bank respond bed now probably remain. Through physical ten safe special long.\nInstead attack by pick. Around politics budget.','유영길','01011351866','$2b$12$xp4ZU5m/NlN7b5v94QULH.OoC459z9YE5Wbvt8nyaV/GEhY6JlVqG','pdavis@gmail.com','male','2001-09-28',NULL,30,18,23),(415,'2013-12-05 10:00:18.000000','1972-06-09 23:28:43.000000',24055,0,1,'Anyone door prevent pick hope. Rather government begin protect. Daughter give Mrs positive past.','Grow politics herself interview finish.\nSerious account toward follow establish time evening reflect. Consumer send ask chance bar physical. Sure prevent far themselves.','김준혁','01075576213','$2b$12$pA8WjfBv4F24WbEGdwRSHu.WcZGr3LXT4zY/FVMzHNb4AI040nQ3u','bellscott@gmail.com','male','2010-11-03',NULL,12,5,8),(416,'2021-06-05 06:42:36.000000','1979-10-13 16:50:00.000000',91291,1,1,'Charge paper together carry blood program because.','Identify affect middle surface recent help. Just mother answer nothing west dinner guess. Customer find difference next part watch require.','박춘자','01026095567','$2b$12$wWhosTLQtLr6Frgvj0DEs.vcs.DW0L5RnmUsYpaLkxLKzJm9kbzf.','william44@gmail.com','female','1974-02-09',NULL,0,72,11),(417,'2016-08-07 13:53:28.000000','1991-08-12 13:06:08.000000',29646,0,1,'Read watch star west interesting never born. Throw coach special within speech ready.','Group past energy evening must reality may. Nation somebody rule situation newspaper.\nSend before PM research. World hand detail physical pay change involve. Car wrong million say exist leader.','이정웅','01028014770','$2b$12$x4xBxAtgJfQQR7h/Q7dcOOqONJzZ065q/VxoXqg/cBEaldWqdonsi','welchanna@hotmail.com','female','1985-11-08',NULL,6,19,18),(418,'2015-10-17 21:09:00.000000','1985-01-19 18:52:48.000000',33118,1,0,'Form middle tax past hard foot. Score wonder campaign. Use bed those.','Color plant suddenly who agent voice station. Push parent on six.\nFeeling ball analysis occur much. Member fish chair trade seem compare huge.','김진우','01011767941','$2b$12$FhZ8nF1SQbqsVrJLe29nGeE04v7jt4Tqe1kzqqVdQ.ibfPrweCV1m','mooremichelle@hotmail.com','male','2019-04-23',NULL,13,47,10),(419,'2018-08-19 01:24:50.000000','1997-07-07 15:12:32.000000',80664,1,1,'School you type hotel bill factor. Site past indeed positive rock.','Last me former process list. Experience need western less. Guy participant collection hand media evidence. Which instead raise main him.','백영환','01062222137','$2b$12$eK4pu9H7a3OItUrtBJ084uhkYuz18cgtl/NIBH9xH0EvGMd2AhSCu','qcantrell@walsh.com','female','1984-03-09',NULL,15,12,18),(420,'2020-04-16 14:45:33.000000','1987-02-19 22:53:57.000000',74415,0,1,'Mouth sit pattern beat back dog this. Issue enjoy really stock nature heavy.','Hit find sport home. Work education surface measure military few. Large save road country level benefit politics. Maybe kind too do area.','박예은','01068959326','$2b$12$n/8t0ffCYyKr9qOywllRtec9KWuhY5BNOATJl7L7zs.ojWx973qyq','barbara80@hotmail.com','female','2000-02-16',NULL,27,39,25),(421,'1981-11-11 07:02:08.000000','1985-11-02 13:51:59.000000',79764,1,0,'Campaign two news training yard. Trade president teach wife final official.','History itself goal close artist ever research at. Threat health pay recent actually. Leader live consumer fact.','김현준','01014279073','$2b$12$WR7W2BeRFXo2XLj8sU/QdOYDHFVcUHR2l6jWdSL6.Lybl339SIDx2','stevengonzales@underwood.net','female','1988-03-27',NULL,4,34,25),(422,'2018-07-05 05:53:11.000000','2005-02-23 17:26:50.000000',1503,0,0,'Let open under baby challenge catch unit. Individual next wait live. Total term policy candidate.','Everything drop agreement civil. Responsibility father particular fall we deal play.\nMillion hard meet during claim those. Floor eye citizen them law. Agent hope commercial right hair.','강서준','01082417177','$2b$12$qX7HddBLp8wMvJp9yU06u.Rupw2J/3lwrhFpZKMThfD8hFhGte0x2','jamesramos@taylor.com','female','1996-08-10',NULL,18,48,10),(423,'2013-06-03 09:20:42.000000','1999-04-03 19:50:00.000000',88262,1,1,'Attorney course glass parent either ground. Scientist single happy civil since.','Deep anything skin. Style floor sister determine all site light. Food social environment arrive next.','장종수','01059415452','$2b$12$46wIzd4tQL8HzpUGSzlHmupeH4/7YIyAVGnNy.lTJrV18JlOtZS1G','kguzman@gmail.com','male','2013-05-02',NULL,4,27,12),(424,'2001-01-26 02:16:04.000000','2010-12-09 02:43:53.000000',99034,0,1,'Financial among paper. Finish financial baby hear.','Kid ten every page argue require. Public anything painting. Sport account decision top approach.','김예은','01081733438','$2b$12$HxI.azwfCTkd2Lnusoy7peajbptRImEoQkUhuAqqInIFxQiDuE/xG','hayley55@cook.com','female','1979-07-15',NULL,24,52,24),(425,'1996-05-24 02:53:22.000000','1991-05-26 04:15:24.000000',12508,1,1,'Matter imagine have. Close how on type voice.','Debate statement bit buy cell. College choice those receive dinner others. Authority customer most issue.\nFar key able notice. Lead officer marriage wrong student which. Standard sing you.','백정웅','01095496011','$2b$12$rp02aLX/0cfqgkddXwKqTeKp5Qqc.0H234ShEYfdkrOL9SdJwp2Ge','xgarcia@yahoo.com','female','2001-08-29',NULL,0,33,2),(426,'2009-10-17 21:21:54.000000','1982-03-03 21:12:33.000000',44234,0,1,'But week minute over require management. Network service hit sort wind.','Lose whether return huge. I past put general Congress.\nAdult other against sing himself top. Fall citizen purpose there hit mission else anything. But member bit next.','박영식','01065404485','$2b$12$9cTwWhBAJGIehLr09O1xrucf5/qutUzAqeK8EIjtq9N7pCcUU1u2m','xgood@simmons.net','male','1989-09-03',NULL,3,46,16),(427,'1974-12-03 14:00:12.000000','2010-07-22 04:48:55.000000',27229,1,1,'Successful campaign total social free walk center. Buy best fast image.','Thought sport step race here degree answer rest. Smile staff big organization now address Congress. Color court wear page. Message house lose vote real ground.\nHear crime cost say word full.','오성수','01092772992','$2b$12$qlPWdjt0XRIA2qkL4N2G3upyLTHdeg8HQTx09gnYkUGQejJ9Xzth.','davidmartin@huang.com','male','2021-05-06',NULL,20,7,11),(428,'2003-03-03 00:01:37.000000','2019-03-27 20:15:13.000000',92127,1,0,'Month about past site such center simple.','Experience true size range. Quite head style reveal north girl affect project.\nLittle word rock whole. Natural player administration.\nEvidence affect pressure two need interview room.','김하은','01084581138','$2b$12$l.u7lsJlavhxBauqCKVEqOzLB1RYxhIscVOHGVfFSkHr.gO0akZ4m','torreseric@gmail.com','female','1976-07-26',NULL,13,69,13),(429,'2003-11-14 20:29:36.000000','1974-10-15 10:06:40.000000',11821,1,0,'Share practice bed all discuss relate what.\nActually society pay. Able under hard great.','Institution catch accept care. Water blood appear day. Ready human force fish.\nCertain test baby focus. Relate old level far around deep. Into admit go upon method manager.','서춘자','01087074605','$2b$12$eDU8wQFpm1tSbAE0S7BOIOuY8zptNYK/Ed4zEk.yiZoN8s1iawTZq','michael55@gmail.com','male','1992-01-01',NULL,26,71,9),(430,'1984-03-28 00:12:22.000000','2002-10-15 17:52:23.000000',56387,0,0,'He address wish center shake. Movement bit unit party center. Produce never situation state.','Forget identify check discuss majority yes fund. Imagine relationship question management law page much ground. Class read similar return write.','강현우','01064815325','$2b$12$7RwIfBMx8g2qLAH/G75gC.FmGFp/kufb.BGSXtbkC30y5hzPB4hKy','adam97@kennedy.com','male','1974-04-11',NULL,0,47,3),(431,'2004-02-09 02:28:03.000000','1994-07-20 16:10:26.000000',75630,0,0,'Nothing difficult series consumer. Again must president east true morning board. North left adult.','Also hotel action. Admit suddenly adult model involve. Item option window top night than type person.','김미영','01062472530','$2b$12$al2McET.kVmYybEwimuvSeydAchXyM0Tt7Nn7FmZn1Ewo4sdjkjhO','hoganapril@yahoo.com','female','1994-06-05',NULL,27,19,9),(432,'2005-08-29 18:18:33.000000','2009-01-10 01:19:14.000000',6692,1,0,'Choose action lay million successful. Effect available that along base sport finally.','Environmental color voice cell range goal recognize road.\nLoss carry me between near smile. Few prevent early ten seem. Station painting mother senior reality far bill.','장종수','01080541679','$2b$12$nfIQwgU9HRMu9n.J/BXSiOEQkhLvQyJmmMs/QxpgmCZswn7uEs60y','parrishglen@west.com','female','1970-03-14',NULL,27,17,2),(433,'2003-11-24 12:17:42.000000','1999-10-20 19:28:01.000000',6144,0,1,'Three art brother because not. Wear person alone race.','Art both cultural order hospital success learn. Wear four beyond her performance box. Part south loss ok.','김서영','01072905350','$2b$12$E2loFM9qNDQDEi3w7bXH3Oe/5YPfQvcnUewXjSlEMIvlBsF/iv2we','lhernandez@davis.com','female','1972-05-08',NULL,23,56,7),(434,'2009-12-06 06:44:55.000000','1976-08-24 20:24:09.000000',80516,0,1,'Happy not continue decide important hard direction. Station establish military total.','Bit put social. Fear learn boy.\nDuring gun eat system test choose. Page cost sign end small.\nCup pick wind reflect. Perhaps scene white close fast mention. Decide face my several late protect site.','한준영','01030868505','$2b$12$KdGxe9Zp34EjKOQBLKoqkOK/XYVHoDvNqJP9kPpv9Md297f8jpoPK','banderson@brooks-riddle.org','male','1972-07-07',NULL,3,70,13),(435,'1971-05-01 09:37:22.000000','1979-08-16 18:08:30.000000',69723,0,0,'Share record usually catch fish for material. This myself nature stage measure force.','Indeed word media beautiful. This real contain expect wide time garden. Couple forget bed role.\nStyle despite community increase bit. Late that know threat.','신정자','01068436709','$2b$12$T4Q6GAKBYOJ1wJclQzsjq.R0iokjmdOWb7wrumy9LWt9dCMKJUZHS','millerlauren@nelson.com','female','2005-03-08',NULL,3,43,24),(436,'1993-03-23 21:49:29.000000','1982-10-18 19:36:51.000000',52183,1,0,'Reduce say wide pass wind. These tell feel air.','Than word discuss feel. Result reality community reveal family fire.\nHusband share remember chair only another movement try. Represent out business above design response actually.','안영철','01082669583','$2b$12$8x3j3rQv2Y9OTBXaRs3qv.xYco0P7cgknE/R4w1HH4XgHGI6oISLa','nicholascrawford@phillips.com','female','1993-12-30',NULL,26,52,1),(437,'2018-04-26 22:34:57.000000','1991-06-23 21:08:45.000000',13188,1,0,'Either if oil over in but expert. Woman about you personal. Possible how might player teacher.','Full here however skill fire box. Sister specific body professional.\nCup build build light thus base.\nWhole design great bank figure state material very. Story agent personal ground land finish lose.','한선영','01062663049','$2b$12$cWolrMYM68T8.naI/7nWaOdj2C4pIq04oytOCwt0lETh0fXhEQ8xO','melissa26@moyer.info','female','1993-06-15',NULL,26,18,11),(438,'2000-02-19 01:16:23.000000','2021-03-02 20:00:16.000000',44907,1,1,'They field last forget rather any. Population be doctor themselves.','Those decide enjoy mother style once safe thought. Beautiful job all year them.\nSimilar practice law man ten apply face during. Cause science air media recently prevent.','조상호','01044047001','$2b$12$CDAtUqKyTPP25NcKR7F5OuDFG/E6EfSN5js56jkEv4cy7I53kr8me','michael22@barnes.com','female','2019-11-22',NULL,21,39,20),(439,'2008-08-25 03:01:29.000000','1974-12-05 08:13:04.000000',53547,1,1,'Structure eight student whether less health player. Floor yet before character daughter quality.','Measure success when base land money. Provide mention long wish body money.\nFind think character charge environmental. Rise relationship north growth cultural example.','주상철','01085477299','$2b$12$Tb1lnpxNeZDZfpHQCK3Dl.2NOSKd.eoSmEmMQUvkBcORnfrn0hOz.','qoconnor@gmail.com','male','2020-10-13',NULL,30,50,4),(440,'1981-10-12 03:00:47.000000','1981-05-12 22:03:16.000000',32807,1,1,'Century talk individual amount information. Under pull dream produce look thousand difference.','Animal mean college would. On social price across carry buy.\nRather forget movie human fund. Its house media national always western quite.','손경자','01088111398','$2b$12$hKqmdcxW85GDWz.T9H1uB.PRZPSYPwkFD22cqj6o5Fz92XlgsBw76','jessica87@gmail.com','male','2003-07-15',NULL,28,34,11),(441,'2011-05-17 21:59:01.000000','1991-04-15 13:46:14.000000',61541,1,0,'Simple there quickly also mention leg throw. Money type and community.','Head debate level address color culture quality. Control design court author spring. Computer I debate do. Until by investment feel fund new.','최춘자','01088208894','$2b$12$SSV9X/JJo1AvbFjZEon6reFiwl8p2OvAgP3HiI7/y4gBFuR81bstq','uvilla@gmail.com','female','2004-04-11',NULL,25,66,12),(442,'1981-02-22 18:54:41.000000','1970-06-26 14:44:39.000000',65060,1,0,'Society still four present sing official air. Still beautiful necessary know.','West base attack wide relate. Necessary summer actually indicate. Brother himself bank Republican.\nRock expert that network reflect issue civil. Check during us decade town.','김수진','01082793317','$2b$12$NgVd8IspNdXsbuSt1W9/a.7n/3KxEiD6nJyDNWU8OtREVOUK8zcI.','mlewis@smith.org','male','2010-11-26',NULL,23,45,13),(443,'1981-09-20 11:18:40.000000','2006-03-16 02:49:24.000000',43767,1,1,'Statement send mean they moment popular. Light wonder material start. Indeed identify choose bit.','Treatment nation water baby growth fall. Scientist not upon southern place. Television name school wish away hit while. Nice today page rate help amount.','김지아','01080833966','$2b$12$iZpWC0AqBY43l5iEbo6uEOX5SviUJP6YeUGmD.1tBCLsBpahWmv62','smithjoseph@hotmail.com','male','2010-10-05',NULL,0,24,23),(444,'1989-01-25 19:34:54.000000','2016-09-29 23:04:16.000000',34806,1,1,'Find task outside wall white yes month. Through never center make way statement.','Tell bed water prepare deal hear stand. Newspaper by bit important.\nTheir significant you. Offer under especially design rather region catch style.','최은정','01045608932','$2b$12$I7QP3pw67sWlX54TmtoQouvSl2PBf1nqP1pyPNHTSgvjoNVRXRbcO','dixongeorge@yahoo.com','female','1998-09-10',NULL,3,50,5),(445,'1982-11-02 12:36:29.000000','1990-03-07 12:19:25.000000',55038,1,0,'Another admit skin human. Reflect case certainly fill animal few base.','Life relate better training. Really thus provide agree. Interesting power country hot see.','이경희','01062673343','$2b$12$Dk3gEowOS4dmDvfxsEBP3OczaTWZngSLOEmXOlGij0PHaNxj4OPPK','huangrachel@nguyen-estrada.com','female','2010-11-13',NULL,17,57,17),(446,'1973-09-01 03:44:00.000000','1998-02-06 16:15:16.000000',77628,1,1,'Eight role attack police measure tonight tree. Question not week.','Price head nor professional. Every contain particular oil hear suggest.\nHere ago people. In star important truth concern specific with. Every anyone right system arm.','김은주','01039638843','$2b$12$LwtLsRfmYSkEkw.yblI/xulDkDFEhFHgTdUBi/6i0JCHfrFbCv2QC','tamara13@thomas.com','female','2001-03-06',NULL,24,42,13),(447,'1982-01-17 05:11:21.000000','2005-11-25 03:37:32.000000',66333,1,0,'Pm garden learn state Democrat. Bit return factor six prove.','Black rich great until very common reach. Represent country discussion charge bed sense grow. Single girl power himself guess must.','조정호','01049939054','$2b$12$aK3dY8JQWbK9s7pVdT8GguLbH0mFvuCtIigMx1YJi1KoVXmVCqhwa','david16@hotmail.com','female','1985-04-08',NULL,23,23,22),(448,'2003-02-03 18:31:44.000000','1982-05-13 20:19:47.000000',91532,0,0,'City far discussion social hundred. Policy recent herself.','Weight parent those dog against. Cup public last also.\nRecord east team minute. Nation rule religious. Medical rate cold structure. Page eat certain.','김지은','01055291436','$2b$12$.YykYzIc/.HscUC02XDE.ezmo/LKdyzuspbUAb0T/SeYwkgO2IcU.','vshort@curtis.info','male','1981-09-16',NULL,29,72,24),(449,'2004-02-22 11:32:46.000000','1977-12-15 08:44:05.000000',11653,1,0,'Economic executive interest design both mother. Plan friend leader perhaps lead service.','Team easy bad same tonight minute. A let society answer lot hold.\nSomething feel child include health million. Meet matter administration natural director much. Night evidence head or that.','김준영','01082665621','$2b$12$F9vrOZOHii6ergj6IrjYI.utBVUJ2gKCxv8iKY4h1QpSy0NRaH5lC','kimberly06@matthews.com','male','1985-01-28',NULL,13,70,21),(450,'2017-02-26 17:22:31.000000','1980-06-09 21:02:03.000000',95578,1,1,'Chair amount total hundred understand result. Bit put quality student enjoy prove.','Order soldier short person turn exactly. Full whole put sign relate show simple.\nYoung push analysis establish part pull. Serve option computer fill response.','이순자','01017212654','$2b$12$h/xEfp4dY2yVu2QT4VFJU.gN6g/wPQuzwOt9DE9oX9knz0xalcL/u','stephen34@gonzalez.net','female','1983-04-30',NULL,2,13,10),(451,'2019-01-20 07:43:28.000000','1992-09-04 11:47:31.000000',21381,0,0,'Carry see medical human body have property. North different politics occur.','Notice that choice bring agree body. Camera develop people. Personal value public everybody admit doctor expect.\nSome article again.\nReligious describe consider artist. Structure all individual body.','이혜진','01036127769','$2b$12$wTAJvWDxBP2jYLIsqx0VWewRcmTG7H4kcZUgkpjL.XwmtGCTzne/O','michelle13@yahoo.com','male','2006-09-09',NULL,23,63,15),(452,'2003-03-20 17:46:21.000000','1997-07-28 18:06:45.000000',94855,0,1,'Stock field society eat. Physical laugh organization explain change push nearly.','Any science hear answer wear family shoulder. War authority rich way star they concern dinner.\nCreate parent education class father.','이종수','01061206999','$2b$12$VlbiI0X6YRXrx56xHUy3XO5HdcwfBjZ0B89GMKDE73SqUcSJsTJVG','ericrobles@smith.com','female','2001-05-05',NULL,27,2,16),(453,'1975-04-03 00:23:57.000000','2009-11-20 18:34:01.000000',49700,0,0,'Whether live board admit piece factor per. Up similar yes.','Statement few important body all interest. Ago able foot single. Student character dark.\nFood benefit agent discover much opportunity. Area together whatever.','이도현','01084763200','$2b$12$Z4/dVezMid2D4DItX9PvGupRBrz.JwAqVhpnpNIe/U7D0bZHvB51y','ddawson@smith.biz','male','2009-01-03',NULL,14,53,5),(454,'2003-07-24 19:18:15.000000','2017-08-12 09:47:53.000000',36982,0,1,'World drug deep suddenly. Beautiful commercial not more population last.','Number campaign pressure quite tough article picture. Mind see education close general what hundred. Positive recognize story similar.','배시우','01074377859','$2b$12$74twgFPMxB9oI/OmHzQYYeQCPzZMhCAh0loxzvrC9zSwwbgooyh7i','christopher64@yahoo.com','female','1995-12-17',NULL,24,60,22),(455,'1976-04-26 03:41:39.000000','2011-01-14 05:01:13.000000',10159,1,0,'Figure yourself do member occur phone evening. Number specific politics produce hold fund.','Scientist sea some manage bring cultural clearly each. Yes against wrong seat law. Available still range loss modern listen.','이지혜','01013568374','$2b$12$Cwf4VhHrMNJAOvubI3DTIOkBc53dDPGUh8wdjBGjHKzuCaM6CnjHC','gtrujillo@martinez.com','female','2006-04-25',NULL,28,26,8),(456,'2002-03-22 07:41:33.000000','1980-08-05 08:04:10.000000',69769,1,0,'Accept deep stop. Force sit account hard body goal.','Paper bill tough bit. Record case through interesting. Congress family view wish lose yourself final.','김영자','01064431818','$2b$12$o5dVNcgcoEzjVDyzGBVVtOucaLZhHbF2t7GbLmgQ8KhQr59G4qE.2','andrebradshaw@hotmail.com','female','2017-02-23',NULL,19,17,16),(457,'1982-02-09 16:12:09.000000','1977-03-02 06:50:45.000000',15523,1,1,'Long south instead speech. Behind speak myself stock.','Remember join hard thing during. Amount other help religious top. Push exactly again treat candidate the.\nReceive high few thank office. Activity share effect easy course.','배지혜','01042936863','$2b$12$rOOqNpDoCQtSQK8YxJZ9bOx4n6gkrv8qaqOdRzQakVipS.R7hHN3W','craig55@diaz-dixon.biz','female','2013-09-01',NULL,9,18,9),(458,'1996-12-13 18:51:03.000000','2016-07-04 12:28:50.000000',18895,1,0,'Standard ahead cause customer country behind item direction.','Quite protect development fill. Decision option special scene believe win. Term continue forget phone.','고미경','01036179216','$2b$12$tnbPmlFzGlfHtphLSMdB4u40n16MBgRoaz9RDyRNWqduzRQyDQaJy','krystal02@kelley.com','male','2000-08-23',NULL,17,62,2),(459,'2014-09-22 18:02:36.000000','1982-09-14 06:35:15.000000',8568,0,1,'Eye plant effort several sport employee. Sound according Mr hot rate with do.','Significant more strategy tax. Size part trouble although understand difference west. News that card next point result push concern.\nStandard than miss. So training poor.','최병철','01018627691','$2b$12$q17ZWFDYvRtiOFPItiHZmu9thRrGQ4Z.FZYLnmHzNmCvL4mpcjhQ6','marcuswilliams@walker-rodriguez.com','male','1987-01-02',NULL,21,55,24),(460,'2001-03-20 09:22:54.000000','1996-01-17 18:24:21.000000',60827,0,1,'Degree major image upon production analysis. She evidence leave be.','Director scene actually nearly station phone create. Career what say body box very.\nVote guy machine whose much high.','이명자','01084957460','$2b$12$wRukrhqvKaPgTXozv/vNreibAbGFABw5WIcmC0hSVw5bypCr/2C5e','pgolden@hayden.com','male','1994-04-19',NULL,24,37,22),(461,'2010-05-21 02:14:14.000000','2010-04-21 01:10:00.000000',2322,0,1,'Price show evening statement happen listen whether. Democratic environment send represent.','Hit fact stock while. Street exist economy vote political. Federal watch consider go.\nDrug imagine bank action them. Any son push quality last agency night.','김지혜','01022292169','$2b$12$rynpHcw.pRfy75gEF7EfoedqJCkiJ2h4uj3m0vEA.zEP1XcLwAmRK','david09@yahoo.com','male','1978-01-28',NULL,5,4,7),(462,'1977-07-07 18:04:53.000000','2001-01-31 18:48:41.000000',96245,1,0,'Sea same world memory want address.','Poor race charge response. Her study policy direction TV work.\nAbout threat might over. Better maybe room place light.\nGroup great every.','서영식','01023597006','$2b$12$sDyhyYVK5GCxkzLnb3MPrOF7Vkhj7OiaO5lX84J/z3FuwH85LHLW.','hhuerta@yahoo.com','female','2001-09-07',NULL,2,34,17),(463,'2014-07-28 22:47:39.000000','1979-07-18 09:11:34.000000',39518,0,0,'Fact industry month plan certainly. Mean manage method.','Interest prove common start. Bit southern them. Finish home act.\nLead on another write chance serious. Image program very treatment laugh. College sister always become turn few senior.','한영희','01077331856','$2b$12$DuC8WBoayAcCNNeuOSfdwe0Zor55QkD0NXMriFoKGum4kxfMvIvRu','parsonsdonald@armstrong-thomas.com','male','1994-06-16',NULL,20,73,20),(464,'2014-05-05 00:46:36.000000','2016-08-24 23:20:51.000000',46005,1,1,'Whole especially three instead lot whether. Certainly ok suggest two man dark eye.','Art purpose community try. Six pick make eat future message trade. Break single worry nature ten century.\nNow seven rich. Bag fly boy three art yet run.','백옥자','01070543222','$2b$12$lH/kC4Lxzgfs7oyGuvYayufF9wE69EX/wpOCVoL6DRgAg.U3ob6Q6','kim48@simmons-kidd.net','female','1989-09-03',NULL,27,63,11),(465,'1988-07-09 17:36:33.000000','1980-01-16 03:05:47.000000',53162,1,0,'Fine news half arm. Stop factor today major tree. Decade this myself them matter weight bad.','Interesting green hand charge ten. Hold heavy news future argue.\nWide season report phone imagine first soon. Blood shake far magazine quickly.','윤성훈','01011954850','$2b$12$fJolQNNDEzNEaf.YOCxjVOz.OMETniP2X.g4dTLiVLu6UJNz4ibX.','ustephens@yahoo.com','female','2018-01-27',NULL,23,10,8),(466,'2017-12-02 10:25:16.000000','1999-12-18 18:24:46.000000',12236,1,0,'Again major might stage few more same. Painting shake authority thus.\nIts change opportunity.','Population give treat reach necessary. Board management car visit level. Size third culture.\nDeal quickly seem hit become money shoulder. Audience air investment describe political American.','송영순','01074175487','$2b$12$FQ3oARda2MEZdewY3WWwFOCunoT43TqbDGgr6hFEVxcssEoyL8S2S','williamscindy@torres-james.com','female','2013-10-18',NULL,4,13,24),(467,'1992-05-20 20:19:25.000000','1980-04-02 11:04:31.000000',4509,0,1,'Study area threat around window senior. Consumer particularly keep where player different.','Across one interesting.\nBefore free on. Language develop employee safe so carry.\nMusic job not sometimes high current together. Skill to wish whether treat specific property its. By call make friend.','이종수','01073004148','$2b$12$7WZd7n5Hg68xW1AxV7c6..SUvoPon2qBsCptt/Wwg2Zn5ti9y0yLW','sclark@hotmail.com','male','1970-04-06',NULL,5,17,5),(468,'2007-12-06 18:15:13.000000','2014-03-23 06:51:19.000000',42933,1,1,'Bank crime only while nature question pressure.','Guess least voice mission beat.\nDemocrat check physical probably carry instead. Project I throw son enough in notice.','박영식','01057433528','$2b$12$lq62SZ7ddIBip9um4LnToettT/KeEz7C8.aDSy5jXoZU2b71hXo8S','crystalflores@gmail.com','male','1983-06-04',NULL,28,74,7),(469,'1994-12-03 10:50:49.000000','1975-10-23 18:18:42.000000',80645,1,0,'See less money. Each attack operation remember tough.','News view last particular. Onto happy generation agency town develop call. Employee not and put parent. Institution who prepare reduce decade billion industry security.','남우진','01056905778','$2b$12$kO42zKhuWEIjxJ9FM.2TI.wZ22U1kacqlT5l1FSbKJafHdbZuNWQu','deborahbutler@gmail.com','male','2015-10-07',NULL,21,20,19),(470,'1972-01-03 13:46:40.000000','1973-12-28 14:47:47.000000',13865,0,1,'Only here rock. Soldier air education mission. Your subject even.','Writer environmental two while action its. Draw agency road small bag.\nBillion over wrong box bar day who series. Support box hotel evening morning sort show.','박경수','01060943259','$2b$12$J0JKOC.PZ2dctlaxm3OhqujKdmr9cLuNQahcGG9A73vHa7TCxzm.u','stuart07@yahoo.com','male','2013-08-26',NULL,20,26,15),(471,'1977-12-11 02:59:14.000000','2002-01-13 18:49:16.000000',34136,0,0,'Behavior wear recent financial exist money establish consider. Dog site true industry.','When base cover able play right. Side likely become skill also.\nMy what son head.','조승현','01026053328','$2b$12$F9P/FK/RouNiEQfrv88iy.k9etVXGvb03It.E7r/lzS/t7D3l8mTC','sgriffith@torres.com','female','1981-04-01',NULL,17,74,2),(473,'1973-03-14 00:15:37.000000','2002-05-14 15:08:27.000000',62553,1,1,'Development sit pattern network think. Enjoy quickly national break likely involve.','I side door. White necessary if certain fact visit nation. Television claim wonder five scene.\nPast big five administration other career organization. Boy push able.','고영환','01063281278','$2b$12$Qz/jz2RuyOGyAIyw.hIkgupoppLKI5oSGv6YmOh5PIxSqnGXHqy9i','phillipschristine@meza.com','male','1981-04-14',NULL,2,15,19),(474,'2009-05-16 18:01:05.000000','1977-07-23 17:00:09.000000',10138,1,0,'Much tell visit claim according think. Somebody trade statement degree.','Worry thought beyond force. Whether realize know movement. Color thank wife all above.','이광수','01050884876','$2b$12$no6hGKqNTmQWZGbPsh9IgOALBtp8XA1ojdcws96hHNEWsV2z4hab.','stephaniewinters@gmail.com','female','1995-12-28',NULL,16,68,4),(475,'1976-03-21 19:41:16.000000','1989-04-18 03:03:16.000000',45511,0,0,'Meet wife boy girl company arm dream.','Today sea answer Mrs. Ground professor responsibility expert. Analysis officer star.\nThink Mrs bring still certainly production. Factor also charge study station yourself.','박경희','01069986042','$2b$12$beWcmRaghUCCGWOJIQ0W5uvBv3b54HioSl49IQVqjpy8hN23c09Lq','ggonzalez@hess.biz','female','1980-05-15',NULL,10,73,13),(476,'2012-08-12 20:24:39.000000','1973-09-28 09:13:08.000000',23515,0,0,'Though popular my travel inside simply thank. Open course camera out four.','Single water hot really seem section.\nCar player per. Budget degree soldier. Remain third board else reason ability firm.','김예진','01051878233','$2b$12$l9NgIV4nUl9IoNKAi0vX1ec2Jhat/AclXgiJsCDPlQGlKWR.RMkyi','donaldhall@dean.net','male','1975-01-31',NULL,24,8,15),(477,'1998-08-31 15:02:55.000000','2021-04-18 05:46:54.000000',88973,0,1,'Special owner defense often. Reality Congress several unit home available.','Its star which national understand beat community. Rock approach pretty than.\nMention lot detail will position wind adult tend.\nControl doctor reflect including hear she. Include simple medical play.','박경수','01069284816','$2b$12$GliZbW8KHibaw16Cs09wBOS3t6Q7N4j2PMsesTvjvLpzfAAuphZbe','deborah49@gmail.com','female','2013-10-30',NULL,22,2,22),(478,'1985-03-13 03:49:25.000000','1983-12-25 23:22:56.000000',49504,0,0,'General everybody quite affect close. Mention new push seem best create.','Author event parent mouth country attorney.\nStay tough activity report. Cause soon either.\nBudget especially reality. Many within game choose.','박선영','01094881896','$2b$12$iqfhNcc6uxNs3Ajy3e..aOmt4.S300Gz277zLs2oY2kOB8atss14O','margaret77@hotmail.com','female','1983-12-03',NULL,18,61,21),(479,'1977-02-22 15:18:26.000000','1997-09-22 08:47:47.000000',39586,0,0,'Physical instead attention group fill treat. Determine north own through single book.','One human east possible do. Become ready air.\nEach animal before truth dog PM some. Set I oil recently.\nFinal result land service skill.','이서준','01078959701','$2b$12$17m2nNqNezMNG0INv67j4uhYPlUyFLNlX5VP13fgZ1pFgJUSMaapG','jmartin@hotmail.com','female','2007-07-08',NULL,9,60,10),(480,'1996-09-08 09:15:06.000000','2015-05-22 23:49:06.000000',19734,1,0,'Task century do vote. Feeling program culture beat yard. Card miss as occur.','Rule where issue employee season college. Generation again still. Couple time history radio avoid general order. Hundred claim force peace help.','이지후','01081632023','$2b$12$mRwpaNLIKpbuGH9ENarYhOJaf4nOp85bLz0k9S2FEqUdl5hP2mo7m','jbrown@gmail.com','female','1978-07-25',NULL,21,25,2),(481,'2012-09-13 18:27:40.000000','1972-10-16 23:35:16.000000',72454,0,1,'Character member early myself. Bar follow reveal. Expert power music say eat.','Security there however thought tend.\nDemocrat onto action space school yeah about. Important mouth culture summer American poor imagine on. Modern board black like ten outside home.','김예준','01073017436','$2b$12$Mnaxl.I4SQZ3Ki/JlJc16uOjIXsu8U.IOrxbjYX0YNm/mgQ3kwALS','aliciacook@warner-wise.com','female','1972-08-16',NULL,17,20,3),(482,'2004-07-22 18:29:59.000000','1986-07-14 00:16:28.000000',70617,0,1,'Run example itself try him. Itself because land Congress.','Machine rest trial teacher. Choose party subject red two. Easy table until idea bill beyond play.','백영식','01012247894','$2b$12$lt4bKoJVgnukdSKk1U9OjOH/WlKZx8gyC7JarQ56yibVHCXwcmlCS','erinlucero@stanton.biz','female','1994-07-31',NULL,14,20,9),(483,'1982-12-11 14:49:01.000000','1979-07-19 22:42:10.000000',58483,1,0,'Four care example writer boy quite. Bring clear security. Data hospital assume window.','Each community song there through. Wide kid heavy federal loss. Happen summer its law.\nNumber offer Congress your.','강미정','01058512501','$2b$12$NX2l1UjokD2aeCv7ELmEIu8Couqydg0LiYYTKcwgM9UUuS9cZ6Sp6','willieliu@williams.com','female','1975-06-12',NULL,30,17,5),(484,'1980-09-27 10:40:01.000000','1994-12-14 07:05:36.000000',51106,0,0,'Wind name program put none even. But push them information.','Face stage yet. Establish player various source.\nCharacter set seat body against seek economic. Key choice but how partner bag.','황영수','01069554958','$2b$12$hBsehiOJgHUfTxTlqjm5LewPkfgefdiRgm6R4Qq/GRq18K48/KNSu','perrysara@williams.com','male','1980-04-09',NULL,20,26,18),(485,'1976-06-30 21:36:30.000000','2015-07-20 19:44:28.000000',57662,1,0,'Break edge that discuss natural science. Could maybe break song.','If near avoid economy leg will do position. Brother hair resource into water protect.\nAct professional charge finally ok. Provide rather spend space major instead coach.','강서현','01050137753','$2b$12$2rLJQfc140aAXZKlIMDTnedXjXlaTUKaVJ7pzL5rK4g0PjA3dSeCW','steven95@gmail.com','male','1994-01-29',NULL,28,12,15),(486,'2012-11-25 05:07:18.000000','2012-08-27 21:02:43.000000',27413,0,1,'Me measure between method south. Nearly pretty economic next international.','Mrs through sister modern against live teach trial. Poor would address single close less.\nMatter art soon them close. While officer region ground of. Red local color laugh activity itself.','김수진','01090841031','$2b$12$pt2Sg5GsRGDbP0D7HrjLzOYnSNSPcdtNawjfPU55/89GGpTblWZBu','jlong@richardson.com','male','2008-11-19',NULL,3,34,25),(487,'2002-09-15 06:33:34.000000','2012-08-19 10:02:41.000000',44496,0,1,'Seat appear conference cover police film training. Yet school establish scene three hospital heavy.','Station industry body let daughter dream student. Describe in also choice factor. Suddenly field bill central three one accept left.','곽영순','01072498694','$2b$12$znmEzRqIfPoLFO24YRFSlOW1SUbxCvvVTTfGgSPG8mvE2Dz0iZ06K','abrady@yahoo.com','male','2008-09-03',NULL,15,14,8),(488,'1983-10-08 23:14:50.000000','1997-02-11 00:13:42.000000',43653,1,1,'Sport drive paper discussion wonder far. Nature meet senior on child laugh.','Conference according once here.\nMachine rule charge. Toward term ahead collection often.\nAge subject wrong usually again. Wind evidence trouble center result since.','이아름','01058755306','$2b$12$.f2jHNW5UyPRPPDR07CgOeDdzOgRgjzk4A2DfFhQir2T9hf0DOXrS','crystaljones@yahoo.com','female','1985-02-20',NULL,12,48,3),(489,'2013-06-24 02:03:44.000000','1987-12-12 06:30:17.000000',6686,0,0,'Candidate culture benefit tree face push rich. Fall need middle because. Office gun seek computer.','Imagine model past when national practice deal.\nA news he good admit say. Agency simply major across government task.\nCheck image out follow. Participant plant since alone.','이현우','01051887445','$2b$12$wt.2OKLtYjGsFKty8KnWWuW2iRPULuujsb5RHz8e17PTJBKsIgEGe','christinanewton@yahoo.com','male','2016-09-18',NULL,17,41,11),(490,'2015-09-29 18:20:17.000000','1979-01-01 06:42:03.000000',56864,0,1,'Guy front thus often particularly strong. Him draw industry.','Player just degree hot able over establish. Position head market tend.\nTrip even stock study measure alone light. Than stay long girl represent. There clear debate would citizen page successful.','이유진','01026287023','$2b$12$OGhUzQHpkKt6VznW4UpN9uBFrPwjCWnUhmRDYtCrgp27D300N9o2C','davidjohnston@martinez.org','male','1998-02-06',NULL,19,30,10),(491,'2003-05-02 00:23:31.000000','1991-11-15 20:52:44.000000',4010,0,0,'Usually recently traditional. Along medical lot compare throw. Information structure drop attack.','Record thank item yourself kind. Trip none onto sing various offer. Eat view front worry.\nDifficult candidate growth here attention level. Class specific lose certain price radio.','최상호','01057302768','$2b$12$ZC1q6LhzT/VAeA328..iLez3hUwIh4Is/x6JTfqeGPDY4ogiIO2Qu','robert79@rodriguez.com','male','2020-03-15',NULL,8,29,4),(492,'1985-01-09 14:13:06.000000','2004-08-13 05:38:29.000000',59854,0,0,'Black behavior again environmental rock blood hundred view.','Charge best interesting herself too. Hold military lot develop. Similar tough item similar he financial run rise. Behind international stuff rather too company stuff state.','김수민','01020856017','$2b$12$pnrneh3r/p0zcQoYXIFgMePbgwwMHyZAmWSgdEsrLXt/zGLCRjbgm','dennis05@gmail.com','male','2018-10-07',NULL,3,40,13),(493,'1994-02-12 13:40:04.000000','2011-08-04 05:00:59.000000',60924,1,1,'Else under be say. Dream goal Democrat. Identify man possible reason manager.','Power close popular especially three yes way. Left mission head key effort finally peace. South himself young believe population power.','이영식','01059082897','$2b$12$iEeqs4WDwSRohTfB4TApFOU5NlnF21Q3fqgmkVdnnvfQOTLE7kuGG','jaclynreynolds@taylor.org','female','1991-01-28',NULL,0,41,4),(494,'2013-05-28 11:28:09.000000','1977-05-08 15:25:28.000000',48710,0,1,'Local child find act project them defense. Include form at defense reveal appear left.','Role beautiful president even. Eight pull wide however interest. Good former often go much allow.','이영자','01075567619','$2b$12$G2Vbvp63jjMXSaChYLCMUu1QRwyXU7M55qPkcnqp.Xqep1qf4xu0G','dianapatrick@yahoo.com','female','1985-03-30',NULL,10,38,14),(495,'2014-10-14 10:28:51.000000','2009-12-25 04:45:04.000000',20488,1,0,'Partner until positive. Half individual thing table away. Themselves him though own get.','Receive teach line consumer peace water.\nGlass magazine dark money positive interest win. Activity edge develop help gun lot.','이지민','01012491148','$2b$12$pv49uBN4pImS42yR7pUaCet.wM44SFrsjqt2Q3fTGLffAXocUFDUS','andrea98@williams.biz','female','2017-01-12',NULL,18,53,23),(496,'1988-07-27 21:55:48.000000','2000-06-16 23:16:59.000000',77575,0,0,'Raise election wrong so travel. Think ok race player create produce.','Day hard during yourself. Break case five whole often.\nWant memory employee interest enter. Research effect first else write. Individual plant more interesting these.','홍은지','01085359616','$2b$12$4DCVlaz.KJSQse8qa22vKerr1gfF4/3bpXixHzz58mxeYbPQISqSm','ssmith@gmail.com','male','1977-03-23',NULL,23,44,1),(497,'2017-04-19 15:54:36.000000','2008-06-04 09:49:34.000000',77779,0,0,'Threat Congress usually job.','Sound he idea full such majority. Become check lay build section color. Full family law force.\nCrime score production arrive space. Would goal late family. Consider sister claim.','최명숙','01086163290','$2b$12$GsBszqcOmdGCz8WSPvNnSuVD6cht5YzwPjbRr7lCDi7pQMJ7.rQhm','richard30@yahoo.com','male','2011-03-28',NULL,23,22,5),(498,'1985-05-07 09:18:47.000000','1973-04-25 20:48:22.000000',32854,1,0,'Right actually too. Really figure theory find food article agency.','Street account new actually thus everything the democratic. Report south stuff myself want.','홍미경','01084355883','$2b$12$WIOEH3M9KPbrMfdsNykq7uCEf4EWae0CqyHWucpFoCncwZNAeB2Fe','ewilliams@hotmail.com','male','2012-06-04',NULL,30,39,20),(499,'1995-12-14 07:36:40.000000','1980-08-28 18:35:49.000000',34824,1,0,'Several song find. Thousand realize adult customer player south owner.','Federal sing reduce better catch. Per anything score manage how list. Effort future across peace.\nLawyer thing people rich medical response. We camera treatment nature success argue.','김민석','01052033629','$2b$12$E52LMIYIqs5fY0zMtEqhnelS41sYlaw3xMjwFb97NGbcbxqagDA6G','sullivancraig@yahoo.com','male','1976-10-07',NULL,21,49,16),(500,'1986-06-19 06:40:09.000000','1989-03-07 08:31:08.000000',29480,0,0,'Tend cold fill attack.\nOperation program among stop likely born. Heavy about occur meeting.','Worry else business anything share. Interest industry ok Congress author quite politics report. Center hundred particularly item. Would administration part defense walk.','성서영','01054216325','$2b$12$XRsLjUCqXV8hBo6bdsnW9e0YMxmokxMqlsYWTHVW7NxL3/IReG0k.','christopher01@larson-perkins.com','female','1988-05-14',NULL,15,20,7),(501,'1972-11-18 07:57:33.000000','1996-03-30 09:43:21.000000',72717,1,0,'Conference memory service value concern once western. Less professional Republican world.','Later worker man still. Husband or new visit during tough politics.\nImagine special difference today. Five number trouble many difference make budget east.','이우진','01079244093','$2b$12$JTgeTvarRhIJZ1YdNs8CKOzDbQFaCCViahgwfdwoRmxqBSnxDOlEa','sarahharrison@gmail.com','female','1976-09-06',NULL,0,34,3);
/*!40000 ALTER TABLE `masters` ENABLE KEYS */;
UNLOCK TABLES;

--
-- Table structure for table `quotations`
--

DROP TABLE IF EXISTS `quotations`;
/*!40101 SET @saved_cs_client     = @@character_set_client */;
/*!50503 SET character_set_client = utf8mb4 */;
CREATE TABLE `quotations` (
  `id` bigint NOT NULL AUTO_INCREMENT,
  `created_at` datetime(6) NOT NULL,
  `updated_at` datetime(6) NOT NULL,
  `price` decimal(10,2) NOT NULL,
  `is_completed` tinyint(1) NOT NULL,
  `application_master_id` bigint NOT NULL,
  `master_id` bigint NOT NULL,
  PRIMARY KEY (`id`),
  KEY `quotations_application_master_i_58d03a39_fk_applicati` (`application_master_id`),
  KEY `quotations_master_id_5929390d_fk_masters_id` (`master_id`),
  CONSTRAINT `quotations_application_master_i_58d03a39_fk_applicati` FOREIGN KEY (`application_master_id`) REFERENCES `application_masters` (`id`),
  CONSTRAINT `quotations_master_id_5929390d_fk_masters_id` FOREIGN KEY (`master_id`) REFERENCES `masters` (`id`)
) ENGINE=InnoDB DEFAULT CHARSET=utf8mb4 COLLATE=utf8mb4_general_ci;
/*!40101 SET character_set_client = @saved_cs_client */;

--
-- Dumping data for table `quotations`
--

LOCK TABLES `quotations` WRITE;
/*!40000 ALTER TABLE `quotations` DISABLE KEYS */;
/*!40000 ALTER TABLE `quotations` ENABLE KEYS */;
UNLOCK TABLES;

--
-- Table structure for table `regions`
--

DROP TABLE IF EXISTS `regions`;
/*!40101 SET @saved_cs_client     = @@character_set_client */;
/*!50503 SET character_set_client = utf8mb4 */;
CREATE TABLE `regions` (
  `id` bigint NOT NULL AUTO_INCREMENT,
  `name` varchar(100) COLLATE utf8mb4_general_ci NOT NULL,
  PRIMARY KEY (`id`)
) ENGINE=InnoDB AUTO_INCREMENT=26 DEFAULT CHARSET=utf8mb4 COLLATE=utf8mb4_general_ci;
/*!40101 SET character_set_client = @saved_cs_client */;

--
-- Dumping data for table `regions`
--

LOCK TABLES `regions` WRITE;
/*!40000 ALTER TABLE `regions` DISABLE KEYS */;
INSERT INTO `regions` VALUES (1,'종로구'),(2,'중구'),(3,'용산구'),(4,'성동구'),(5,'광진구'),(6,'동대문구'),(7,'중랑구'),(8,'성북구'),(9,'강북구'),(10,'도봉구'),(11,'노원구'),(12,'은평구'),(13,'서대문구'),(14,'마포구'),(15,'양천구'),(16,'강서구'),(17,'구로구'),(18,'금천구'),(19,'영등포구'),(20,'동작구'),(21,'관악구'),(22,'서초구'),(23,'강남구'),(24,'송파구'),(25,'강동구');
/*!40000 ALTER TABLE `regions` ENABLE KEYS */;
UNLOCK TABLES;

--
-- Table structure for table `reviews`
--

DROP TABLE IF EXISTS `reviews`;
/*!40101 SET @saved_cs_client     = @@character_set_client */;
/*!50503 SET character_set_client = utf8mb4 */;
CREATE TABLE `reviews` (
  `id` bigint NOT NULL AUTO_INCREMENT,
  `created_at` datetime(6) NOT NULL,
  `updated_at` datetime(6) NOT NULL,
  `content` longtext COLLATE utf8mb4_general_ci,
  `rating` int unsigned NOT NULL,
  `master_id` bigint NOT NULL,
  `service_id` bigint NOT NULL,
  `user_id` bigint NOT NULL,
  PRIMARY KEY (`id`),
  KEY `reviews_master_id_1ea40da2_fk_masters_id` (`master_id`),
  KEY `reviews_service_id_00992c02_fk_services_id` (`service_id`),
  KEY `reviews_user_id_c23b0903_fk_users_id` (`user_id`),
  CONSTRAINT `reviews_master_id_1ea40da2_fk_masters_id` FOREIGN KEY (`master_id`) REFERENCES `masters` (`id`),
  CONSTRAINT `reviews_service_id_00992c02_fk_services_id` FOREIGN KEY (`service_id`) REFERENCES `services` (`id`),
  CONSTRAINT `reviews_user_id_c23b0903_fk_users_id` FOREIGN KEY (`user_id`) REFERENCES `users` (`id`),
  CONSTRAINT `reviews_chk_1` CHECK ((`rating` >= 0))
) ENGINE=InnoDB AUTO_INCREMENT=500 DEFAULT CHARSET=utf8mb4 COLLATE=utf8mb4_general_ci;
/*!40101 SET character_set_client = @saved_cs_client */;

--
-- Dumping data for table `reviews`
--

LOCK TABLES `reviews` WRITE;
/*!40000 ALTER TABLE `reviews` DISABLE KEYS */;
INSERT INTO `reviews` VALUES (1,'2021-07-23 08:23:14.944909','2021-07-23 08:23:14.944947','빠르고 친절하게 잘 해 주셔서 감사합니다. 회사에 계신 몇 분이랑 디자인 검토했는데 다들 만족하십니다. 이번에는 파일 작업만 했는데 인쇄하게 되면 또 연락드리겠습니다. 건강하세요.',5,1,44,33),(2,'2021-07-23 08:23:14.953180','2021-07-23 08:23:14.953212','고민하고 고른 업체, 리뷰가 괜히 좋은 건 아니에요. 정말 깨끗하게 잘 작업해주셔서 감사해요.',5,2,47,54),(3,'2021-07-23 08:23:14.958968','2021-07-23 08:23:14.958997','최고에요 감사합니다',4,3,61,191),(4,'2021-07-23 08:23:14.964232','2021-07-23 08:23:14.964261','ㄹㅇ 고수님이십니다',3,4,19,143),(5,'2021-07-23 08:23:14.970299','2021-07-23 08:23:14.970330','기존 있었던 세세한 파손과 문제점도 잘 알려주시고, 수납공간이 많아서 청소하시기 어려우셨을 텐데도 잘~ 해주셔서 감사합니다.',5,5,20,95),(6,'2021-07-23 08:23:14.976354','2021-07-23 08:23:14.976385','하하하하하하',4,6,7,196),(7,'2021-07-23 08:23:14.981981','2021-07-23 08:23:14.982011','ㅠㅠㅠㅠㅠㅠㅠㅠㅠㅠㅠㅠㅠㅠㅠㅠㅠㅠㅠㅠㅠㅠㅠㅠㅠㅠㅠㅠㅠㅠㅠㅠㅠㅠㅠ',4,7,36,154),(8,'2021-07-23 08:23:14.987586','2021-07-23 08:23:14.987616','ㅠㅠㅠㅠㅠㅠㅠㅠㅠㅠㅠㅠㅠㅠㅠㅠㅠㅠㅠㅠㅠㅠㅠㅠㅠㅠㅠㅠㅠㅠㅠㅠㅠㅠㅠ',1,8,5,138),(9,'2021-07-23 08:23:14.992782','2021-07-23 08:23:14.992811','최고에요 감사합니다',2,9,45,105),(10,'2021-07-23 08:23:14.997923','2021-07-23 08:23:14.997960','ㅋㅋㅋㅋㅋㅋㅋㅋㅋㅋㅋㅋㅋㅋㅋㅋㅋㅋㅋㅋㅋㅋㅋㅋㅋㅋㅋㅋㅋㅋㅋㅋㅋㅋㅋㅋ',1,10,16,169),(11,'2021-07-23 08:23:15.003452','2021-07-23 08:23:15.003482','빠르고 친절하게 잘 해 주셔서 감사합니다. 회사에 계신 몇 분이랑 디자인 검토했는데 다들 만족하십니다. 이번에는 파일 작업만 했는데 인쇄하게 되면 또 연락드리겠습니다. 건강하세요.',1,11,7,142),(12,'2021-07-23 08:23:15.008808','2021-07-23 08:23:15.008841','최고에요 감사합니다',5,12,6,149),(13,'2021-07-23 08:23:15.014075','2021-07-23 08:23:15.014105','하하하하하하',4,13,53,24),(14,'2021-07-23 08:23:15.021005','2021-07-23 08:23:15.021041','진짜 대박! ',2,14,47,25),(15,'2021-07-23 08:23:15.026617','2021-07-23 08:23:15.026648','깔끔하게 잘 만들어주셨어요!',1,15,34,19),(16,'2021-07-23 08:23:15.031967','2021-07-23 08:23:15.031997','ㅋㅋㅋㅋㅋㅋㅋㅋㅋㅋㅋㅋㅋㅋㅋㅋㅋㅋㅋㅋㅋㅋㅋㅋㅋㅋㅋㅋㅋㅋㅋㅋㅋㅋㅋㅋ',3,16,58,79),(17,'2021-07-23 08:23:15.037928','2021-07-23 08:23:15.037957','꼼꼼하고 세세하게 청소해주셔서 감사했습니다 :)',3,17,13,31),(18,'2021-07-23 08:23:15.043262','2021-07-23 08:23:15.043292','ㅋㅋㅋㅋㅋㅋㅋㅋㅋㅋㅋㅋㅋㅋㅋㅋㅋㅋㅋㅋㅋㅋㅋㅋㅋㅋㅋㅋㅋㅋㅋㅋㅋㅋㅋㅋ',3,18,40,78),(19,'2021-07-23 08:23:15.048745','2021-07-23 08:23:15.048773','빠르고 친절하게 잘 해 주셔서 감사합니다. 회사에 계신 몇 분이랑 디자인 검토했는데 다들 만족하십니다. 이번에는 파일 작업만 했는데 인쇄하게 되면 또 연락드리겠습니다. 건강하세요.',5,19,55,107),(20,'2021-07-23 08:23:15.054125','2021-07-23 08:23:15.054155','꼼꼼하고 세세하게 청소해주셔서 감사했습니다 :)',3,20,38,122),(21,'2021-07-23 08:23:15.059597','2021-07-23 08:23:15.059629','ㅋㅋㅋㅋㅋㅋㅋㅋㅋㅋㅋㅋㅋㅋㅋㅋㅋㅋㅋㅋㅋㅋㅋㅋㅋㅋㅋㅋㅋㅋㅋㅋㅋㅋㅋㅋ',2,21,70,173),(22,'2021-07-23 08:23:15.064877','2021-07-23 08:23:15.064906','너무 친절하세요 :)',3,22,65,11),(23,'2021-07-23 08:23:15.070088','2021-07-23 08:23:15.070116','진짜 대박! ',4,23,19,152),(24,'2021-07-23 08:23:15.075158','2021-07-23 08:23:15.075186','빠르고 친절하게 잘 해 주셔서 감사합니다. 회사에 계신 몇 분이랑 디자인 검토했는데 다들 만족하십니다. 이번에는 파일 작업만 했는데 인쇄하게 되면 또 연락드리겠습니다. 건강하세요.',4,24,65,34),(25,'2021-07-23 08:23:15.080233','2021-07-23 08:23:15.080261','ㅠㅠㅠㅠㅠㅠㅠㅠㅠㅠㅠㅠㅠㅠㅠㅠㅠㅠㅠㅠㅠㅠㅠㅠㅠㅠㅠㅠㅠㅠㅠㅠㅠㅠㅠ',4,25,37,78),(26,'2021-07-23 08:23:15.085463','2021-07-23 08:23:15.085492','고민하고 고른 업체, 리뷰가 괜히 좋은 건 아니에요. 정말 깨끗하게 잘 작업해주셔서 감사해요.',5,26,69,101),(27,'2021-07-23 08:23:15.090739','2021-07-23 08:23:15.090767','최고에요 감사합니다',4,27,18,18),(28,'2021-07-23 08:23:15.095827','2021-07-23 08:23:15.095855','너무 친절하세요 :)',3,28,66,102),(29,'2021-07-23 08:23:15.100811','2021-07-23 08:23:15.100845','깔끔하게 잘 만들어주셨어요!',1,29,16,5),(30,'2021-07-23 08:23:15.106046','2021-07-23 08:23:15.106074','너무 친절하세요 :)',1,30,70,164),(31,'2021-07-23 08:23:15.111395','2021-07-23 08:23:15.111424','너무 친절하세요 :)',1,31,32,158),(32,'2021-07-23 08:23:15.116725','2021-07-23 08:23:15.116755','ㄹㅇ 고수님이십니다',4,32,35,52),(33,'2021-07-23 08:23:15.122048','2021-07-23 08:23:15.122092','댓글50자댓글50자댓글50자댓글50자댓글50자댓글50자댓글50자댓글50자',5,33,65,112),(34,'2021-07-23 08:23:15.127294','2021-07-23 08:23:15.127322','댓글50자댓글50자댓글50자댓글50자댓글50자댓글50자댓글50자댓글50자',3,34,65,79),(35,'2021-07-23 08:23:15.132484','2021-07-23 08:23:15.132514','너무 친절하세요 :)',5,35,13,114),(36,'2021-07-23 08:23:15.138047','2021-07-23 08:23:15.138077','너무 친절하세요 :)',1,36,35,83),(37,'2021-07-23 08:23:15.143321','2021-07-23 08:23:15.143354','노끈 있는걸로 주문했는데… 빠졌는지 안왔는데 그래도 현수막이 중요한거니 별 5개 드립니다',4,37,37,100),(38,'2021-07-23 08:23:15.148520','2021-07-23 08:23:15.148563','하하하하하하',1,38,8,34),(39,'2021-07-23 08:23:15.154102','2021-07-23 08:23:15.154131','기존 있었던 세세한 파손과 문제점도 잘 알려주시고, 수납공간이 많아서 청소하시기 어려우셨을 텐데도 잘~ 해주셔서 감사합니다.',1,39,12,10),(40,'2021-07-23 08:23:15.159310','2021-07-23 08:23:15.159338','최고에요 감사합니다',4,40,29,146),(41,'2021-07-23 08:23:15.164525','2021-07-23 08:23:15.164554','서비스 응대가 최고 였습니다. 과연 디자인 1위 입니다. 내년에도 다시 부탁드리고 싶을 정도였습니다. 믿음직합니다,',1,41,49,161),(42,'2021-07-23 08:23:15.191351','2021-07-23 08:23:15.191382','ㅋㅋㅋㅋㅋㅋㅋㅋㅋㅋㅋㅋㅋㅋㅋㅋㅋㅋㅋㅋㅋㅋㅋㅋㅋㅋㅋㅋㅋㅋㅋㅋㅋㅋㅋㅋ',3,42,22,4),(43,'2021-07-23 08:23:15.197491','2021-07-23 08:23:15.197521','깔끔하게 잘 만들어주셨어요!',3,43,17,28),(44,'2021-07-23 08:23:15.203121','2021-07-23 08:23:15.203152','서비스 응대가 최고 였습니다. 과연 디자인 1위 입니다. 내년에도 다시 부탁드리고 싶을 정도였습니다. 믿음직합니다,',4,44,54,5),(45,'2021-07-23 08:23:15.209197','2021-07-23 08:23:15.209227','고민하고 고른 업체, 리뷰가 괜히 좋은 건 아니에요. 정말 깨끗하게 잘 작업해주셔서 감사해요.',1,45,36,72),(46,'2021-07-23 08:23:15.215284','2021-07-23 08:23:15.215313','서비스 응대가 최고 였습니다. 과연 디자인 1위 입니다. 내년에도 다시 부탁드리고 싶을 정도였습니다. 믿음직합니다,',1,46,45,47),(47,'2021-07-23 08:23:15.220960','2021-07-23 08:23:15.220995','빠르고 친절하게 잘 해 주셔서 감사합니다. 회사에 계신 몇 분이랑 디자인 검토했는데 다들 만족하십니다. 이번에는 파일 작업만 했는데 인쇄하게 되면 또 연락드리겠습니다. 건강하세요.',3,47,7,138),(48,'2021-07-23 08:23:15.226866','2021-07-23 08:23:15.226898','기존 있었던 세세한 파손과 문제점도 잘 알려주시고, 수납공간이 많아서 청소하시기 어려우셨을 텐데도 잘~ 해주셔서 감사합니다.',4,48,8,24),(49,'2021-07-23 08:23:15.232351','2021-07-23 08:23:15.232382','너무 친절하세요 :)',1,49,19,113),(50,'2021-07-23 08:23:15.237712','2021-07-23 08:23:15.237740','진짜 대박! ',1,50,24,125),(51,'2021-07-23 08:23:15.242941','2021-07-23 08:23:15.242972','깔끔하게 잘 만들어주셨어요!',1,51,45,10),(52,'2021-07-23 08:23:15.248251','2021-07-23 08:23:15.248279','빠르고 친절하게 잘 해 주셔서 감사합니다. 회사에 계신 몇 분이랑 디자인 검토했는데 다들 만족하십니다. 이번에는 파일 작업만 했는데 인쇄하게 되면 또 연락드리겠습니다. 건강하세요.',3,52,5,84),(53,'2021-07-23 08:23:15.253537','2021-07-23 08:23:15.253565','ㅠㅠㅠㅠㅠㅠㅠㅠㅠㅠㅠㅠㅠㅠㅠㅠㅠㅠㅠㅠㅠㅠㅠㅠㅠㅠㅠㅠㅠㅠㅠㅠㅠㅠㅠ',4,53,35,105),(54,'2021-07-23 08:23:15.258844','2021-07-23 08:23:15.258872','댓글50자댓글50자댓글50자댓글50자댓글50자댓글50자댓글50자댓글50자',1,54,7,97),(55,'2021-07-23 08:23:15.264284','2021-07-23 08:23:15.264315','너무 친절하세요 :)',2,55,40,179),(56,'2021-07-23 08:23:15.269448','2021-07-23 08:23:15.269475','노끈 있는걸로 주문했는데… 빠졌는지 안왔는데 그래도 현수막이 중요한거니 별 5개 드립니다',2,56,32,153),(57,'2021-07-23 08:23:15.274563','2021-07-23 08:23:15.274602','꼼꼼하고 세세하게 청소해주셔서 감사했습니다 :)',4,57,24,16),(58,'2021-07-23 08:23:15.279727','2021-07-23 08:23:15.279757','ㄹㅇ 고수님이십니다',2,58,67,53),(59,'2021-07-23 08:23:15.285166','2021-07-23 08:23:15.285196','진짜 대박! ',3,59,68,38),(60,'2021-07-23 08:23:15.290674','2021-07-23 08:23:15.290705','ㅠㅠㅠㅠㅠㅠㅠㅠㅠㅠㅠㅠㅠㅠㅠㅠㅠㅠㅠㅠㅠㅠㅠㅠㅠㅠㅠㅠㅠㅠㅠㅠㅠㅠㅠ',5,60,34,52),(61,'2021-07-23 08:23:15.296052','2021-07-23 08:23:15.296082','기존 있었던 세세한 파손과 문제점도 잘 알려주시고, 수납공간이 많아서 청소하시기 어려우셨을 텐데도 잘~ 해주셔서 감사합니다.',5,61,14,201),(62,'2021-07-23 08:23:15.301411','2021-07-23 08:23:15.301440','진짜 대박! ',5,62,57,96),(63,'2021-07-23 08:23:15.306991','2021-07-23 08:23:15.307026','하하하하하하',3,63,49,126),(64,'2021-07-23 08:23:15.312362','2021-07-23 08:23:15.312391','댓글50자댓글50자댓글50자댓글50자댓글50자댓글50자댓글50자댓글50자',2,64,69,157),(65,'2021-07-23 08:23:15.317750','2021-07-23 08:23:15.317778','하하하하하하',1,65,15,71),(66,'2021-07-23 08:23:15.323079','2021-07-23 08:23:15.323112','ㅠㅠㅠㅠㅠㅠㅠㅠㅠㅠㅠㅠㅠㅠㅠㅠㅠㅠㅠㅠㅠㅠㅠㅠㅠㅠㅠㅠㅠㅠㅠㅠㅠㅠㅠ',1,66,70,59),(67,'2021-07-23 08:23:15.328279','2021-07-23 08:23:15.328310','고민하고 고른 업체, 리뷰가 괜히 좋은 건 아니에요. 정말 깨끗하게 잘 작업해주셔서 감사해요.',3,67,3,81),(68,'2021-07-23 08:23:15.333697','2021-07-23 08:23:15.333726','최고에요 감사합니다',5,68,17,164),(69,'2021-07-23 08:23:15.338859','2021-07-23 08:23:15.338889','깔끔하게 잘 만들어주셨어요!',3,69,11,189),(70,'2021-07-23 08:23:15.344244','2021-07-23 08:23:15.344281','진짜 대박! ',1,70,31,188),(71,'2021-07-23 08:23:15.349556','2021-07-23 08:23:15.349585','진짜 대박! ',1,71,49,195),(72,'2021-07-23 08:23:15.354743','2021-07-23 08:23:15.354770','고민하고 고른 업체, 리뷰가 괜히 좋은 건 아니에요. 정말 깨끗하게 잘 작업해주셔서 감사해요.',5,72,33,138),(73,'2021-07-23 08:23:15.362168','2021-07-23 08:23:15.362200','꼼꼼하고 세세하게 청소해주셔서 감사했습니다 :)',3,73,58,95),(74,'2021-07-23 08:23:15.367708','2021-07-23 08:23:15.367737','최고에요 감사합니다',3,74,26,15),(75,'2021-07-23 08:23:15.372766','2021-07-23 08:23:15.372793','진짜 대박! ',3,75,73,17),(76,'2021-07-23 08:23:15.377788','2021-07-23 08:23:15.377813','고민하고 고른 업체, 리뷰가 괜히 좋은 건 아니에요. 정말 깨끗하게 잘 작업해주셔서 감사해요.',2,76,60,165),(77,'2021-07-23 08:23:15.383115','2021-07-23 08:23:15.383144','진짜 대박! ',4,77,7,37),(78,'2021-07-23 08:23:15.388348','2021-07-23 08:23:15.388376','빠르고 친절하게 잘 해 주셔서 감사합니다. 회사에 계신 몇 분이랑 디자인 검토했는데 다들 만족하십니다. 이번에는 파일 작업만 했는데 인쇄하게 되면 또 연락드리겠습니다. 건강하세요.',3,78,46,177),(79,'2021-07-23 08:23:15.393656','2021-07-23 08:23:15.393685','깔끔하게 잘 만들어주셨어요!',5,79,34,156),(80,'2021-07-23 08:23:15.398813','2021-07-23 08:23:15.398839','고민하고 고른 업체, 리뷰가 괜히 좋은 건 아니에요. 정말 깨끗하게 잘 작업해주셔서 감사해요.',1,80,30,138),(81,'2021-07-23 08:23:15.403977','2021-07-23 08:23:15.404004','꼼꼼하고 세세하게 청소해주셔서 감사했습니다 :)',2,81,19,5),(82,'2021-07-23 08:23:15.409200','2021-07-23 08:23:15.409232','꼼꼼하고 세세하게 청소해주셔서 감사했습니다 :)',4,82,33,123),(83,'2021-07-23 08:23:15.414444','2021-07-23 08:23:15.414472','진짜 대박! ',4,83,36,188),(84,'2021-07-23 08:23:15.419858','2021-07-23 08:23:15.419888','기존 있었던 세세한 파손과 문제점도 잘 알려주시고, 수납공간이 많아서 청소하시기 어려우셨을 텐데도 잘~ 해주셔서 감사합니다.',5,84,29,35),(85,'2021-07-23 08:23:15.425080','2021-07-23 08:23:15.425109','빠르고 친절하게 잘 해 주셔서 감사합니다. 회사에 계신 몇 분이랑 디자인 검토했는데 다들 만족하십니다. 이번에는 파일 작업만 했는데 인쇄하게 되면 또 연락드리겠습니다. 건강하세요.',4,85,36,100),(86,'2021-07-23 08:23:15.430487','2021-07-23 08:23:15.430520','ㄹㅇ 고수님이십니다',5,86,65,87),(87,'2021-07-23 08:23:15.435923','2021-07-23 08:23:15.435955','꼼꼼하고 세세하게 청소해주셔서 감사했습니다 :)',4,87,3,159),(88,'2021-07-23 08:23:15.441395','2021-07-23 08:23:15.441426','기존 있었던 세세한 파손과 문제점도 잘 알려주시고, 수납공간이 많아서 청소하시기 어려우셨을 텐데도 잘~ 해주셔서 감사합니다.',2,88,11,26),(89,'2021-07-23 08:23:15.446817','2021-07-23 08:23:15.446847','기존 있었던 세세한 파손과 문제점도 잘 알려주시고, 수납공간이 많아서 청소하시기 어려우셨을 텐데도 잘~ 해주셔서 감사합니다.',5,89,47,87),(90,'2021-07-23 08:23:15.452388','2021-07-23 08:23:15.452417','노끈 있는걸로 주문했는데… 빠졌는지 안왔는데 그래도 현수막이 중요한거니 별 5개 드립니다',1,90,37,155),(91,'2021-07-23 08:23:15.457656','2021-07-23 08:23:15.457685','하하하하하하',4,91,29,110),(92,'2021-07-23 08:23:15.462808','2021-07-23 08:23:15.462835','빠르고 친절하게 잘 해 주셔서 감사합니다. 회사에 계신 몇 분이랑 디자인 검토했는데 다들 만족하십니다. 이번에는 파일 작업만 했는데 인쇄하게 되면 또 연락드리겠습니다. 건강하세요.',3,92,7,80),(93,'2021-07-23 08:23:15.467859','2021-07-23 08:23:15.467887','노끈 있는걸로 주문했는데… 빠졌는지 안왔는데 그래도 현수막이 중요한거니 별 5개 드립니다',4,93,26,30),(94,'2021-07-23 08:23:15.473093','2021-07-23 08:23:15.473123','기존 있었던 세세한 파손과 문제점도 잘 알려주시고, 수납공간이 많아서 청소하시기 어려우셨을 텐데도 잘~ 해주셔서 감사합니다.',4,94,30,34),(95,'2021-07-23 08:23:15.479341','2021-07-23 08:23:15.479368','기존 있었던 세세한 파손과 문제점도 잘 알려주시고, 수납공간이 많아서 청소하시기 어려우셨을 텐데도 잘~ 해주셔서 감사합니다.',3,95,33,23),(96,'2021-07-23 08:23:15.484668','2021-07-23 08:23:15.484697','진짜 대박! ',4,96,58,144),(97,'2021-07-23 08:23:15.490262','2021-07-23 08:23:15.490295','진짜 대박! ',4,97,25,100),(98,'2021-07-23 08:23:15.495699','2021-07-23 08:23:15.495729','너무 친절하세요 :)',2,98,1,93),(99,'2021-07-23 08:23:15.501124','2021-07-23 08:23:15.501154','노끈 있는걸로 주문했는데… 빠졌는지 안왔는데 그래도 현수막이 중요한거니 별 5개 드립니다',1,99,15,114),(100,'2021-07-23 08:23:15.506524','2021-07-23 08:23:15.506554','깔끔하게 잘 만들어주셨어요!',3,100,22,114),(101,'2021-07-23 08:23:15.511720','2021-07-23 08:23:15.511749','진짜 대박! ',3,101,41,144),(102,'2021-07-23 08:23:15.517177','2021-07-23 08:23:15.517211','서비스 응대가 최고 였습니다. 과연 디자인 1위 입니다. 내년에도 다시 부탁드리고 싶을 정도였습니다. 믿음직합니다,',1,102,62,103),(103,'2021-07-23 08:23:15.522743','2021-07-23 08:23:15.522772','댓글50자댓글50자댓글50자댓글50자댓글50자댓글50자댓글50자댓글50자',4,103,24,24),(104,'2021-07-23 08:23:15.528241','2021-07-23 08:23:15.528272','노끈 있는걸로 주문했는데… 빠졌는지 안왔는데 그래도 현수막이 중요한거니 별 5개 드립니다',3,104,6,154),(105,'2021-07-23 08:23:15.533632','2021-07-23 08:23:15.533660','하하하하하하',1,105,68,133),(106,'2021-07-23 08:23:15.538837','2021-07-23 08:23:15.538866','꼼꼼하고 세세하게 청소해주셔서 감사했습니다 :)',5,106,54,145),(107,'2021-07-23 08:23:15.544022','2021-07-23 08:23:15.544062','서비스 응대가 최고 였습니다. 과연 디자인 1위 입니다. 내년에도 다시 부탁드리고 싶을 정도였습니다. 믿음직합니다,',1,107,31,183),(108,'2021-07-23 08:23:15.549504','2021-07-23 08:23:15.549533','고민하고 고른 업체, 리뷰가 괜히 좋은 건 아니에요. 정말 깨끗하게 잘 작업해주셔서 감사해요.',4,108,64,132),(109,'2021-07-23 08:23:15.554790','2021-07-23 08:23:15.554819','노끈 있는걸로 주문했는데… 빠졌는지 안왔는데 그래도 현수막이 중요한거니 별 5개 드립니다',3,109,17,166),(110,'2021-07-23 08:23:15.560013','2021-07-23 08:23:15.560042','진짜 대박! ',2,110,46,104),(111,'2021-07-23 08:23:15.565396','2021-07-23 08:23:15.565426','ㅠㅠㅠㅠㅠㅠㅠㅠㅠㅠㅠㅠㅠㅠㅠㅠㅠㅠㅠㅠㅠㅠㅠㅠㅠㅠㅠㅠㅠㅠㅠㅠㅠㅠㅠ',3,111,50,102),(112,'2021-07-23 08:23:15.570566','2021-07-23 08:23:15.570594','ㄹㅇ 고수님이십니다',2,112,62,164),(113,'2021-07-23 08:23:15.575638','2021-07-23 08:23:15.575666','ㅠㅠㅠㅠㅠㅠㅠㅠㅠㅠㅠㅠㅠㅠㅠㅠㅠㅠㅠㅠㅠㅠㅠㅠㅠㅠㅠㅠㅠㅠㅠㅠㅠㅠㅠ',2,113,70,114),(114,'2021-07-23 08:23:15.580803','2021-07-23 08:23:15.580831','ㄹㅇ 고수님이십니다',2,114,58,113),(115,'2021-07-23 08:23:15.586488','2021-07-23 08:23:15.586518','진짜 대박! ',2,115,29,19),(116,'2021-07-23 08:23:15.592165','2021-07-23 08:23:15.592196','서비스 응대가 최고 였습니다. 과연 디자인 1위 입니다. 내년에도 다시 부탁드리고 싶을 정도였습니다. 믿음직합니다,',5,116,14,135),(117,'2021-07-23 08:23:15.597778','2021-07-23 08:23:15.597807','기존 있었던 세세한 파손과 문제점도 잘 알려주시고, 수납공간이 많아서 청소하시기 어려우셨을 텐데도 잘~ 해주셔서 감사합니다.',3,117,60,28),(118,'2021-07-23 08:23:15.603297','2021-07-23 08:23:15.603326','기존 있었던 세세한 파손과 문제점도 잘 알려주시고, 수납공간이 많아서 청소하시기 어려우셨을 텐데도 잘~ 해주셔서 감사합니다.',3,118,67,173),(119,'2021-07-23 08:23:15.608646','2021-07-23 08:23:15.608675','꼼꼼하고 세세하게 청소해주셔서 감사했습니다 :)',3,119,23,197),(120,'2021-07-23 08:23:15.613804','2021-07-23 08:23:15.613835','ㅠㅠㅠㅠㅠㅠㅠㅠㅠㅠㅠㅠㅠㅠㅠㅠㅠㅠㅠㅠㅠㅠㅠㅠㅠㅠㅠㅠㅠㅠㅠㅠㅠㅠㅠ',3,120,33,139),(121,'2021-07-23 08:23:15.619067','2021-07-23 08:23:15.619098','노끈 있는걸로 주문했는데… 빠졌는지 안왔는데 그래도 현수막이 중요한거니 별 5개 드립니다',3,121,68,116),(122,'2021-07-23 08:23:15.624254','2021-07-23 08:23:15.624285','하하하하하하',1,122,60,96),(123,'2021-07-23 08:23:15.629420','2021-07-23 08:23:15.629450','댓글50자댓글50자댓글50자댓글50자댓글50자댓글50자댓글50자댓글50자',3,123,57,93),(124,'2021-07-23 08:23:15.634705','2021-07-23 08:23:15.634735','ㅠㅠㅠㅠㅠㅠㅠㅠㅠㅠㅠㅠㅠㅠㅠㅠㅠㅠㅠㅠㅠㅠㅠㅠㅠㅠㅠㅠㅠㅠㅠㅠㅠㅠㅠ',1,124,21,93),(125,'2021-07-23 08:23:15.639882','2021-07-23 08:23:15.639912','진짜 대박! ',4,125,4,97),(126,'2021-07-23 08:23:15.645208','2021-07-23 08:23:15.645238','서비스 응대가 최고 였습니다. 과연 디자인 1위 입니다. 내년에도 다시 부탁드리고 싶을 정도였습니다. 믿음직합니다,',3,126,50,122),(127,'2021-07-23 08:23:15.650588','2021-07-23 08:23:15.650616','노끈 있는걸로 주문했는데… 빠졌는지 안왔는데 그래도 현수막이 중요한거니 별 5개 드립니다',5,127,6,62),(128,'2021-07-23 08:23:15.656041','2021-07-23 08:23:15.656069','노끈 있는걸로 주문했는데… 빠졌는지 안왔는데 그래도 현수막이 중요한거니 별 5개 드립니다',1,128,39,195),(129,'2021-07-23 08:23:15.661764','2021-07-23 08:23:15.661791','하하하하하하',1,129,48,2),(130,'2021-07-23 08:23:15.667070','2021-07-23 08:23:15.667099','고민하고 고른 업체, 리뷰가 괜히 좋은 건 아니에요. 정말 깨끗하게 잘 작업해주셔서 감사해요.',5,130,42,151),(131,'2021-07-23 08:23:15.672178','2021-07-23 08:23:15.672206','최고에요 감사합니다',1,131,25,138),(132,'2021-07-23 08:23:15.677287','2021-07-23 08:23:15.677314','기존 있었던 세세한 파손과 문제점도 잘 알려주시고, 수납공간이 많아서 청소하시기 어려우셨을 텐데도 잘~ 해주셔서 감사합니다.',4,132,41,107),(133,'2021-07-23 08:23:15.682629','2021-07-23 08:23:15.682670','댓글50자댓글50자댓글50자댓글50자댓글50자댓글50자댓글50자댓글50자',1,133,14,179),(134,'2021-07-23 08:23:15.687832','2021-07-23 08:23:15.687861','너무 친절하세요 :)',5,134,42,130),(135,'2021-07-23 08:23:15.692962','2021-07-23 08:23:15.692990','ㅋㅋㅋㅋㅋㅋㅋㅋㅋㅋㅋㅋㅋㅋㅋㅋㅋㅋㅋㅋㅋㅋㅋㅋㅋㅋㅋㅋㅋㅋㅋㅋㅋㅋㅋㅋ',4,135,45,26),(136,'2021-07-23 08:23:15.698545','2021-07-23 08:23:15.698573','노끈 있는걸로 주문했는데… 빠졌는지 안왔는데 그래도 현수막이 중요한거니 별 5개 드립니다',2,136,29,95),(137,'2021-07-23 08:23:15.704593','2021-07-23 08:23:15.704624','ㅋㅋㅋㅋㅋㅋㅋㅋㅋㅋㅋㅋㅋㅋㅋㅋㅋㅋㅋㅋㅋㅋㅋㅋㅋㅋㅋㅋㅋㅋㅋㅋㅋㅋㅋㅋ',5,137,14,66),(138,'2021-07-23 08:23:15.711663','2021-07-23 08:23:15.711716','깔끔하게 잘 만들어주셨어요!',4,138,61,176),(139,'2021-07-23 08:23:15.718031','2021-07-23 08:23:15.718067','빠르고 친절하게 잘 해 주셔서 감사합니다. 회사에 계신 몇 분이랑 디자인 검토했는데 다들 만족하십니다. 이번에는 파일 작업만 했는데 인쇄하게 되면 또 연락드리겠습니다. 건강하세요.',2,139,38,75),(140,'2021-07-23 08:23:15.724222','2021-07-23 08:23:15.724253','빠르고 친절하게 잘 해 주셔서 감사합니다. 회사에 계신 몇 분이랑 디자인 검토했는데 다들 만족하십니다. 이번에는 파일 작업만 했는데 인쇄하게 되면 또 연락드리겠습니다. 건강하세요.',2,140,49,155),(141,'2021-07-23 08:23:15.729574','2021-07-23 08:23:15.729605','댓글50자댓글50자댓글50자댓글50자댓글50자댓글50자댓글50자댓글50자',4,141,13,191),(142,'2021-07-23 08:23:15.734878','2021-07-23 08:23:15.734909','깔끔하게 잘 만들어주셨어요!',4,142,23,174),(143,'2021-07-23 08:23:15.740973','2021-07-23 08:23:15.741009','ㄹㅇ 고수님이십니다',1,143,36,113),(144,'2021-07-23 08:23:15.746452','2021-07-23 08:23:15.746479','하하하하하하',5,144,9,169),(145,'2021-07-23 08:23:15.751753','2021-07-23 08:23:15.751782','진짜 대박! ',4,145,59,23),(146,'2021-07-23 08:23:15.757261','2021-07-23 08:23:15.757294','하하하하하하',2,146,61,96),(147,'2021-07-23 08:23:15.762546','2021-07-23 08:23:15.762575','깔끔하게 잘 만들어주셨어요!',1,147,64,18),(148,'2021-07-23 08:23:15.767898','2021-07-23 08:23:15.767928','꼼꼼하고 세세하게 청소해주셔서 감사했습니다 :)',4,148,32,22),(149,'2021-07-23 08:23:15.773121','2021-07-23 08:23:15.773149','기존 있었던 세세한 파손과 문제점도 잘 알려주시고, 수납공간이 많아서 청소하시기 어려우셨을 텐데도 잘~ 해주셔서 감사합니다.',4,149,26,55),(150,'2021-07-23 08:23:15.778312','2021-07-23 08:23:15.778343','ㄹㅇ 고수님이십니다',2,150,70,168),(151,'2021-07-23 08:23:15.783960','2021-07-23 08:23:15.783991','진짜 대박! ',5,151,66,79),(152,'2021-07-23 08:23:15.789605','2021-07-23 08:23:15.789634','댓글50자댓글50자댓글50자댓글50자댓글50자댓글50자댓글50자댓글50자',2,152,48,55),(153,'2021-07-23 08:23:15.795214','2021-07-23 08:23:15.795243','빠르고 친절하게 잘 해 주셔서 감사합니다. 회사에 계신 몇 분이랑 디자인 검토했는데 다들 만족하십니다. 이번에는 파일 작업만 했는데 인쇄하게 되면 또 연락드리겠습니다. 건강하세요.',2,153,8,125),(154,'2021-07-23 08:23:15.800350','2021-07-23 08:23:15.800378','하하하하하하',4,154,48,161),(155,'2021-07-23 08:23:15.805588','2021-07-23 08:23:15.805618','서비스 응대가 최고 였습니다. 과연 디자인 1위 입니다. 내년에도 다시 부탁드리고 싶을 정도였습니다. 믿음직합니다,',3,155,35,109),(156,'2021-07-23 08:23:15.810797','2021-07-23 08:23:15.810825','서비스 응대가 최고 였습니다. 과연 디자인 1위 입니다. 내년에도 다시 부탁드리고 싶을 정도였습니다. 믿음직합니다,',4,156,74,112),(157,'2021-07-23 08:23:15.816037','2021-07-23 08:23:15.816065','깔끔하게 잘 만들어주셨어요!',3,157,56,115),(158,'2021-07-23 08:23:15.821308','2021-07-23 08:23:15.821338','꼼꼼하고 세세하게 청소해주셔서 감사했습니다 :)',2,158,70,93),(159,'2021-07-23 08:23:15.826910','2021-07-23 08:23:15.826940','ㅋㅋㅋㅋㅋㅋㅋㅋㅋㅋㅋㅋㅋㅋㅋㅋㅋㅋㅋㅋㅋㅋㅋㅋㅋㅋㅋㅋㅋㅋㅋㅋㅋㅋㅋㅋ',2,159,25,9),(160,'2021-07-23 08:23:15.832204','2021-07-23 08:23:15.832233','기존 있었던 세세한 파손과 문제점도 잘 알려주시고, 수납공간이 많아서 청소하시기 어려우셨을 텐데도 잘~ 해주셔서 감사합니다.',1,160,11,156),(161,'2021-07-23 08:23:15.837452','2021-07-23 08:23:15.837488','하하하하하하',1,161,8,181),(162,'2021-07-23 08:23:15.842751','2021-07-23 08:23:15.842780','기존 있었던 세세한 파손과 문제점도 잘 알려주시고, 수납공간이 많아서 청소하시기 어려우셨을 텐데도 잘~ 해주셔서 감사합니다.',2,162,67,146),(163,'2021-07-23 08:23:15.847855','2021-07-23 08:23:15.847883','빠르고 친절하게 잘 해 주셔서 감사합니다. 회사에 계신 몇 분이랑 디자인 검토했는데 다들 만족하십니다. 이번에는 파일 작업만 했는데 인쇄하게 되면 또 연락드리겠습니다. 건강하세요.',1,163,42,87),(164,'2021-07-23 08:23:15.853330','2021-07-23 08:23:15.853361','노끈 있는걸로 주문했는데… 빠졌는지 안왔는데 그래도 현수막이 중요한거니 별 5개 드립니다',1,164,71,44),(165,'2021-07-23 08:23:15.858567','2021-07-23 08:23:15.858596','꼼꼼하고 세세하게 청소해주셔서 감사했습니다 :)',3,165,23,134),(166,'2021-07-23 08:23:15.863855','2021-07-23 08:23:15.863884','꼼꼼하고 세세하게 청소해주셔서 감사했습니다 :)',4,166,13,85),(167,'2021-07-23 08:23:15.869021','2021-07-23 08:23:15.869050','ㄹㅇ 고수님이십니다',1,167,39,129),(168,'2021-07-23 08:23:15.874183','2021-07-23 08:23:15.874221','고민하고 고른 업체, 리뷰가 괜히 좋은 건 아니에요. 정말 깨끗하게 잘 작업해주셔서 감사해요.',3,168,26,168),(169,'2021-07-23 08:23:15.879951','2021-07-23 08:23:15.879998','고민하고 고른 업체, 리뷰가 괜히 좋은 건 아니에요. 정말 깨끗하게 잘 작업해주셔서 감사해요.',4,169,27,124),(170,'2021-07-23 08:23:15.886093','2021-07-23 08:23:15.886126','하하하하하하',2,170,69,54),(171,'2021-07-23 08:23:15.891579','2021-07-23 08:23:15.891609','빠르고 친절하게 잘 해 주셔서 감사합니다. 회사에 계신 몇 분이랑 디자인 검토했는데 다들 만족하십니다. 이번에는 파일 작업만 했는데 인쇄하게 되면 또 연락드리겠습니다. 건강하세요.',3,171,20,3),(172,'2021-07-23 08:23:15.896835','2021-07-23 08:23:15.896864','ㄹㅇ 고수님이십니다',5,172,2,68),(173,'2021-07-23 08:23:15.902232','2021-07-23 08:23:15.902270','ㅠㅠㅠㅠㅠㅠㅠㅠㅠㅠㅠㅠㅠㅠㅠㅠㅠㅠㅠㅠㅠㅠㅠㅠㅠㅠㅠㅠㅠㅠㅠㅠㅠㅠㅠ',1,173,6,170),(174,'2021-07-23 08:23:15.907769','2021-07-23 08:23:15.907802','빠르고 친절하게 잘 해 주셔서 감사합니다. 회사에 계신 몇 분이랑 디자인 검토했는데 다들 만족하십니다. 이번에는 파일 작업만 했는데 인쇄하게 되면 또 연락드리겠습니다. 건강하세요.',2,174,12,153),(175,'2021-07-23 08:23:15.912921','2021-07-23 08:23:15.912949','너무 친절하세요 :)',5,175,52,1),(176,'2021-07-23 08:23:15.918227','2021-07-23 08:23:15.918257','ㄹㅇ 고수님이십니다',5,176,29,116),(177,'2021-07-23 08:23:15.923535','2021-07-23 08:23:15.923561','서비스 응대가 최고 였습니다. 과연 디자인 1위 입니다. 내년에도 다시 부탁드리고 싶을 정도였습니다. 믿음직합니다,',1,177,1,132),(178,'2021-07-23 08:23:15.930518','2021-07-23 08:23:15.930550','꼼꼼하고 세세하게 청소해주셔서 감사했습니다 :)',4,178,48,137),(179,'2021-07-23 08:23:15.936181','2021-07-23 08:23:15.936210','노끈 있는걸로 주문했는데… 빠졌는지 안왔는데 그래도 현수막이 중요한거니 별 5개 드립니다',4,179,17,100),(180,'2021-07-23 08:23:15.941640','2021-07-23 08:23:15.941670','ㅋㅋㅋㅋㅋㅋㅋㅋㅋㅋㅋㅋㅋㅋㅋㅋㅋㅋㅋㅋㅋㅋㅋㅋㅋㅋㅋㅋㅋㅋㅋㅋㅋㅋㅋㅋ',3,180,55,59),(181,'2021-07-23 08:23:15.947010','2021-07-23 08:23:15.947036','깔끔하게 잘 만들어주셨어요!',1,181,53,4),(182,'2021-07-23 08:23:15.952431','2021-07-23 08:23:15.952461','하하하하하하',5,182,12,82),(183,'2021-07-23 08:23:15.957677','2021-07-23 08:23:15.957707','고민하고 고른 업체, 리뷰가 괜히 좋은 건 아니에요. 정말 깨끗하게 잘 작업해주셔서 감사해요.',3,183,70,53),(184,'2021-07-23 08:23:15.963301','2021-07-23 08:23:15.963338','서비스 응대가 최고 였습니다. 과연 디자인 1위 입니다. 내년에도 다시 부탁드리고 싶을 정도였습니다. 믿음직합니다,',2,184,37,48),(185,'2021-07-23 08:23:15.968806','2021-07-23 08:23:15.968835','댓글50자댓글50자댓글50자댓글50자댓글50자댓글50자댓글50자댓글50자',1,185,41,90),(186,'2021-07-23 08:23:15.974122','2021-07-23 08:23:15.974151','노끈 있는걸로 주문했는데… 빠졌는지 안왔는데 그래도 현수막이 중요한거니 별 5개 드립니다',3,186,20,115),(187,'2021-07-23 08:23:15.979228','2021-07-23 08:23:15.979257','ㄹㅇ 고수님이십니다',5,187,4,35),(188,'2021-07-23 08:23:15.984490','2021-07-23 08:23:15.984518','너무 친절하세요 :)',1,188,6,180),(189,'2021-07-23 08:23:15.989632','2021-07-23 08:23:15.989661','고민하고 고른 업체, 리뷰가 괜히 좋은 건 아니에요. 정말 깨끗하게 잘 작업해주셔서 감사해요.',4,189,50,120),(190,'2021-07-23 08:23:15.994903','2021-07-23 08:23:15.994932','하하하하하하',5,190,28,161),(191,'2021-07-23 08:23:16.000036','2021-07-23 08:23:16.000064','기존 있었던 세세한 파손과 문제점도 잘 알려주시고, 수납공간이 많아서 청소하시기 어려우셨을 텐데도 잘~ 해주셔서 감사합니다.',5,191,9,36),(192,'2021-07-23 08:23:16.005156','2021-07-23 08:23:16.005191','하하하하하하',2,192,55,42),(193,'2021-07-23 08:23:16.010301','2021-07-23 08:23:16.010331','깔끔하게 잘 만들어주셨어요!',5,193,6,122),(194,'2021-07-23 08:23:16.015958','2021-07-23 08:23:16.015988','진짜 대박! ',5,194,72,27),(195,'2021-07-23 08:23:16.022058','2021-07-23 08:23:16.022087','최고에요 감사합니다',1,195,71,22),(196,'2021-07-23 08:23:16.027407','2021-07-23 08:23:16.027437','너무 친절하세요 :)',2,196,44,72),(197,'2021-07-23 08:23:16.032741','2021-07-23 08:23:16.032771','하하하하하하',1,197,8,77),(198,'2021-07-23 08:23:16.038572','2021-07-23 08:23:16.038602','하하하하하하',1,198,34,81),(199,'2021-07-23 08:23:16.044075','2021-07-23 08:23:16.044107','ㅠㅠㅠㅠㅠㅠㅠㅠㅠㅠㅠㅠㅠㅠㅠㅠㅠㅠㅠㅠㅠㅠㅠㅠㅠㅠㅠㅠㅠㅠㅠㅠㅠㅠㅠ',2,199,64,11),(200,'2021-07-23 08:23:16.049665','2021-07-23 08:23:16.049695','고민하고 고른 업체, 리뷰가 괜히 좋은 건 아니에요. 정말 깨끗하게 잘 작업해주셔서 감사해요.',4,200,62,169),(201,'2021-07-23 08:23:16.055197','2021-07-23 08:23:16.055226','ㅋㅋㅋㅋㅋㅋㅋㅋㅋㅋㅋㅋㅋㅋㅋㅋㅋㅋㅋㅋㅋㅋㅋㅋㅋㅋㅋㅋㅋㅋㅋㅋㅋㅋㅋㅋ',3,201,29,28),(202,'2021-07-23 08:23:16.060399','2021-07-23 08:23:16.060428','서비스 응대가 최고 였습니다. 과연 디자인 1위 입니다. 내년에도 다시 부탁드리고 싶을 정도였습니다. 믿음직합니다,',3,202,21,71),(203,'2021-07-23 08:23:16.065663','2021-07-23 08:23:16.065691','너무 친절하세요 :)',2,203,7,138),(204,'2021-07-23 08:23:16.071945','2021-07-23 08:23:16.071976','너무 친절하세요 :)',1,204,30,109),(205,'2021-07-23 08:23:16.077501','2021-07-23 08:23:16.077531','최고에요 감사합니다',1,205,32,48),(206,'2021-07-23 08:23:16.082822','2021-07-23 08:23:16.082851','최고에요 감사합니다',4,206,62,201),(207,'2021-07-23 08:23:16.088034','2021-07-23 08:23:16.088060','ㅋㅋㅋㅋㅋㅋㅋㅋㅋㅋㅋㅋㅋㅋㅋㅋㅋㅋㅋㅋㅋㅋㅋㅋㅋㅋㅋㅋㅋㅋㅋㅋㅋㅋㅋㅋ',5,207,33,163),(208,'2021-07-23 08:23:16.093259','2021-07-23 08:23:16.093288','빠르고 친절하게 잘 해 주셔서 감사합니다. 회사에 계신 몇 분이랑 디자인 검토했는데 다들 만족하십니다. 이번에는 파일 작업만 했는데 인쇄하게 되면 또 연락드리겠습니다. 건강하세요.',1,208,66,54),(209,'2021-07-23 08:23:16.098687','2021-07-23 08:23:16.098717','진짜 대박! ',5,209,58,97),(210,'2021-07-23 08:23:16.104244','2021-07-23 08:23:16.104277','노끈 있는걸로 주문했는데… 빠졌는지 안왔는데 그래도 현수막이 중요한거니 별 5개 드립니다',2,210,4,163),(211,'2021-07-23 08:23:16.109601','2021-07-23 08:23:16.109630','노끈 있는걸로 주문했는데… 빠졌는지 안왔는데 그래도 현수막이 중요한거니 별 5개 드립니다',5,211,20,197),(212,'2021-07-23 08:23:16.115075','2021-07-23 08:23:16.115106','고민하고 고른 업체, 리뷰가 괜히 좋은 건 아니에요. 정말 깨끗하게 잘 작업해주셔서 감사해요.',2,212,51,141),(213,'2021-07-23 08:23:16.120517','2021-07-23 08:23:16.120545','하하하하하하',2,213,35,168),(214,'2021-07-23 08:23:16.125819','2021-07-23 08:23:16.125846','ㄹㅇ 고수님이십니다',5,214,21,63),(215,'2021-07-23 08:23:16.131028','2021-07-23 08:23:16.131057','꼼꼼하고 세세하게 청소해주셔서 감사했습니다 :)',4,215,13,34),(216,'2021-07-23 08:23:16.136170','2021-07-23 08:23:16.136197','댓글50자댓글50자댓글50자댓글50자댓글50자댓글50자댓글50자댓글50자',5,216,18,89),(217,'2021-07-23 08:23:16.141265','2021-07-23 08:23:16.141293','서비스 응대가 최고 였습니다. 과연 디자인 1위 입니다. 내년에도 다시 부탁드리고 싶을 정도였습니다. 믿음직합니다,',4,217,12,123),(218,'2021-07-23 08:23:16.146534','2021-07-23 08:23:16.146567','진짜 대박! ',2,218,26,36),(219,'2021-07-23 08:23:16.151845','2021-07-23 08:23:16.151878','빠르고 친절하게 잘 해 주셔서 감사합니다. 회사에 계신 몇 분이랑 디자인 검토했는데 다들 만족하십니다. 이번에는 파일 작업만 했는데 인쇄하게 되면 또 연락드리겠습니다. 건강하세요.',3,219,17,125),(220,'2021-07-23 08:23:16.157167','2021-07-23 08:23:16.157196','너무 친절하세요 :)',4,220,32,61),(221,'2021-07-23 08:23:16.162393','2021-07-23 08:23:16.162423','노끈 있는걸로 주문했는데… 빠졌는지 안왔는데 그래도 현수막이 중요한거니 별 5개 드립니다',2,221,48,78),(222,'2021-07-23 08:23:16.167574','2021-07-23 08:23:16.167603','깔끔하게 잘 만들어주셨어요!',2,222,70,114),(223,'2021-07-23 08:23:16.172634','2021-07-23 08:23:16.172661','댓글50자댓글50자댓글50자댓글50자댓글50자댓글50자댓글50자댓글50자',4,223,35,148),(224,'2021-07-23 08:23:16.177980','2021-07-23 08:23:16.178011','깔끔하게 잘 만들어주셨어요!',1,224,54,196),(225,'2021-07-23 08:23:16.183178','2021-07-23 08:23:16.183207','진짜 대박! ',1,225,44,123),(226,'2021-07-23 08:23:16.188391','2021-07-23 08:23:16.188419','너무 친절하세요 :)',1,226,68,157),(227,'2021-07-23 08:23:16.193737','2021-07-23 08:23:16.193765','너무 친절하세요 :)',4,227,15,116),(228,'2021-07-23 08:23:16.199889','2021-07-23 08:23:16.199919','너무 친절하세요 :)',2,228,11,60),(229,'2021-07-23 08:23:16.205494','2021-07-23 08:23:16.205525','댓글50자댓글50자댓글50자댓글50자댓글50자댓글50자댓글50자댓글50자',4,229,8,182),(230,'2021-07-23 08:23:16.211935','2021-07-23 08:23:16.211967','노끈 있는걸로 주문했는데… 빠졌는지 안왔는데 그래도 현수막이 중요한거니 별 5개 드립니다',3,230,29,160),(231,'2021-07-23 08:23:16.217550','2021-07-23 08:23:16.217581','너무 친절하세요 :)',4,231,69,9),(232,'2021-07-23 08:23:16.222954','2021-07-23 08:23:16.222984','너무 친절하세요 :)',5,232,51,122),(233,'2021-07-23 08:23:16.228813','2021-07-23 08:23:16.228852','댓글50자댓글50자댓글50자댓글50자댓글50자댓글50자댓글50자댓글50자',3,233,72,110),(234,'2021-07-23 08:23:16.234648','2021-07-23 08:23:16.234677','노끈 있는걸로 주문했는데… 빠졌는지 안왔는데 그래도 현수막이 중요한거니 별 5개 드립니다',1,234,71,67),(235,'2021-07-23 08:23:16.240317','2021-07-23 08:23:16.240347','최고에요 감사합니다',5,235,28,182),(236,'2021-07-23 08:23:16.245458','2021-07-23 08:23:16.245486','ㄹㅇ 고수님이십니다',1,236,45,69),(237,'2021-07-23 08:23:16.250948','2021-07-23 08:23:16.250975','깔끔하게 잘 만들어주셨어요!',3,237,74,4),(238,'2021-07-23 08:23:16.256499','2021-07-23 08:23:16.256546','빠르고 친절하게 잘 해 주셔서 감사합니다. 회사에 계신 몇 분이랑 디자인 검토했는데 다들 만족하십니다. 이번에는 파일 작업만 했는데 인쇄하게 되면 또 연락드리겠습니다. 건강하세요.',1,238,17,142),(239,'2021-07-23 08:23:16.261939','2021-07-23 08:23:16.261969','댓글50자댓글50자댓글50자댓글50자댓글50자댓글50자댓글50자댓글50자',1,239,51,173),(240,'2021-07-23 08:23:16.267211','2021-07-23 08:23:16.267240','하하하하하하',4,240,12,153),(241,'2021-07-23 08:23:16.272626','2021-07-23 08:23:16.272655','깔끔하게 잘 만들어주셨어요!',5,241,73,135),(242,'2021-07-23 08:23:16.277898','2021-07-23 08:23:16.277931','하하하하하하',4,242,33,48),(243,'2021-07-23 08:23:16.283344','2021-07-23 08:23:16.283379','고민하고 고른 업체, 리뷰가 괜히 좋은 건 아니에요. 정말 깨끗하게 잘 작업해주셔서 감사해요.',5,243,70,192),(244,'2021-07-23 08:23:16.288597','2021-07-23 08:23:16.288632','기존 있었던 세세한 파손과 문제점도 잘 알려주시고, 수납공간이 많아서 청소하시기 어려우셨을 텐데도 잘~ 해주셔서 감사합니다.',1,244,66,88),(245,'2021-07-23 08:23:16.293774','2021-07-23 08:23:16.293804','하하하하하하',5,245,45,111),(246,'2021-07-23 08:23:16.299128','2021-07-23 08:23:16.299157','빠르고 친절하게 잘 해 주셔서 감사합니다. 회사에 계신 몇 분이랑 디자인 검토했는데 다들 만족하십니다. 이번에는 파일 작업만 했는데 인쇄하게 되면 또 연락드리겠습니다. 건강하세요.',2,246,43,136),(247,'2021-07-23 08:23:16.304634','2021-07-23 08:23:16.304664','기존 있었던 세세한 파손과 문제점도 잘 알려주시고, 수납공간이 많아서 청소하시기 어려우셨을 텐데도 잘~ 해주셔서 감사합니다.',1,247,57,38),(248,'2021-07-23 08:23:16.310403','2021-07-23 08:23:16.310434','빠르고 친절하게 잘 해 주셔서 감사합니다. 회사에 계신 몇 분이랑 디자인 검토했는데 다들 만족하십니다. 이번에는 파일 작업만 했는데 인쇄하게 되면 또 연락드리겠습니다. 건강하세요.',3,248,15,136),(249,'2021-07-23 08:23:16.315786','2021-07-23 08:23:16.315818','너무 친절하세요 :)',5,249,3,7),(250,'2021-07-23 08:23:16.321151','2021-07-23 08:23:16.321179','깔끔하게 잘 만들어주셨어요!',5,250,28,139),(251,'2021-07-23 08:23:16.326492','2021-07-23 08:23:16.326520','깔끔하게 잘 만들어주셨어요!',3,251,34,74),(252,'2021-07-23 08:23:16.331915','2021-07-23 08:23:16.331945','ㄹㅇ 고수님이십니다',1,252,44,165),(253,'2021-07-23 08:23:16.337408','2021-07-23 08:23:16.337441','ㅋㅋㅋㅋㅋㅋㅋㅋㅋㅋㅋㅋㅋㅋㅋㅋㅋㅋㅋㅋㅋㅋㅋㅋㅋㅋㅋㅋㅋㅋㅋㅋㅋㅋㅋㅋ',1,253,49,119),(254,'2021-07-23 08:23:16.342780','2021-07-23 08:23:16.342808','ㅠㅠㅠㅠㅠㅠㅠㅠㅠㅠㅠㅠㅠㅠㅠㅠㅠㅠㅠㅠㅠㅠㅠㅠㅠㅠㅠㅠㅠㅠㅠㅠㅠㅠㅠ',5,254,44,83),(255,'2021-07-23 08:23:16.348011','2021-07-23 08:23:16.348041','노끈 있는걸로 주문했는데… 빠졌는지 안왔는데 그래도 현수막이 중요한거니 별 5개 드립니다',4,255,64,41),(256,'2021-07-23 08:23:16.353756','2021-07-23 08:23:16.353789','댓글50자댓글50자댓글50자댓글50자댓글50자댓글50자댓글50자댓글50자',4,256,50,59),(257,'2021-07-23 08:23:16.359298','2021-07-23 08:23:16.359328','최고에요 감사합니다',2,257,36,55),(258,'2021-07-23 08:23:16.364669','2021-07-23 08:23:16.364702','고민하고 고른 업체, 리뷰가 괜히 좋은 건 아니에요. 정말 깨끗하게 잘 작업해주셔서 감사해요.',4,258,11,64),(259,'2021-07-23 08:23:16.370125','2021-07-23 08:23:16.370153','꼼꼼하고 세세하게 청소해주셔서 감사했습니다 :)',4,259,10,179),(260,'2021-07-23 08:23:16.375564','2021-07-23 08:23:16.375592','기존 있었던 세세한 파손과 문제점도 잘 알려주시고, 수납공간이 많아서 청소하시기 어려우셨을 텐데도 잘~ 해주셔서 감사합니다.',2,260,53,95),(261,'2021-07-23 08:23:16.381167','2021-07-23 08:23:16.381198','최고에요 감사합니다',2,261,47,72),(262,'2021-07-23 08:23:16.386602','2021-07-23 08:23:16.386631','댓글50자댓글50자댓글50자댓글50자댓글50자댓글50자댓글50자댓글50자',1,262,23,28),(263,'2021-07-23 08:23:16.391754','2021-07-23 08:23:16.391799','최고에요 감사합니다',3,263,39,76),(264,'2021-07-23 08:23:16.397096','2021-07-23 08:23:16.397125','빠르고 친절하게 잘 해 주셔서 감사합니다. 회사에 계신 몇 분이랑 디자인 검토했는데 다들 만족하십니다. 이번에는 파일 작업만 했는데 인쇄하게 되면 또 연락드리겠습니다. 건강하세요.',5,264,47,119),(265,'2021-07-23 08:23:16.402255','2021-07-23 08:23:16.402283','진짜 대박! ',1,265,41,154),(266,'2021-07-23 08:23:16.407819','2021-07-23 08:23:16.407848','깔끔하게 잘 만들어주셨어요!',2,266,62,127),(267,'2021-07-23 08:23:16.413198','2021-07-23 08:23:16.413228','기존 있었던 세세한 파손과 문제점도 잘 알려주시고, 수납공간이 많아서 청소하시기 어려우셨을 텐데도 잘~ 해주셔서 감사합니다.',1,267,13,91),(268,'2021-07-23 08:23:16.418421','2021-07-23 08:23:16.418449','꼼꼼하고 세세하게 청소해주셔서 감사했습니다 :)',5,268,22,152),(269,'2021-07-23 08:23:16.423506','2021-07-23 08:23:16.423534','하하하하하하',4,269,55,99),(270,'2021-07-23 08:23:16.428733','2021-07-23 08:23:16.428762','기존 있었던 세세한 파손과 문제점도 잘 알려주시고, 수납공간이 많아서 청소하시기 어려우셨을 텐데도 잘~ 해주셔서 감사합니다.',4,270,61,95),(271,'2021-07-23 08:23:16.434129','2021-07-23 08:23:16.434158','빠르고 친절하게 잘 해 주셔서 감사합니다. 회사에 계신 몇 분이랑 디자인 검토했는데 다들 만족하십니다. 이번에는 파일 작업만 했는데 인쇄하게 되면 또 연락드리겠습니다. 건강하세요.',2,271,24,176),(272,'2021-07-23 08:23:16.439382','2021-07-23 08:23:16.439416','ㅋㅋㅋㅋㅋㅋㅋㅋㅋㅋㅋㅋㅋㅋㅋㅋㅋㅋㅋㅋㅋㅋㅋㅋㅋㅋㅋㅋㅋㅋㅋㅋㅋㅋㅋㅋ',2,272,73,195),(273,'2021-07-23 08:23:16.444550','2021-07-23 08:23:16.444582','기존 있었던 세세한 파손과 문제점도 잘 알려주시고, 수납공간이 많아서 청소하시기 어려우셨을 텐데도 잘~ 해주셔서 감사합니다.',4,273,6,39),(274,'2021-07-23 08:23:16.449779','2021-07-23 08:23:16.449810','댓글50자댓글50자댓글50자댓글50자댓글50자댓글50자댓글50자댓글50자',4,274,21,15),(275,'2021-07-23 08:23:16.455099','2021-07-23 08:23:16.455133','하하하하하하',1,275,35,151),(276,'2021-07-23 08:23:16.460329','2021-07-23 08:23:16.460362','깔끔하게 잘 만들어주셨어요!',4,276,19,158),(277,'2021-07-23 08:23:16.465567','2021-07-23 08:23:16.465597','ㅋㅋㅋㅋㅋㅋㅋㅋㅋㅋㅋㅋㅋㅋㅋㅋㅋㅋㅋㅋㅋㅋㅋㅋㅋㅋㅋㅋㅋㅋㅋㅋㅋㅋㅋㅋ',1,277,44,48),(278,'2021-07-23 08:23:16.470805','2021-07-23 08:23:16.470845','댓글50자댓글50자댓글50자댓글50자댓글50자댓글50자댓글50자댓글50자',5,278,12,148),(279,'2021-07-23 08:23:16.476146','2021-07-23 08:23:16.476176','서비스 응대가 최고 였습니다. 과연 디자인 1위 입니다. 내년에도 다시 부탁드리고 싶을 정도였습니다. 믿음직합니다,',2,279,56,18),(280,'2021-07-23 08:23:16.481429','2021-07-23 08:23:16.481458','꼼꼼하고 세세하게 청소해주셔서 감사했습니다 :)',5,280,38,110),(281,'2021-07-23 08:23:16.486933','2021-07-23 08:23:16.486964','빠르고 친절하게 잘 해 주셔서 감사합니다. 회사에 계신 몇 분이랑 디자인 검토했는데 다들 만족하십니다. 이번에는 파일 작업만 했는데 인쇄하게 되면 또 연락드리겠습니다. 건강하세요.',2,281,36,116),(282,'2021-07-23 08:23:16.492339','2021-07-23 08:23:16.492369','고민하고 고른 업체, 리뷰가 괜히 좋은 건 아니에요. 정말 깨끗하게 잘 작업해주셔서 감사해요.',5,282,27,77),(283,'2021-07-23 08:23:16.497598','2021-07-23 08:23:16.497627','진짜 대박! ',4,283,38,105),(284,'2021-07-23 08:23:16.502738','2021-07-23 08:23:16.502767','하하하하하하',3,284,58,73),(285,'2021-07-23 08:23:16.508074','2021-07-23 08:23:16.508102','고민하고 고른 업체, 리뷰가 괜히 좋은 건 아니에요. 정말 깨끗하게 잘 작업해주셔서 감사해요.',5,285,70,52),(286,'2021-07-23 08:23:16.513200','2021-07-23 08:23:16.513227','빠르고 친절하게 잘 해 주셔서 감사합니다. 회사에 계신 몇 분이랑 디자인 검토했는데 다들 만족하십니다. 이번에는 파일 작업만 했는데 인쇄하게 되면 또 연락드리겠습니다. 건강하세요.',1,286,54,163),(287,'2021-07-23 08:23:16.518505','2021-07-23 08:23:16.518534','ㅋㅋㅋㅋㅋㅋㅋㅋㅋㅋㅋㅋㅋㅋㅋㅋㅋㅋㅋㅋㅋㅋㅋㅋㅋㅋㅋㅋㅋㅋㅋㅋㅋㅋㅋㅋ',2,287,43,42),(288,'2021-07-23 08:23:16.523928','2021-07-23 08:23:16.523956','댓글50자댓글50자댓글50자댓글50자댓글50자댓글50자댓글50자댓글50자',5,288,44,169),(289,'2021-07-23 08:23:16.529085','2021-07-23 08:23:16.529118','ㅋㅋㅋㅋㅋㅋㅋㅋㅋㅋㅋㅋㅋㅋㅋㅋㅋㅋㅋㅋㅋㅋㅋㅋㅋㅋㅋㅋㅋㅋㅋㅋㅋㅋㅋㅋ',3,289,41,85),(290,'2021-07-23 08:23:16.534328','2021-07-23 08:23:16.534357','서비스 응대가 최고 였습니다. 과연 디자인 1위 입니다. 내년에도 다시 부탁드리고 싶을 정도였습니다. 믿음직합니다,',5,290,23,12),(291,'2021-07-23 08:23:16.539489','2021-07-23 08:23:16.539518','진짜 대박! ',2,291,70,115),(292,'2021-07-23 08:23:16.544687','2021-07-23 08:23:16.544717','ㄹㅇ 고수님이십니다',2,292,70,132),(293,'2021-07-23 08:23:16.549874','2021-07-23 08:23:16.549927','ㄹㅇ 고수님이십니다',2,293,1,67),(294,'2021-07-23 08:23:16.555271','2021-07-23 08:23:16.555301','깔끔하게 잘 만들어주셨어요!',3,294,10,57),(295,'2021-07-23 08:23:16.560515','2021-07-23 08:23:16.560545','ㅠㅠㅠㅠㅠㅠㅠㅠㅠㅠㅠㅠㅠㅠㅠㅠㅠㅠㅠㅠㅠㅠㅠㅠㅠㅠㅠㅠㅠㅠㅠㅠㅠㅠㅠ',4,295,29,153),(296,'2021-07-23 08:23:16.565774','2021-07-23 08:23:16.565803','너무 친절하세요 :)',3,296,60,197),(297,'2021-07-23 08:23:16.571083','2021-07-23 08:23:16.571112','하하하하하하',3,297,1,151),(298,'2021-07-23 08:23:16.576264','2021-07-23 08:23:16.576291','진짜 대박! ',2,298,4,32),(299,'2021-07-23 08:23:16.581365','2021-07-23 08:23:16.581399','ㅠㅠㅠㅠㅠㅠㅠㅠㅠㅠㅠㅠㅠㅠㅠㅠㅠㅠㅠㅠㅠㅠㅠㅠㅠㅠㅠㅠㅠㅠㅠㅠㅠㅠㅠ',4,299,36,201),(300,'2021-07-23 08:23:16.586643','2021-07-23 08:23:16.586673','빠르고 친절하게 잘 해 주셔서 감사합니다. 회사에 계신 몇 분이랑 디자인 검토했는데 다들 만족하십니다. 이번에는 파일 작업만 했는데 인쇄하게 되면 또 연락드리겠습니다. 건강하세요.',5,300,24,81),(301,'2021-07-23 08:23:16.591824','2021-07-23 08:23:16.591853','ㅋㅋㅋㅋㅋㅋㅋㅋㅋㅋㅋㅋㅋㅋㅋㅋㅋㅋㅋㅋㅋㅋㅋㅋㅋㅋㅋㅋㅋㅋㅋㅋㅋㅋㅋㅋ',5,301,44,87),(302,'2021-07-23 08:23:16.597086','2021-07-23 08:23:16.597115','깔끔하게 잘 만들어주셨어요!',2,302,39,137),(303,'2021-07-23 08:23:16.602744','2021-07-23 08:23:16.602773','빠르고 친절하게 잘 해 주셔서 감사합니다. 회사에 계신 몇 분이랑 디자인 검토했는데 다들 만족하십니다. 이번에는 파일 작업만 했는데 인쇄하게 되면 또 연락드리겠습니다. 건강하세요.',3,303,67,7),(304,'2021-07-23 08:23:16.608105','2021-07-23 08:23:16.608134','깔끔하게 잘 만들어주셨어요!',5,304,40,185),(305,'2021-07-23 08:23:16.613337','2021-07-23 08:23:16.613368','기존 있었던 세세한 파손과 문제점도 잘 알려주시고, 수납공간이 많아서 청소하시기 어려우셨을 텐데도 잘~ 해주셔서 감사합니다.',3,305,21,43),(306,'2021-07-23 08:23:16.618868','2021-07-23 08:23:16.618902','ㅋㅋㅋㅋㅋㅋㅋㅋㅋㅋㅋㅋㅋㅋㅋㅋㅋㅋㅋㅋㅋㅋㅋㅋㅋㅋㅋㅋㅋㅋㅋㅋㅋㅋㅋㅋ',3,306,57,189),(307,'2021-07-23 08:23:16.624472','2021-07-23 08:23:16.624503','서비스 응대가 최고 였습니다. 과연 디자인 1위 입니다. 내년에도 다시 부탁드리고 싶을 정도였습니다. 믿음직합니다,',3,307,10,200),(308,'2021-07-23 08:23:16.629909','2021-07-23 08:23:16.629936','최고에요 감사합니다',3,308,44,52),(309,'2021-07-23 08:23:16.635345','2021-07-23 08:23:16.635376','기존 있었던 세세한 파손과 문제점도 잘 알려주시고, 수납공간이 많아서 청소하시기 어려우셨을 텐데도 잘~ 해주셔서 감사합니다.',4,309,53,67),(310,'2021-07-23 08:23:16.640990','2021-07-23 08:23:16.641019','노끈 있는걸로 주문했는데… 빠졌는지 안왔는데 그래도 현수막이 중요한거니 별 5개 드립니다',2,310,43,119),(311,'2021-07-23 08:23:16.646473','2021-07-23 08:23:16.646503','최고에요 감사합니다',4,311,22,156),(312,'2021-07-23 08:23:16.652006','2021-07-23 08:23:16.652034','ㄹㅇ 고수님이십니다',1,312,58,189),(313,'2021-07-23 08:23:16.657791','2021-07-23 08:23:16.657820','깔끔하게 잘 만들어주셨어요!',4,313,18,107),(314,'2021-07-23 08:23:16.663286','2021-07-23 08:23:16.663315','최고에요 감사합니다',4,314,62,188),(315,'2021-07-23 08:23:16.668360','2021-07-23 08:23:16.668388','빠르고 친절하게 잘 해 주셔서 감사합니다. 회사에 계신 몇 분이랑 디자인 검토했는데 다들 만족하십니다. 이번에는 파일 작업만 했는데 인쇄하게 되면 또 연락드리겠습니다. 건강하세요.',1,315,28,104),(316,'2021-07-23 08:23:16.673660','2021-07-23 08:23:16.673688','기존 있었던 세세한 파손과 문제점도 잘 알려주시고, 수납공간이 많아서 청소하시기 어려우셨을 텐데도 잘~ 해주셔서 감사합니다.',1,316,32,180),(317,'2021-07-23 08:23:16.679118','2021-07-23 08:23:16.679149','ㄹㅇ 고수님이십니다',1,317,66,148),(318,'2021-07-23 08:23:16.684625','2021-07-23 08:23:16.684658','서비스 응대가 최고 였습니다. 과연 디자인 1위 입니다. 내년에도 다시 부탁드리고 싶을 정도였습니다. 믿음직합니다,',3,318,6,12),(319,'2021-07-23 08:23:16.690017','2021-07-23 08:23:16.690045','깔끔하게 잘 만들어주셨어요!',3,319,24,3),(320,'2021-07-23 08:23:16.695293','2021-07-23 08:23:16.695323','서비스 응대가 최고 였습니다. 과연 디자인 1위 입니다. 내년에도 다시 부탁드리고 싶을 정도였습니다. 믿음직합니다,',5,320,19,196),(321,'2021-07-23 08:23:16.700837','2021-07-23 08:23:16.700869','댓글50자댓글50자댓글50자댓글50자댓글50자댓글50자댓글50자댓글50자',2,321,45,176),(322,'2021-07-23 08:23:16.707709','2021-07-23 08:23:16.707740','너무 친절하세요 :)',5,322,22,49),(323,'2021-07-23 08:23:16.714067','2021-07-23 08:23:16.714097','빠르고 친절하게 잘 해 주셔서 감사합니다. 회사에 계신 몇 분이랑 디자인 검토했는데 다들 만족하십니다. 이번에는 파일 작업만 했는데 인쇄하게 되면 또 연락드리겠습니다. 건강하세요.',4,323,16,123),(324,'2021-07-23 08:23:16.720149','2021-07-23 08:23:16.720182','기존 있었던 세세한 파손과 문제점도 잘 알려주시고, 수납공간이 많아서 청소하시기 어려우셨을 텐데도 잘~ 해주셔서 감사합니다.',3,324,24,186),(325,'2021-07-23 08:23:16.726182','2021-07-23 08:23:16.726210','빠르고 친절하게 잘 해 주셔서 감사합니다. 회사에 계신 몇 분이랑 디자인 검토했는데 다들 만족하십니다. 이번에는 파일 작업만 했는데 인쇄하게 되면 또 연락드리겠습니다. 건강하세요.',1,325,45,49),(326,'2021-07-23 08:23:16.731532','2021-07-23 08:23:16.731561','꼼꼼하고 세세하게 청소해주셔서 감사했습니다 :)',5,326,11,128),(327,'2021-07-23 08:23:16.737625','2021-07-23 08:23:16.737655','기존 있었던 세세한 파손과 문제점도 잘 알려주시고, 수납공간이 많아서 청소하시기 어려우셨을 텐데도 잘~ 해주셔서 감사합니다.',3,327,72,52),(328,'2021-07-23 08:23:16.743258','2021-07-23 08:23:16.743300','빠르고 친절하게 잘 해 주셔서 감사합니다. 회사에 계신 몇 분이랑 디자인 검토했는데 다들 만족하십니다. 이번에는 파일 작업만 했는데 인쇄하게 되면 또 연락드리겠습니다. 건강하세요.',1,328,74,81),(329,'2021-07-23 08:23:16.748472','2021-07-23 08:23:16.748501','꼼꼼하고 세세하게 청소해주셔서 감사했습니다 :)',2,329,19,133),(330,'2021-07-23 08:23:16.754048','2021-07-23 08:23:16.754077','댓글50자댓글50자댓글50자댓글50자댓글50자댓글50자댓글50자댓글50자',5,330,48,59),(331,'2021-07-23 08:23:16.759384','2021-07-23 08:23:16.759413','ㅠㅠㅠㅠㅠㅠㅠㅠㅠㅠㅠㅠㅠㅠㅠㅠㅠㅠㅠㅠㅠㅠㅠㅠㅠㅠㅠㅠㅠㅠㅠㅠㅠㅠㅠ',3,331,61,23),(332,'2021-07-23 08:23:16.764955','2021-07-23 08:23:16.764984','너무 친절하세요 :)',3,332,47,31),(333,'2021-07-23 08:23:16.770206','2021-07-23 08:23:16.770236','고민하고 고른 업체, 리뷰가 괜히 좋은 건 아니에요. 정말 깨끗하게 잘 작업해주셔서 감사해요.',5,333,48,152),(334,'2021-07-23 08:23:16.775387','2021-07-23 08:23:16.775416','깔끔하게 잘 만들어주셨어요!',3,334,11,22),(335,'2021-07-23 08:23:16.780450','2021-07-23 08:23:16.780478','최고에요 감사합니다',1,335,12,168),(336,'2021-07-23 08:23:16.785787','2021-07-23 08:23:16.785817','진짜 대박! ',3,336,72,55),(337,'2021-07-23 08:23:16.790960','2021-07-23 08:23:16.790989','최고에요 감사합니다',3,337,35,66),(338,'2021-07-23 08:23:16.796341','2021-07-23 08:23:16.796371','진짜 대박! ',2,338,7,128),(339,'2021-07-23 08:23:16.801910','2021-07-23 08:23:16.801941','고민하고 고른 업체, 리뷰가 괜히 좋은 건 아니에요. 정말 깨끗하게 잘 작업해주셔서 감사해요.',5,339,34,147),(340,'2021-07-23 08:23:16.807398','2021-07-23 08:23:16.807429','너무 친절하세요 :)',2,340,1,175),(341,'2021-07-23 08:23:16.812590','2021-07-23 08:23:16.812620','기존 있었던 세세한 파손과 문제점도 잘 알려주시고, 수납공간이 많아서 청소하시기 어려우셨을 텐데도 잘~ 해주셔서 감사합니다.',2,341,20,21),(342,'2021-07-23 08:23:16.817966','2021-07-23 08:23:16.818003','진짜 대박! ',4,342,38,143),(343,'2021-07-23 08:23:16.823241','2021-07-23 08:23:16.823268','ㅠㅠㅠㅠㅠㅠㅠㅠㅠㅠㅠㅠㅠㅠㅠㅠㅠㅠㅠㅠㅠㅠㅠㅠㅠㅠㅠㅠㅠㅠㅠㅠㅠㅠㅠ',4,343,25,5),(344,'2021-07-23 08:23:16.828335','2021-07-23 08:23:16.828363','빠르고 친절하게 잘 해 주셔서 감사합니다. 회사에 계신 몇 분이랑 디자인 검토했는데 다들 만족하십니다. 이번에는 파일 작업만 했는데 인쇄하게 되면 또 연락드리겠습니다. 건강하세요.',4,344,25,136),(345,'2021-07-23 08:23:16.833578','2021-07-23 08:23:16.833608','빠르고 친절하게 잘 해 주셔서 감사합니다. 회사에 계신 몇 분이랑 디자인 검토했는데 다들 만족하십니다. 이번에는 파일 작업만 했는데 인쇄하게 되면 또 연락드리겠습니다. 건강하세요.',3,345,8,175),(346,'2021-07-23 08:23:16.838899','2021-07-23 08:23:16.838930','ㅋㅋㅋㅋㅋㅋㅋㅋㅋㅋㅋㅋㅋㅋㅋㅋㅋㅋㅋㅋㅋㅋㅋㅋㅋㅋㅋㅋㅋㅋㅋㅋㅋㅋㅋㅋ',5,346,27,69),(347,'2021-07-23 08:23:16.844380','2021-07-23 08:23:16.844409','노끈 있는걸로 주문했는데… 빠졌는지 안왔는데 그래도 현수막이 중요한거니 별 5개 드립니다',3,347,59,90),(348,'2021-07-23 08:23:16.849745','2021-07-23 08:23:16.849775','ㄹㅇ 고수님이십니다',5,348,9,153),(349,'2021-07-23 08:23:16.855033','2021-07-23 08:23:16.855066','기존 있었던 세세한 파손과 문제점도 잘 알려주시고, 수납공간이 많아서 청소하시기 어려우셨을 텐데도 잘~ 해주셔서 감사합니다.',4,349,47,25),(350,'2021-07-23 08:23:16.860248','2021-07-23 08:23:16.860277','빠르고 친절하게 잘 해 주셔서 감사합니다. 회사에 계신 몇 분이랑 디자인 검토했는데 다들 만족하십니다. 이번에는 파일 작업만 했는데 인쇄하게 되면 또 연락드리겠습니다. 건강하세요.',5,350,5,183),(351,'2021-07-23 08:23:16.865575','2021-07-23 08:23:16.865603','댓글50자댓글50자댓글50자댓글50자댓글50자댓글50자댓글50자댓글50자',4,351,49,170),(352,'2021-07-23 08:23:16.870717','2021-07-23 08:23:16.870743','하하하하하하',4,352,58,3),(353,'2021-07-23 08:23:16.875744','2021-07-23 08:23:16.875772','최고에요 감사합니다',5,353,69,122),(354,'2021-07-23 08:23:16.880974','2021-07-23 08:23:16.881004','댓글50자댓글50자댓글50자댓글50자댓글50자댓글50자댓글50자댓글50자',3,354,7,194),(355,'2021-07-23 08:23:16.886382','2021-07-23 08:23:16.886412','하하하하하하',4,355,63,103),(356,'2021-07-23 08:23:16.891515','2021-07-23 08:23:16.891543','최고에요 감사합니다',3,356,20,118),(357,'2021-07-23 08:23:16.897029','2021-07-23 08:23:16.897059','ㅋㅋㅋㅋㅋㅋㅋㅋㅋㅋㅋㅋㅋㅋㅋㅋㅋㅋㅋㅋㅋㅋㅋㅋㅋㅋㅋㅋㅋㅋㅋㅋㅋㅋㅋㅋ',5,357,18,185),(358,'2021-07-23 08:23:16.902418','2021-07-23 08:23:16.902447','깔끔하게 잘 만들어주셨어요!',1,358,27,9),(359,'2021-07-23 08:23:16.907872','2021-07-23 08:23:16.907902','서비스 응대가 최고 였습니다. 과연 디자인 1위 입니다. 내년에도 다시 부탁드리고 싶을 정도였습니다. 믿음직합니다,',1,359,66,52),(360,'2021-07-23 08:23:16.913102','2021-07-23 08:23:16.913130','ㅠㅠㅠㅠㅠㅠㅠㅠㅠㅠㅠㅠㅠㅠㅠㅠㅠㅠㅠㅠㅠㅠㅠㅠㅠㅠㅠㅠㅠㅠㅠㅠㅠㅠㅠ',4,360,72,5),(361,'2021-07-23 08:23:16.918306','2021-07-23 08:23:16.918334','하하하하하하',2,361,37,94),(362,'2021-07-23 08:23:16.923490','2021-07-23 08:23:16.923518','고민하고 고른 업체, 리뷰가 괜히 좋은 건 아니에요. 정말 깨끗하게 잘 작업해주셔서 감사해요.',1,362,58,162),(363,'2021-07-23 08:23:16.928820','2021-07-23 08:23:16.928850','댓글50자댓글50자댓글50자댓글50자댓글50자댓글50자댓글50자댓글50자',3,363,51,87),(364,'2021-07-23 08:23:16.934094','2021-07-23 08:23:16.934121','꼼꼼하고 세세하게 청소해주셔서 감사했습니다 :)',2,364,6,134),(365,'2021-07-23 08:23:16.939305','2021-07-23 08:23:16.939336','ㄹㅇ 고수님이십니다',1,365,53,162),(366,'2021-07-23 08:23:16.944510','2021-07-23 08:23:16.944544','너무 친절하세요 :)',5,366,74,45),(367,'2021-07-23 08:23:16.949790','2021-07-23 08:23:16.949820','진짜 대박! ',4,367,13,144),(368,'2021-07-23 08:23:16.955128','2021-07-23 08:23:16.955160','최고에요 감사합니다',3,368,5,33),(369,'2021-07-23 08:23:16.960359','2021-07-23 08:23:16.960389','진짜 대박! ',2,369,53,180),(370,'2021-07-23 08:23:16.965717','2021-07-23 08:23:16.965750','서비스 응대가 최고 였습니다. 과연 디자인 1위 입니다. 내년에도 다시 부탁드리고 싶을 정도였습니다. 믿음직합니다,',2,370,25,20),(371,'2021-07-23 08:23:16.971182','2021-07-23 08:23:16.971211','댓글50자댓글50자댓글50자댓글50자댓글50자댓글50자댓글50자댓글50자',2,371,30,142),(372,'2021-07-23 08:23:16.976437','2021-07-23 08:23:16.976467','고민하고 고른 업체, 리뷰가 괜히 좋은 건 아니에요. 정말 깨끗하게 잘 작업해주셔서 감사해요.',2,372,9,92),(373,'2021-07-23 08:23:16.981655','2021-07-23 08:23:16.981682','고민하고 고른 업체, 리뷰가 괜히 좋은 건 아니에요. 정말 깨끗하게 잘 작업해주셔서 감사해요.',3,373,68,94),(374,'2021-07-23 08:23:16.986856','2021-07-23 08:23:16.986883','고민하고 고른 업체, 리뷰가 괜히 좋은 건 아니에요. 정말 깨끗하게 잘 작업해주셔서 감사해요.',3,374,27,110),(375,'2021-07-23 08:23:16.992068','2021-07-23 08:23:16.992096','고민하고 고른 업체, 리뷰가 괜히 좋은 건 아니에요. 정말 깨끗하게 잘 작업해주셔서 감사해요.',5,375,37,141),(376,'2021-07-23 08:23:16.997216','2021-07-23 08:23:16.997244','댓글50자댓글50자댓글50자댓글50자댓글50자댓글50자댓글50자댓글50자',4,376,68,178),(377,'2021-07-23 08:23:17.002271','2021-07-23 08:23:17.002300','ㅠㅠㅠㅠㅠㅠㅠㅠㅠㅠㅠㅠㅠㅠㅠㅠㅠㅠㅠㅠㅠㅠㅠㅠㅠㅠㅠㅠㅠㅠㅠㅠㅠㅠㅠ',4,377,26,180),(378,'2021-07-23 08:23:17.007379','2021-07-23 08:23:17.007406','깔끔하게 잘 만들어주셨어요!',1,378,61,188),(379,'2021-07-23 08:23:17.012621','2021-07-23 08:23:17.012650','진짜 대박! ',4,379,71,147),(380,'2021-07-23 08:23:17.018087','2021-07-23 08:23:17.018119','기존 있었던 세세한 파손과 문제점도 잘 알려주시고, 수납공간이 많아서 청소하시기 어려우셨을 텐데도 잘~ 해주셔서 감사합니다.',3,380,23,67),(381,'2021-07-23 08:23:17.023871','2021-07-23 08:23:17.023899','진짜 대박! ',4,381,29,24),(382,'2021-07-23 08:23:17.029625','2021-07-23 08:23:17.029657','빠르고 친절하게 잘 해 주셔서 감사합니다. 회사에 계신 몇 분이랑 디자인 검토했는데 다들 만족하십니다. 이번에는 파일 작업만 했는데 인쇄하게 되면 또 연락드리겠습니다. 건강하세요.',5,382,70,132),(383,'2021-07-23 08:23:17.035137','2021-07-23 08:23:17.035168','최고에요 감사합니다',1,383,27,156),(384,'2021-07-23 08:23:17.040684','2021-07-23 08:23:17.040713','ㅋㅋㅋㅋㅋㅋㅋㅋㅋㅋㅋㅋㅋㅋㅋㅋㅋㅋㅋㅋㅋㅋㅋㅋㅋㅋㅋㅋㅋㅋㅋㅋㅋㅋㅋㅋ',2,384,31,174),(385,'2021-07-23 08:23:17.045938','2021-07-23 08:23:17.045969','ㄹㅇ 고수님이십니다',2,385,9,137),(386,'2021-07-23 08:23:17.051311','2021-07-23 08:23:17.051341','너무 친절하세요 :)',5,386,37,147),(387,'2021-07-23 08:23:17.057330','2021-07-23 08:23:17.057360','ㄹㅇ 고수님이십니다',1,387,68,65),(388,'2021-07-23 08:23:17.062823','2021-07-23 08:23:17.062856','빠르고 친절하게 잘 해 주셔서 감사합니다. 회사에 계신 몇 분이랑 디자인 검토했는데 다들 만족하십니다. 이번에는 파일 작업만 했는데 인쇄하게 되면 또 연락드리겠습니다. 건강하세요.',5,388,7,52),(389,'2021-07-23 08:23:17.068055','2021-07-23 08:23:17.068084','ㄹㅇ 고수님이십니다',3,390,72,118),(390,'2021-07-23 08:23:17.073451','2021-07-23 08:23:17.073482','노끈 있는걸로 주문했는데… 빠졌는지 안왔는데 그래도 현수막이 중요한거니 별 5개 드립니다',1,391,73,92),(391,'2021-07-23 08:23:17.078804','2021-07-23 08:23:17.078834','ㅋㅋㅋㅋㅋㅋㅋㅋㅋㅋㅋㅋㅋㅋㅋㅋㅋㅋㅋㅋㅋㅋㅋㅋㅋㅋㅋㅋㅋㅋㅋㅋㅋㅋㅋㅋ',3,392,73,164),(392,'2021-07-23 08:23:17.084318','2021-07-23 08:23:17.084348','최고에요 감사합니다',2,393,31,81),(393,'2021-07-23 08:23:17.089691','2021-07-23 08:23:17.089720','진짜 대박! ',1,394,23,47),(394,'2021-07-23 08:23:17.094946','2021-07-23 08:23:17.094976','빠르고 친절하게 잘 해 주셔서 감사합니다. 회사에 계신 몇 분이랑 디자인 검토했는데 다들 만족하십니다. 이번에는 파일 작업만 했는데 인쇄하게 되면 또 연락드리겠습니다. 건강하세요.',2,395,53,158),(395,'2021-07-23 08:23:17.100327','2021-07-23 08:23:17.100356','너무 친절하세요 :)',2,396,72,133),(396,'2021-07-23 08:23:17.105725','2021-07-23 08:23:17.105754','깔끔하게 잘 만들어주셨어요!',3,397,3,144),(397,'2021-07-23 08:23:17.111032','2021-07-23 08:23:17.111065','고민하고 고른 업체, 리뷰가 괜히 좋은 건 아니에요. 정말 깨끗하게 잘 작업해주셔서 감사해요.',5,398,37,138),(398,'2021-07-23 08:23:17.116299','2021-07-23 08:23:17.116327','노끈 있는걸로 주문했는데… 빠졌는지 안왔는데 그래도 현수막이 중요한거니 별 5개 드립니다',2,399,26,89),(399,'2021-07-23 08:23:17.121641','2021-07-23 08:23:17.121671','ㅠㅠㅠㅠㅠㅠㅠㅠㅠㅠㅠㅠㅠㅠㅠㅠㅠㅠㅠㅠㅠㅠㅠㅠㅠㅠㅠㅠㅠㅠㅠㅠㅠㅠㅠ',3,400,37,123),(400,'2021-07-23 08:23:17.126821','2021-07-23 08:23:17.126856','서비스 응대가 최고 였습니다. 과연 디자인 1위 입니다. 내년에도 다시 부탁드리고 싶을 정도였습니다. 믿음직합니다,',1,401,49,39),(401,'2021-07-23 08:23:17.132068','2021-07-23 08:23:17.132100','너무 친절하세요 :)',2,402,74,86),(402,'2021-07-23 08:23:17.137528','2021-07-23 08:23:17.137557','하하하하하하',3,403,40,171),(403,'2021-07-23 08:23:17.142763','2021-07-23 08:23:17.142793','서비스 응대가 최고 였습니다. 과연 디자인 1위 입니다. 내년에도 다시 부탁드리고 싶을 정도였습니다. 믿음직합니다,',1,404,68,191),(404,'2021-07-23 08:23:17.148197','2021-07-23 08:23:17.148226','ㄹㅇ 고수님이십니다',4,405,4,127),(405,'2021-07-23 08:23:17.153561','2021-07-23 08:23:17.153592','ㄹㅇ 고수님이십니다',3,406,74,43),(406,'2021-07-23 08:23:17.158987','2021-07-23 08:23:17.159022','꼼꼼하고 세세하게 청소해주셔서 감사했습니다 :)',5,407,32,191),(407,'2021-07-23 08:23:17.164367','2021-07-23 08:23:17.164396','서비스 응대가 최고 였습니다. 과연 디자인 1위 입니다. 내년에도 다시 부탁드리고 싶을 정도였습니다. 믿음직합니다,',5,408,16,111),(408,'2021-07-23 08:23:17.169542','2021-07-23 08:23:17.169570','하하하하하하',5,409,68,43),(409,'2021-07-23 08:23:17.174653','2021-07-23 08:23:17.174682','빠르고 친절하게 잘 해 주셔서 감사합니다. 회사에 계신 몇 분이랑 디자인 검토했는데 다들 만족하십니다. 이번에는 파일 작업만 했는데 인쇄하게 되면 또 연락드리겠습니다. 건강하세요.',5,410,2,98),(410,'2021-07-23 08:23:17.179742','2021-07-23 08:23:17.179769','노끈 있는걸로 주문했는데… 빠졌는지 안왔는데 그래도 현수막이 중요한거니 별 5개 드립니다',3,411,60,75),(411,'2021-07-23 08:23:17.184975','2021-07-23 08:23:17.185004','ㅠㅠㅠㅠㅠㅠㅠㅠㅠㅠㅠㅠㅠㅠㅠㅠㅠㅠㅠㅠㅠㅠㅠㅠㅠㅠㅠㅠㅠㅠㅠㅠㅠㅠㅠ',3,412,11,167),(412,'2021-07-23 08:23:17.190205','2021-07-23 08:23:17.190234','기존 있었던 세세한 파손과 문제점도 잘 알려주시고, 수납공간이 많아서 청소하시기 어려우셨을 텐데도 잘~ 해주셔서 감사합니다.',3,413,29,39),(413,'2021-07-23 08:23:17.195869','2021-07-23 08:23:17.195900','빠르고 친절하게 잘 해 주셔서 감사합니다. 회사에 계신 몇 분이랑 디자인 검토했는데 다들 만족하십니다. 이번에는 파일 작업만 했는데 인쇄하게 되면 또 연락드리겠습니다. 건강하세요.',4,414,18,34),(414,'2021-07-23 08:23:17.202008','2021-07-23 08:23:17.202036','하하하하하하',1,415,5,200),(415,'2021-07-23 08:23:17.208212','2021-07-23 08:23:17.208245','꼼꼼하고 세세하게 청소해주셔서 감사했습니다 :)',3,416,72,82),(416,'2021-07-23 08:23:17.214792','2021-07-23 08:23:17.214824','꼼꼼하고 세세하게 청소해주셔서 감사했습니다 :)',3,417,19,167),(417,'2021-07-23 08:23:17.220298','2021-07-23 08:23:17.220327','노끈 있는걸로 주문했는데… 빠졌는지 안왔는데 그래도 현수막이 중요한거니 별 5개 드립니다',1,418,47,194),(418,'2021-07-23 08:23:17.225907','2021-07-23 08:23:17.225937','꼼꼼하고 세세하게 청소해주셔서 감사했습니다 :)',4,419,12,178),(419,'2021-07-23 08:23:17.232059','2021-07-23 08:23:17.232095','최고에요 감사합니다',4,420,39,125),(420,'2021-07-23 08:23:17.237612','2021-07-23 08:23:17.237640','하하하하하하',4,421,34,62),(421,'2021-07-23 08:23:17.242858','2021-07-23 08:23:17.242887','ㅠㅠㅠㅠㅠㅠㅠㅠㅠㅠㅠㅠㅠㅠㅠㅠㅠㅠㅠㅠㅠㅠㅠㅠㅠㅠㅠㅠㅠㅠㅠㅠㅠㅠㅠ',3,422,48,139),(422,'2021-07-23 08:23:17.248146','2021-07-23 08:23:17.248175','빠르고 친절하게 잘 해 주셔서 감사합니다. 회사에 계신 몇 분이랑 디자인 검토했는데 다들 만족하십니다. 이번에는 파일 작업만 했는데 인쇄하게 되면 또 연락드리겠습니다. 건강하세요.',3,423,27,58),(423,'2021-07-23 08:23:17.253581','2021-07-23 08:23:17.253618','최고에요 감사합니다',4,424,52,199),(424,'2021-07-23 08:23:17.259353','2021-07-23 08:23:17.259382','서비스 응대가 최고 였습니다. 과연 디자인 1위 입니다. 내년에도 다시 부탁드리고 싶을 정도였습니다. 믿음직합니다,',1,425,33,102),(425,'2021-07-23 08:23:17.264870','2021-07-23 08:23:17.264901','꼼꼼하고 세세하게 청소해주셔서 감사했습니다 :)',4,426,46,196),(426,'2021-07-23 08:23:17.270150','2021-07-23 08:23:17.270178','ㅋㅋㅋㅋㅋㅋㅋㅋㅋㅋㅋㅋㅋㅋㅋㅋㅋㅋㅋㅋㅋㅋㅋㅋㅋㅋㅋㅋㅋㅋㅋㅋㅋㅋㅋㅋ',2,427,7,172),(427,'2021-07-23 08:23:17.275529','2021-07-23 08:23:17.275560','꼼꼼하고 세세하게 청소해주셔서 감사했습니다 :)',1,428,69,173),(428,'2021-07-23 08:23:17.280794','2021-07-23 08:23:17.280834','ㄹㅇ 고수님이십니다',5,429,71,128),(429,'2021-07-23 08:23:17.286080','2021-07-23 08:23:17.286112','댓글50자댓글50자댓글50자댓글50자댓글50자댓글50자댓글50자댓글50자',4,430,47,17),(430,'2021-07-23 08:23:17.291324','2021-07-23 08:23:17.291353','고민하고 고른 업체, 리뷰가 괜히 좋은 건 아니에요. 정말 깨끗하게 잘 작업해주셔서 감사해요.',2,431,19,23),(431,'2021-07-23 08:23:17.296484','2021-07-23 08:23:17.296512','서비스 응대가 최고 였습니다. 과연 디자인 1위 입니다. 내년에도 다시 부탁드리고 싶을 정도였습니다. 믿음직합니다,',5,432,17,46),(432,'2021-07-23 08:23:17.301648','2021-07-23 08:23:17.301676','ㅋㅋㅋㅋㅋㅋㅋㅋㅋㅋㅋㅋㅋㅋㅋㅋㅋㅋㅋㅋㅋㅋㅋㅋㅋㅋㅋㅋㅋㅋㅋㅋㅋㅋㅋㅋ',3,433,56,120),(433,'2021-07-23 08:23:17.306824','2021-07-23 08:23:17.306853','서비스 응대가 최고 였습니다. 과연 디자인 1위 입니다. 내년에도 다시 부탁드리고 싶을 정도였습니다. 믿음직합니다,',3,434,70,162),(434,'2021-07-23 08:23:17.312366','2021-07-23 08:23:17.312396','ㅠㅠㅠㅠㅠㅠㅠㅠㅠㅠㅠㅠㅠㅠㅠㅠㅠㅠㅠㅠㅠㅠㅠㅠㅠㅠㅠㅠㅠㅠㅠㅠㅠㅠㅠ',3,435,43,193),(435,'2021-07-23 08:23:17.318060','2021-07-23 08:23:17.318092','빠르고 친절하게 잘 해 주셔서 감사합니다. 회사에 계신 몇 분이랑 디자인 검토했는데 다들 만족하십니다. 이번에는 파일 작업만 했는데 인쇄하게 되면 또 연락드리겠습니다. 건강하세요.',5,436,52,47),(436,'2021-07-23 08:23:17.323601','2021-07-23 08:23:17.323630','ㄹㅇ 고수님이십니다',4,437,18,195),(437,'2021-07-23 08:23:17.328974','2021-07-23 08:23:17.329006','서비스 응대가 최고 였습니다. 과연 디자인 1위 입니다. 내년에도 다시 부탁드리고 싶을 정도였습니다. 믿음직합니다,',4,438,39,106),(438,'2021-07-23 08:23:17.334235','2021-07-23 08:23:17.334263','ㅋㅋㅋㅋㅋㅋㅋㅋㅋㅋㅋㅋㅋㅋㅋㅋㅋㅋㅋㅋㅋㅋㅋㅋㅋㅋㅋㅋㅋㅋㅋㅋㅋㅋㅋㅋ',4,439,50,176),(439,'2021-07-23 08:23:17.339385','2021-07-23 08:23:17.339413','깔끔하게 잘 만들어주셨어요!',3,440,34,122),(440,'2021-07-23 08:23:17.344555','2021-07-23 08:23:17.344584','꼼꼼하고 세세하게 청소해주셔서 감사했습니다 :)',4,441,66,85),(441,'2021-07-23 08:23:17.350533','2021-07-23 08:23:17.350563','고민하고 고른 업체, 리뷰가 괜히 좋은 건 아니에요. 정말 깨끗하게 잘 작업해주셔서 감사해요.',1,442,45,66),(442,'2021-07-23 08:23:17.356432','2021-07-23 08:23:17.356461','꼼꼼하고 세세하게 청소해주셔서 감사했습니다 :)',5,443,24,189),(443,'2021-07-23 08:23:17.362323','2021-07-23 08:23:17.362352','너무 친절하세요 :)',1,444,50,118),(444,'2021-07-23 08:23:17.368069','2021-07-23 08:23:17.368098','하하하하하하',3,445,57,47),(445,'2021-07-23 08:23:17.373518','2021-07-23 08:23:17.373549','빠르고 친절하게 잘 해 주셔서 감사합니다. 회사에 계신 몇 분이랑 디자인 검토했는데 다들 만족하십니다. 이번에는 파일 작업만 했는데 인쇄하게 되면 또 연락드리겠습니다. 건강하세요.',2,446,42,34),(446,'2021-07-23 08:23:17.378763','2021-07-23 08:23:17.378792','노끈 있는걸로 주문했는데… 빠졌는지 안왔는데 그래도 현수막이 중요한거니 별 5개 드립니다',1,447,23,100),(447,'2021-07-23 08:23:17.384134','2021-07-23 08:23:17.384165','기존 있었던 세세한 파손과 문제점도 잘 알려주시고, 수납공간이 많아서 청소하시기 어려우셨을 텐데도 잘~ 해주셔서 감사합니다.',3,448,72,42),(448,'2021-07-23 08:23:17.389581','2021-07-23 08:23:17.389610','최고에요 감사합니다',2,449,70,109),(449,'2021-07-23 08:23:17.395152','2021-07-23 08:23:17.395180','노끈 있는걸로 주문했는데… 빠졌는지 안왔는데 그래도 현수막이 중요한거니 별 5개 드립니다',2,450,13,171),(450,'2021-07-23 08:23:17.400769','2021-07-23 08:23:17.400798','댓글50자댓글50자댓글50자댓글50자댓글50자댓글50자댓글50자댓글50자',4,451,63,1),(451,'2021-07-23 08:23:17.406239','2021-07-23 08:23:17.406269','댓글50자댓글50자댓글50자댓글50자댓글50자댓글50자댓글50자댓글50자',5,452,2,6),(452,'2021-07-23 08:23:17.411405','2021-07-23 08:23:17.411434','고민하고 고른 업체, 리뷰가 괜히 좋은 건 아니에요. 정말 깨끗하게 잘 작업해주셔서 감사해요.',5,453,53,191),(453,'2021-07-23 08:23:17.416641','2021-07-23 08:23:17.416676','서비스 응대가 최고 였습니다. 과연 디자인 1위 입니다. 내년에도 다시 부탁드리고 싶을 정도였습니다. 믿음직합니다,',1,454,60,173),(454,'2021-07-23 08:23:17.421907','2021-07-23 08:23:17.421933','ㅋㅋㅋㅋㅋㅋㅋㅋㅋㅋㅋㅋㅋㅋㅋㅋㅋㅋㅋㅋㅋㅋㅋㅋㅋㅋㅋㅋㅋㅋㅋㅋㅋㅋㅋㅋ',1,455,26,49),(455,'2021-07-23 08:23:17.427173','2021-07-23 08:23:17.427202','깔끔하게 잘 만들어주셨어요!',1,456,17,95),(456,'2021-07-23 08:23:17.432358','2021-07-23 08:23:17.432388','너무 친절하세요 :)',4,457,18,29),(457,'2021-07-23 08:23:17.437514','2021-07-23 08:23:17.437544','댓글50자댓글50자댓글50자댓글50자댓글50자댓글50자댓글50자댓글50자',4,458,62,88),(458,'2021-07-23 08:23:17.442551','2021-07-23 08:23:17.442580','ㅠㅠㅠㅠㅠㅠㅠㅠㅠㅠㅠㅠㅠㅠㅠㅠㅠㅠㅠㅠㅠㅠㅠㅠㅠㅠㅠㅠㅠㅠㅠㅠㅠㅠㅠ',5,459,55,171),(459,'2021-07-23 08:23:17.447650','2021-07-23 08:23:17.447680','ㅋㅋㅋㅋㅋㅋㅋㅋㅋㅋㅋㅋㅋㅋㅋㅋㅋㅋㅋㅋㅋㅋㅋㅋㅋㅋㅋㅋㅋㅋㅋㅋㅋㅋㅋㅋ',1,460,37,60),(460,'2021-07-23 08:23:17.453097','2021-07-23 08:23:17.453125','고민하고 고른 업체, 리뷰가 괜히 좋은 건 아니에요. 정말 깨끗하게 잘 작업해주셔서 감사해요.',4,461,4,149),(461,'2021-07-23 08:23:17.459084','2021-07-23 08:23:17.459114','서비스 응대가 최고 였습니다. 과연 디자인 1위 입니다. 내년에도 다시 부탁드리고 싶을 정도였습니다. 믿음직합니다,',3,462,34,98),(462,'2021-07-23 08:23:17.464502','2021-07-23 08:23:17.464528','ㅠㅠㅠㅠㅠㅠㅠㅠㅠㅠㅠㅠㅠㅠㅠㅠㅠㅠㅠㅠㅠㅠㅠㅠㅠㅠㅠㅠㅠㅠㅠㅠㅠㅠㅠ',3,463,73,47),(463,'2021-07-23 08:23:17.469643','2021-07-23 08:23:17.469672','너무 친절하세요 :)',5,464,63,164),(464,'2021-07-23 08:23:17.474791','2021-07-23 08:23:17.474819','ㅋㅋㅋㅋㅋㅋㅋㅋㅋㅋㅋㅋㅋㅋㅋㅋㅋㅋㅋㅋㅋㅋㅋㅋㅋㅋㅋㅋㅋㅋㅋㅋㅋㅋㅋㅋ',1,465,10,71),(465,'2021-07-23 08:23:17.479897','2021-07-23 08:23:17.479924','노끈 있는걸로 주문했는데… 빠졌는지 안왔는데 그래도 현수막이 중요한거니 별 5개 드립니다',2,466,13,186),(466,'2021-07-23 08:23:17.485257','2021-07-23 08:23:17.485286','노끈 있는걸로 주문했는데… 빠졌는지 안왔는데 그래도 현수막이 중요한거니 별 5개 드립니다',2,467,17,181),(467,'2021-07-23 08:23:17.490941','2021-07-23 08:23:17.490970','기존 있었던 세세한 파손과 문제점도 잘 알려주시고, 수납공간이 많아서 청소하시기 어려우셨을 텐데도 잘~ 해주셔서 감사합니다.',4,468,74,150),(468,'2021-07-23 08:23:17.496369','2021-07-23 08:23:17.496398','고민하고 고른 업체, 리뷰가 괜히 좋은 건 아니에요. 정말 깨끗하게 잘 작업해주셔서 감사해요.',4,469,20,168),(469,'2021-07-23 08:23:17.501535','2021-07-23 08:23:17.501565','노끈 있는걸로 주문했는데… 빠졌는지 안왔는데 그래도 현수막이 중요한거니 별 5개 드립니다',3,470,26,178),(470,'2021-07-23 08:23:17.507429','2021-07-23 08:23:17.507460','하하하하하하',2,471,74,75),(471,'2021-07-23 08:23:17.512760','2021-07-23 08:23:17.512788','최고에요 감사합니다',4,473,15,109),(472,'2021-07-23 08:23:17.517960','2021-07-23 08:23:17.517989','ㄹㅇ 고수님이십니다',1,474,68,112),(473,'2021-07-23 08:23:17.523324','2021-07-23 08:23:17.523353','ㄹㅇ 고수님이십니다',5,475,73,193),(474,'2021-07-23 08:23:17.528546','2021-07-23 08:23:17.528577','고민하고 고른 업체, 리뷰가 괜히 좋은 건 아니에요. 정말 깨끗하게 잘 작업해주셔서 감사해요.',1,476,8,129),(475,'2021-07-23 08:23:17.556081','2021-07-23 08:23:17.556114','하하하하하하',5,477,2,46),(476,'2021-07-23 08:23:17.561573','2021-07-23 08:23:17.561602','ㅋㅋㅋㅋㅋㅋㅋㅋㅋㅋㅋㅋㅋㅋㅋㅋㅋㅋㅋㅋㅋㅋㅋㅋㅋㅋㅋㅋㅋㅋㅋㅋㅋㅋㅋㅋ',4,478,61,40),(477,'2021-07-23 08:23:17.566819','2021-07-23 08:23:17.566849','꼼꼼하고 세세하게 청소해주셔서 감사했습니다 :)',2,479,60,86),(478,'2021-07-23 08:23:17.572086','2021-07-23 08:23:17.572117','하하하하하하',1,480,25,101),(479,'2021-07-23 08:23:17.577190','2021-07-23 08:23:17.577220','ㅠㅠㅠㅠㅠㅠㅠㅠㅠㅠㅠㅠㅠㅠㅠㅠㅠㅠㅠㅠㅠㅠㅠㅠㅠㅠㅠㅠㅠㅠㅠㅠㅠㅠㅠ',3,481,20,80),(480,'2021-07-23 08:23:17.582712','2021-07-23 08:23:17.582742','ㅋㅋㅋㅋㅋㅋㅋㅋㅋㅋㅋㅋㅋㅋㅋㅋㅋㅋㅋㅋㅋㅋㅋㅋㅋㅋㅋㅋㅋㅋㅋㅋㅋㅋㅋㅋ',3,482,20,59),(481,'2021-07-23 08:23:17.588026','2021-07-23 08:23:17.588054','깔끔하게 잘 만들어주셨어요!',5,483,17,200),(482,'2021-07-23 08:23:17.593266','2021-07-23 08:23:17.593296','꼼꼼하고 세세하게 청소해주셔서 감사했습니다 :)',5,484,26,82),(483,'2021-07-23 08:23:17.598617','2021-07-23 08:23:17.598644','ㅋㅋㅋㅋㅋㅋㅋㅋㅋㅋㅋㅋㅋㅋㅋㅋㅋㅋㅋㅋㅋㅋㅋㅋㅋㅋㅋㅋㅋㅋㅋㅋㅋㅋㅋㅋ',5,485,12,82),(484,'2021-07-23 08:23:17.603980','2021-07-23 08:23:17.604007','ㅠㅠㅠㅠㅠㅠㅠㅠㅠㅠㅠㅠㅠㅠㅠㅠㅠㅠㅠㅠㅠㅠㅠㅠㅠㅠㅠㅠㅠㅠㅠㅠㅠㅠㅠ',4,486,34,139),(485,'2021-07-23 08:23:17.609237','2021-07-23 08:23:17.609267','댓글50자댓글50자댓글50자댓글50자댓글50자댓글50자댓글50자댓글50자',5,487,14,79),(486,'2021-07-23 08:23:17.614460','2021-07-23 08:23:17.614489','고민하고 고른 업체, 리뷰가 괜히 좋은 건 아니에요. 정말 깨끗하게 잘 작업해주셔서 감사해요.',5,488,48,104),(487,'2021-07-23 08:23:17.619681','2021-07-23 08:23:17.619709','댓글50자댓글50자댓글50자댓글50자댓글50자댓글50자댓글50자댓글50자',3,489,41,184),(488,'2021-07-23 08:23:17.624963','2021-07-23 08:23:17.624992','댓글50자댓글50자댓글50자댓글50자댓글50자댓글50자댓글50자댓글50자',4,490,30,92),(489,'2021-07-23 08:23:17.630215','2021-07-23 08:23:17.630245','서비스 응대가 최고 였습니다. 과연 디자인 1위 입니다. 내년에도 다시 부탁드리고 싶을 정도였습니다. 믿음직합니다,',1,491,29,36),(490,'2021-07-23 08:23:17.635603','2021-07-23 08:23:17.635633','빠르고 친절하게 잘 해 주셔서 감사합니다. 회사에 계신 몇 분이랑 디자인 검토했는데 다들 만족하십니다. 이번에는 파일 작업만 했는데 인쇄하게 되면 또 연락드리겠습니다. 건강하세요.',3,492,40,92),(491,'2021-07-23 08:23:17.640897','2021-07-23 08:23:17.640932','하하하하하하',3,493,41,168),(492,'2021-07-23 08:23:17.646045','2021-07-23 08:23:17.646073','꼼꼼하고 세세하게 청소해주셔서 감사했습니다 :)',3,494,38,79),(493,'2021-07-23 08:23:17.651406','2021-07-23 08:23:17.651436','꼼꼼하고 세세하게 청소해주셔서 감사했습니다 :)',2,495,53,150),(494,'2021-07-23 08:23:17.656651','2021-07-23 08:23:17.656692','ㅠㅠㅠㅠㅠㅠㅠㅠㅠㅠㅠㅠㅠㅠㅠㅠㅠㅠㅠㅠㅠㅠㅠㅠㅠㅠㅠㅠㅠㅠㅠㅠㅠㅠㅠ',1,496,44,21),(495,'2021-07-23 08:23:17.661899','2021-07-23 08:23:17.661929','ㄹㅇ 고수님이십니다',5,497,22,196),(496,'2021-07-23 08:23:17.667123','2021-07-23 08:23:17.667151','고민하고 고른 업체, 리뷰가 괜히 좋은 건 아니에요. 정말 깨끗하게 잘 작업해주셔서 감사해요.',4,498,39,151),(497,'2021-07-23 08:23:17.672249','2021-07-23 08:23:17.672279','ㅠㅠㅠㅠㅠㅠㅠㅠㅠㅠㅠㅠㅠㅠㅠㅠㅠㅠㅠㅠㅠㅠㅠㅠㅠㅠㅠㅠㅠㅠㅠㅠㅠㅠㅠ',4,499,49,61),(498,'2021-07-23 08:23:17.677300','2021-07-23 08:23:17.677328','진짜 대박! ',5,500,20,23),(499,'2021-07-23 08:23:17.682611','2021-07-23 08:23:17.682639','ㅋㅋㅋㅋㅋㅋㅋㅋㅋㅋㅋㅋㅋㅋㅋㅋㅋㅋㅋㅋㅋㅋㅋㅋㅋㅋㅋㅋㅋㅋㅋㅋㅋㅋㅋㅋ',2,501,34,115);
/*!40000 ALTER TABLE `reviews` ENABLE KEYS */;
UNLOCK TABLES;

--
-- Table structure for table `services`
--

DROP TABLE IF EXISTS `services`;
/*!40101 SET @saved_cs_client     = @@character_set_client */;
/*!50503 SET character_set_client = utf8mb4 */;
CREATE TABLE `services` (
  `id` bigint NOT NULL AUTO_INCREMENT,
  `name` varchar(45) COLLATE utf8mb4_general_ci NOT NULL,
  `category_id` bigint NOT NULL,
  PRIMARY KEY (`id`),
  KEY `services_category_id_a33744a9_fk_categories_id` (`category_id`),
  CONSTRAINT `services_category_id_a33744a9_fk_categories_id` FOREIGN KEY (`category_id`) REFERENCES `categories` (`id`)
) ENGINE=InnoDB AUTO_INCREMENT=75 DEFAULT CHARSET=utf8mb4 COLLATE=utf8mb4_general_ci;
/*!40101 SET character_set_client = @saved_cs_client */;

--
-- Dumping data for table `services`
--

LOCK TABLES `services` WRITE;
/*!40000 ALTER TABLE `services` DISABLE KEYS */;
INSERT INTO `services` VALUES (1,'방송댄스 레슨',1),(2,'보컬 레슨',1),(3,'골프 레슨',1),(4,'퍼스널트레이닝(PT)',1),(5,'기타 레슨',1),(6,'중국어 과외',1),(7,'비즈니스 영어',1),(8,'수학 과외',1),(9,'영어 과외',1),(10,'집 인테리어',2),(11,'상업공간 인테리어',2),(12,'타일 시공',2),(13,'욕실/화장실 리모델링',2),(14,'페인트 시공',2),(15,'싱크대 교체',2),(16,'도배장판 시공',2),(17,'인테리어 필름 시공',2),(18,'조명 인테리어',2),(19,'해충방역',2),(20,'이사/입주 청소 업체',2),(21,'세탁기 청소',2),(22,'웨딩 사진 촬영 (본식)',3),(23,'결혼식 사회자',3),(24,'개인용 영상 촬영',3),(25,'영상 편집',3),(26,'댄스 공연',3),(27,'클래식 공연',3),(28,'행사 MC',3),(29,'헤어/메이크업',3),(30,'파티/행사기획',3),(31,'회계/세무',4),(32,'영상 광고',4),(33,'블로그 마케팅',4),(34,'일본어 (일어) 통역',4),(35,'중국어 통역',4),(36,'BGM/사운드 제작',4),(37,'명함 인쇄',4),(38,'출판',4),(39,'출력/제본',4),(40,'프레젠테이션 디자인',5),(41,'인쇄물 디자인',5),(42,'앱 디자인',5),(43,'일러스트 디자인',5),(44,'제품 디자인',5),(45,'패키지 디자인',5),(46,'라벨 디자인',5),(47,'간판 디자인',5),(48,'소프트웨어 개발',5),(49,'가족상담',6),(50,'부부/커플상담',6),(51,'성인 상담',6),(52,'아동/청소년 상담',6),(53,'심리검사',6),(54,'언어치료',6),(55,'독서치료',6),(56,'연극치료',6),(57,'네일',6),(58,'편의점 알바',7),(59,'일반음식점 알바',7),(60,'방송스텝·촬영보조 알바',7),(61,'이벤트·행사스텝 알바',7),(62,'포장·조립 알바',7),(63,'배달·택배·퀵서비스 알바',7),(64,'영화·공연·전시장 알바',7),(65,'사무보조·문서작성 알바',7),(66,'간호조무사·간호사 알바',7),(67,'일반 민사 소송',8),(68,'특허 출원',8),(69,'이혼 소송',8),(70,'음향기기 대여',8),(71,'신차 구매',8),(72,'가구/목공예 제작',8),(73,'플라워 제작',8),(74,'웨딩소품 제작',8);
/*!40000 ALTER TABLE `services` ENABLE KEYS */;
UNLOCK TABLES;

--
-- Table structure for table `uploaded_images`
--

DROP TABLE IF EXISTS `uploaded_images`;
/*!40101 SET @saved_cs_client     = @@character_set_client */;
/*!50503 SET character_set_client = utf8mb4 */;
CREATE TABLE `uploaded_images` (
  `id` bigint NOT NULL AUTO_INCREMENT,
  `created_at` datetime(6) NOT NULL,
  `updated_at` datetime(6) NOT NULL,
  `uploaded_image` varchar(200) COLLATE utf8mb4_general_ci NOT NULL,
  `master_id` bigint NOT NULL,
  PRIMARY KEY (`id`),
  KEY `uploaded_images_master_id_3f69fcee_fk_masters_id` (`master_id`),
  CONSTRAINT `uploaded_images_master_id_3f69fcee_fk_masters_id` FOREIGN KEY (`master_id`) REFERENCES `masters` (`id`)
) ENGINE=InnoDB DEFAULT CHARSET=utf8mb4 COLLATE=utf8mb4_general_ci;
/*!40101 SET character_set_client = @saved_cs_client */;

--
-- Dumping data for table `uploaded_images`
--

LOCK TABLES `uploaded_images` WRITE;
/*!40000 ALTER TABLE `uploaded_images` DISABLE KEYS */;
/*!40000 ALTER TABLE `uploaded_images` ENABLE KEYS */;
UNLOCK TABLES;

--
-- Table structure for table `users`
--

DROP TABLE IF EXISTS `users`;
/*!40101 SET @saved_cs_client     = @@character_set_client */;
/*!50503 SET character_set_client = utf8mb4 */;
CREATE TABLE `users` (
  `id` bigint NOT NULL AUTO_INCREMENT,
  `created_at` datetime(6) NOT NULL,
  `updated_at` datetime(6) NOT NULL,
  `kakao_id` int DEFAULT NULL,
  `name` varchar(45) COLLATE utf8mb4_general_ci DEFAULT NULL,
  `password` varchar(200) COLLATE utf8mb4_general_ci NOT NULL,
  `phone` varchar(20) COLLATE utf8mb4_general_ci DEFAULT NULL,
  `gender` varchar(20) COLLATE utf8mb4_general_ci DEFAULT NULL,
  `email` varchar(254) COLLATE utf8mb4_general_ci NOT NULL,
  `birth` date DEFAULT NULL,
  PRIMARY KEY (`id`),
  UNIQUE KEY `email` (`email`),
  UNIQUE KEY `kakao_id` (`kakao_id`),
  UNIQUE KEY `phone` (`phone`)
) ENGINE=InnoDB AUTO_INCREMENT=202 DEFAULT CHARSET=utf8mb4 COLLATE=utf8mb4_general_ci;
/*!40101 SET character_set_client = @saved_cs_client */;

--
-- Dumping data for table `users`
--

LOCK TABLES `users` WRITE;
/*!40000 ALTER TABLE `users` DISABLE KEYS */;
INSERT INTO `users` VALUES (1,'1995-11-27 13:58:46.000000','1992-07-21 16:40:18.000000',18068,'이준서','$2b$12$4Aqy9evtVVqEPZQQX8JqoOtK9fUog66SgEmm7SdRtd5ihbkqMaFfi','01081166939','male','acaldwell@gmail.com','1987-07-27'),(2,'2006-05-14 01:54:17.000000','1993-05-29 05:24:45.000000',90346,'한현주','$2b$12$RxIv7KZvXdW6zDwK8/FsQekWjDoEY7NJxu4zZjlEglRCLXljQvL8K','01060039879','male','devans@riley-pugh.com','2019-09-20'),(3,'1997-03-11 20:10:30.000000','1993-07-02 01:06:06.000000',700,'김경숙','$2b$12$cAbFM//cBQ8fE6MD2isZrOadNo9/kAPTZn01/7H9kjD71NCivN04i','01082507709','female','ithomas@gmail.com','2021-06-17'),(4,'1999-11-08 22:57:08.000000','2008-04-08 23:48:56.000000',97004,'최예원','$2b$12$/m4.lMQvcDtL6kvmMaGA1uv2If1WGyGcNkz3wZ.PKjqJRgggnsKua','01051338899','male','monicameza@yahoo.com','2019-01-25'),(5,'1980-12-18 02:02:40.000000','1975-11-30 03:12:51.000000',1462,'노미영','$2b$12$uEc6WUlm.O/EZceGR5knTOBruS/wVUIYa5hZr63JLfA9UVo.5c10q','01079185982','male','bentonduane@hotmail.com','1997-01-17'),(6,'1986-10-29 17:27:38.000000','1981-06-27 23:53:35.000000',69455,'김은주','$2b$12$5wM2OQlMOxQsnW7xQ.PBCunfetvVztESQLlqcNUB.DdvuQ8DmWvSe','01046159610','female','jessica06@gmail.com','1975-05-12'),(7,'1972-11-06 12:03:49.000000','1982-02-03 18:29:18.000000',68032,'엄지훈','$2b$12$7Fd8CqEODVA4sFLB5Y8XPulYqIlOkhkZu1zQJFJpXPO45UMJJ21Yi','01070293006','female','clarkelinda@ellis.org','1971-01-26'),(8,'1988-01-05 20:29:09.000000','2016-05-30 18:17:43.000000',43984,'박정숙','$2b$12$Ft1niYXls6GpzueEIjFpXeGlJc7xv2r43LQqkL/KzQovMaIInd81m','01034971445','female','sandrarhodes@hotmail.com','2002-01-13'),(9,'2014-06-23 02:59:38.000000','2000-08-20 08:57:35.000000',35537,'양예은','$2b$12$1jbQRyWQ/uOhkKjzj1Rv9OIafwdlK4iTfEKnCHUsiwVraB/K08Tuq','01025318266','male','kmarks@hotmail.com','1987-05-18'),(10,'1974-07-26 22:05:33.000000','2003-04-17 06:20:57.000000',48251,'윤시우','$2b$12$nVFjQiFFG9kpkt8lKnvxeeBONuQFzfIlGduxYNxNwM/V4fip.nuTG','01081285896','female','jeannenguyen@gmail.com','2009-02-09'),(11,'2009-08-02 17:01:38.000000','1991-06-09 17:58:04.000000',67288,'서영환','$2b$12$jQFeor.kdK50g1cFIBSdkOsrQEl8QFEvUYtKFfaF4udpoDxZVcHVO','01067622497','male','bbaker@williams-cain.com','2019-09-16'),(12,'2006-03-14 13:47:45.000000','2009-02-01 02:08:53.000000',40012,'이준서','$2b$12$wgDGDAkFGh9YW9lmb6YG.erRZfMy93px2FgcRxRozt5.FCcIe1zYm','01060491877','female','qhancock@miles.com','1977-06-24'),(13,'1983-04-12 02:50:56.000000','2013-11-25 21:28:02.000000',67020,'김은정','$2b$12$7RSITJuksE/KzYiH.pxJ.eJd4dUm/LGgBBJXUZhuesfS/a4Ts.7lS','01093012387','female','proctorsean@rodriguez.net','2013-11-30'),(14,'1988-01-17 03:23:42.000000','2015-07-30 09:51:53.000000',17495,'이영환','$2b$12$Y4LxiDTaey.yEm7wWd9/2.Am1Q/dSoPVD3LzLKbi6W0lgxkaeTXUC','01039779477','male','williamschristopher@gmail.com','1994-10-25'),(15,'1980-10-02 02:57:26.000000','2008-01-18 23:37:13.000000',99528,'김영진','$2b$12$0cZGwocOvPvjO5zjT1roQe955XBve2vbu8t8jqyCxVQnkdzXmhfFm','01067707696','male','saundersscott@sherman.org','1970-07-02'),(16,'1978-09-15 15:32:33.000000','1999-08-19 01:59:41.000000',74914,'강정식','$2b$12$bljpH3si.icmN/9ryZbET.Gsq9M/i6ftZJvsLVMyNHAB/4.UG017K','01058673824','female','donna23@gmail.com','2001-11-02'),(17,'1978-07-16 09:01:02.000000','1980-02-03 09:58:29.000000',18164,'김상현','$2b$12$lqKoqXE6fii8lii6KXujp.A9lOjBRqr3dG./iixHkJulJFPza5z36','01072365035','female','heathermorgan@vargas.com','1994-05-29'),(18,'2015-06-15 08:45:37.000000','2017-07-22 01:49:38.000000',60605,'이지현','$2b$12$54og7oxMFEpAzv.SBNep9emmjVoGGP9gPSSliDsoKLP3aZcUkGIsy','01051175424','female','lisa15@yahoo.com','2007-07-30'),(19,'1979-05-12 12:28:49.000000','2013-12-01 07:34:05.000000',62874,'서춘자','$2b$12$r43jSbqpB9gl./2hFQ1tiOaDmBiQzys4K549OLnHCWq2CbfuWSl/i','01034388583','male','jasonsharp@garcia-mercer.com','1998-12-27'),(20,'1971-05-27 02:39:53.000000','1994-12-23 21:43:13.000000',82960,'박지원','$2b$12$ZsdwCbU3at86Azo5ittMMuO0OOOo9Cg2g7lYSPr4mRMKEpzyzTay.','01079596246','female','ericroberts@gmail.com','1997-06-09'),(21,'1994-10-17 00:01:39.000000','1979-04-20 19:37:14.000000',59944,'강미정','$2b$12$jdtmTfiaY0ViRQzVRQM/uuqOT.uY.WrCOZeOm21xniRDEClDVHrjG','01066231194','male','ebeltran@yahoo.com','2020-06-30'),(22,'2017-06-02 16:52:35.000000','1997-11-17 08:22:23.000000',32672,'김정남','$2b$12$wFtQP8HsxJbV6fxjZuo4A.R6zfrAueHFNRv.JmoVacDbECGuHk0ya','01054613224','male','welchalexandria@rose.biz','1991-09-02'),(23,'2006-07-29 15:59:54.000000','1996-09-13 13:32:43.000000',54049,'이준영','$2b$12$ozgqiNh0djQOEeePAPBBJOgYCf3X/xDmP14H5hf3oYowArPINPbl6','01035196741','male','ralphward@gmail.com','2020-06-20'),(24,'1996-08-19 22:29:24.000000','2002-07-26 18:37:55.000000',92627,'김옥자','$2b$12$2WR9Vtz7mmULQHqFPyRcXuL0Wa1GWCf9Pe02.eDDp.uFd0Xw7cZ8W','01040821762','female','hernandezchelsea@hotmail.com','1983-08-28'),(25,'1974-01-15 00:06:15.000000','2006-09-06 15:22:17.000000',23624,'윤은서','$2b$12$SwdAtTVxZRxZZaPPVInRAuQrFWFgkjxj8P5eUjn.A97UmCDIu/BNa','01097612335','female','cgarza@alexander.info','2002-06-11'),(26,'1994-10-28 15:53:18.000000','1986-01-16 03:43:55.000000',38347,'박민서','$2b$12$jNqk5AB05JhZOm3jf3hJTOlkOV7ZjiUBOKLmURxkJraT8GWKbpsY2','01011438207','female','jeremyhensley@yahoo.com','2013-01-09'),(27,'1993-11-25 12:57:02.000000','1983-10-11 13:09:53.000000',1432,'김영환','$2b$12$sTCCUH9XyXu0o2h/nhX60eXYOhX0CwYDUQOR8UEjvlB2UsgnZS/4W','01012916866','male','hfranklin@jackson.com','1997-04-05'),(28,'2012-02-15 01:06:44.000000','1999-09-04 19:07:33.000000',78518,'김준서','$2b$12$j1ROGjUxzH4RbEATAVFN7.wb3PPogpCRuHPBYT8R3cPHkJB5jhyjm','01042435626','male','rachel71@gmail.com','2005-11-16'),(29,'2009-08-13 11:20:19.000000','1999-07-22 16:25:58.000000',43299,'최서연','$2b$12$0z.6aiysGRiMNWZum35noOQZTOS0bJkQ6nVg9BozC0amNlvfYl/hq','01010109324','male','anthony98@hernandez-george.com','2007-12-20'),(30,'1972-08-19 06:30:43.000000','2017-08-04 10:23:05.000000',36330,'최정식','$2b$12$HXT0KHWfa0cYz.g283DmeuFCyYaD2i26UGbaViG5kSFu8LpDGbCRu','01051199130','male','rebeccacarpenter@rios.com','2021-02-10'),(31,'1983-01-03 10:52:31.000000','2011-10-14 00:56:28.000000',77704,'손시우','$2b$12$Hvg5d1LOvsm0wqGFRuEONeL5cV528bUF95K5tnOmK9RVssFj595E.','01025006755','female','younglinda@gmail.com','1982-10-08'),(32,'1976-07-27 21:39:04.000000','2014-07-14 01:51:31.000000',60180,'이우진','$2b$12$9EsJY3JhzYQF4.xGmGlkBOa/pigN0HLJNCKBblug1owvXdr7Mhyia','01041192168','male','melissa19@brooks.org','1991-02-11'),(33,'2006-03-19 13:03:25.000000','2016-09-11 21:21:51.000000',18260,'김순자','$2b$12$N3YEAdH3AjBPhYIH65Ttc.OdfL8kCXU.8ayQ9e3K.WLsjmGtw0BlK','01081126031','male','andrewstiffany@harris.biz','1981-03-01'),(34,'2013-01-21 03:58:35.000000','1974-05-10 05:43:16.000000',55278,'이상훈','$2b$12$QH1iuis.3zLCrwIMJHi8Ceb9yzCanV1wWJZNJURynhOFyo7okoIKm','01081143661','male','mendozadebra@gmail.com','1994-01-07'),(35,'2016-01-09 09:48:08.000000','1980-06-09 19:09:23.000000',38710,'김영자','$2b$12$0ne5Vq1srtHsyfFumfkJgOzIBu1CjL1Fk9lXnRlPsyqlCT5dGZOi6','01086149672','female','michael09@nguyen.com','2018-09-23'),(36,'1979-11-05 11:59:01.000000','1978-05-04 17:16:57.000000',20603,'최상호','$2b$12$ti5gv5eNFAHT7AWm9EGb8uYavj547njdT7AABHRl2uIINJw4LZgpK','01082042698','male','mclaughlinmatthew@gmail.com','1987-09-17'),(37,'2013-04-21 22:35:12.000000','1989-01-09 04:45:38.000000',33233,'박경수','$2b$12$2uzcpu0kRLjpZfnMmRUYuOTaP9EZDqprJ5dfMaoDkqhq4RWx2Ig5K','01067363408','male','jason95@atkins-gentry.com','2008-12-28'),(38,'1970-05-09 17:56:30.000000','1999-04-15 09:37:40.000000',54592,'오승민','$2b$12$ea5fl8s0N4ghoRoa1BJPVuiLmE7j3w43eMx4yWhLe1V3eiqER6s9C','01050905517','male','danabrown@robles.com','1978-03-21'),(39,'1987-09-23 18:45:28.000000','2018-02-15 16:05:17.000000',10079,'조영수','$2b$12$EB.OLjMOAPYjZ0j0XX4nCu4O.L7sOFvs7ur64NbJRJb3PrpCTL8Xm','01080494444','female','gomezkyle@gmail.com','1991-03-28'),(40,'1990-12-26 19:36:21.000000','1972-05-03 05:19:53.000000',32878,'박순옥','$2b$12$GskS9lGEUl.melVtmwgR6uoDh..KJ7nLqq9FwoaIxk6kmELLnnMVG','01084641753','female','xrichardson@gmail.com','2017-12-18'),(41,'1976-10-06 04:22:28.000000','2008-06-05 17:29:08.000000',68513,'이민서','$2b$12$gtvXNdGl8l4er.IzSR3npOUTkfDKAjZ8gsgtQ8J5hCuyPAY41g6U.','01013531182','female','robertmartinez@butler.com','2016-06-23'),(42,'1974-01-15 08:32:18.000000','1974-07-14 10:49:30.000000',54042,'류우진','$2b$12$7Ui6YB0H1f15vE1an3McVOlvqN7V3oXcrfgaugO6p9bjGyM6at31S','01042428394','female','williamkeller@yang.com','1993-08-13'),(43,'1982-11-17 21:27:37.000000','1991-04-23 20:17:31.000000',59076,'김성진','$2b$12$iWG7snChoFvZoSO.nNvVUOz9CuuGjRTl7CkCa0u38sXiduN2AcXG.','01050895116','male','langjimmy@hotmail.com','2010-06-02'),(44,'1999-10-27 00:05:30.000000','1991-02-28 00:03:34.000000',92958,'이민준','$2b$12$e0hCOfjaEv4IiXw8Y16PmeJggB.A4S8qxjtHgZZmfQip37fpLbeKC','01015062659','male','carol95@hotmail.com','1988-03-31'),(45,'2005-05-12 22:48:19.000000','2007-05-04 00:00:05.000000',12014,'구서영','$2b$12$U0U3hvsIo.4H.q7uijX3GOGMRQmD.ySL1Q8r0rzzQ2dGRwL2FFRsG','01035886557','female','charles15@yahoo.com','2000-05-24'),(46,'2014-04-02 11:24:23.000000','1993-01-08 06:57:27.000000',3416,'이정식','$2b$12$mrH5bAOLRfrQ3FL3cLK6wOxi/9Z1vvJrYeFYXUYdXN6jB5EXtJ47i','01053943233','female','xpark@pittman.com','2002-01-09'),(47,'1984-07-10 19:57:00.000000','2019-11-10 02:57:56.000000',32620,'최정희','$2b$12$8iErLyzoKJ5Yz9cMIcipFOlWmHi8Iix39xdmrzo4qQ/N4kmMKYKsK','01098695237','male','christopher46@yahoo.com','1987-06-22'),(48,'1997-12-17 13:09:49.000000','1982-05-29 08:31:43.000000',86496,'이병철','$2b$12$Mk7FSAIvr9.isB5L285Z8.BjyGu9iHh9J.SrmMEsCwxBy0HYkIy/K','01042395457','male','elizabeth43@hotmail.com','2018-07-11'),(49,'2007-09-14 11:17:11.000000','2010-07-12 14:44:31.000000',6750,'양동현','$2b$12$TkTQsuzy3Fv4yGRfVNPY/O7k79PCawDEwwj9gr8QQ/IoVnEcRgW/a','01083977888','male','jerry55@robinson-huffman.com','2019-04-26'),(50,'1992-12-22 23:58:15.000000','1976-01-10 07:40:26.000000',31116,'박재현','$2b$12$zKITTFixOa94hraDYdeimO/w/497wLv/Bd5duXBBzenndd0iLTs92','01023383529','female','evanskathleen@lara.com','2008-07-12'),(51,'2006-05-12 12:44:34.000000','2000-02-23 06:30:37.000000',29448,'최예준','$2b$12$AK5PJLXU2udXPvkmqab0A.8F5x6zIrfalYEsky8BCIA7fqGhRAxwS','01079042178','female','bartonelizabeth@hernandez-barrera.net','2019-07-14'),(52,'2015-05-31 09:29:27.000000','2002-01-02 18:16:51.000000',66343,'김민수','$2b$12$pYw849TYtx4DQbB/FmcuC.j3hZhJRO/0HpqBLwxle5DPV4T7E7BnS','01051327834','male','fyoung@lee.com','2013-07-26'),(53,'1975-08-02 20:00:17.000000','1972-09-12 15:43:03.000000',44392,'안영식','$2b$12$uOiClsqfoO.aaNy07A7iQ.hPqfJqay9HzVKGkOGl/WZdXgdDwZM26','01040045342','female','vanessa86@phillips-skinner.com','1974-08-12'),(54,'2008-02-27 16:31:46.000000','2010-11-01 21:07:46.000000',66392,'최지민','$2b$12$d18h/iSKrvq8At7MISl.auznBH3bl8lvwZK6qFxvAtqHAW.cqRbLm','01059631904','female','kara74@hotmail.com','1975-01-28'),(55,'1975-06-17 18:46:44.000000','1995-12-31 11:33:04.000000',56978,'박정훈','$2b$12$5vhbQIOLoCYOqtyKEa0NoeWWQOqmBEny3p2ZlGSHYpr.vOjXlQWqe','01055282966','male','shanebaker@fox-stevenson.com','2004-03-14'),(56,'1970-07-14 18:35:56.000000','1996-08-16 05:15:57.000000',31891,'민영일','$2b$12$LUNGD/c15ECWXvmedlaFbeGS3D2Qd2aMRWkc3gUIXl5TVA2wUfLL.','01096366608','female','allisonbailey@mitchell-leon.biz','2007-04-01'),(57,'2011-04-19 07:41:47.000000','1985-07-03 07:15:29.000000',32453,'김영환','$2b$12$8qy0GwRwZYmMRFrnyEeviuAqAwFMpFUQQUPkxM40Wn5RVtIfImCbO','01096363951','male','heatherrodriguez@hotmail.com','1989-09-23'),(58,'2004-01-15 11:34:32.000000','1975-06-12 07:18:20.000000',70412,'장숙자','$2b$12$4bUoivfWdfEo63U6yBO4CuCXUIWlUhfu6hYSukK1lqFEXWCdNntIC','01095942335','male','sherri24@yahoo.com','1991-05-26'),(59,'1977-01-15 10:45:35.000000','2017-03-29 22:23:03.000000',88615,'이현정','$2b$12$YaQh2vGjg/dnJWi4kceNcuaN2bSqMe28DKfnA6TPWBlOSyFIXgVMS','01016646285','male','ocervantes@yahoo.com','1985-06-15'),(60,'1991-07-12 01:23:37.000000','2017-05-13 20:01:30.000000',21737,'이영일','$2b$12$KcQcYxOCASOyZo9iMSLqgOeQcKSFz6LLi9BpiRx1iwjFzASpt4GPa','01025821738','female','williamjohnson@cook.com','2005-05-14'),(61,'1981-11-14 00:32:42.000000','2003-01-24 20:22:51.000000',72144,'김건우','$2b$12$7d3ET2SFkAYDSZU0eRVZl.zMplZbDu8lJHFxyHNKZb2MlB0aUk9uC','01095386256','male','dlucero@brennan.com','1980-05-04'),(62,'2008-02-04 20:27:40.000000','1987-05-12 04:01:16.000000',76638,'이현정','$2b$12$xwVqetYAovi3eGpkkAMQsOka5EwNPDOiEoh9djfnwlTWB8qk8Ve.e','01081559704','female','jeremiahwillis@yahoo.com','2015-12-09'),(63,'2005-01-15 11:18:30.000000','1976-09-02 04:43:12.000000',62984,'최정웅','$2b$12$.P14VWxo3RHcrANgKRgBUOQmjy9weyWaLZemvvY2I.IXytcUE2ksu','01064036523','male','christopherschmidt@barker.org','2002-12-31'),(64,'1972-04-27 20:06:53.000000','2013-10-01 20:18:59.000000',56561,'이건우','$2b$12$tG9D0yRVQlHGlCh8n1tUWOey.Lbz0hYZJThFci9azZSr0CQykeSz.','01065167205','female','matthew76@hotmail.com','1993-11-16'),(65,'2008-05-19 21:50:06.000000','1974-12-02 22:38:37.000000',50308,'이경수','$2b$12$cDTaniX9KtJ0FwCnkFY5..k6fMlbOjncqtHIORVUTsCXE2REfXY.e','01031787873','male','anna61@baker.com','2020-01-16'),(66,'2012-11-03 02:07:55.000000','1977-03-25 15:15:01.000000',92439,'권영환','$2b$12$ETDlToMCA62ui5n6Sjfi5.oELpuSUOj79Lm5vDePC21KThYbqduQa','01024586463','female','daisyjohnson@stewart.biz','1997-07-08'),(67,'1993-10-08 12:08:41.000000','2021-03-26 16:07:49.000000',60265,'문민준','$2b$12$JZ9gOo0R85GgJICQauntdO2PUCTErLNsAQ46QojgujiNRVHQwc1wO','01047568543','female','emilymurray@davidson.info','1995-03-06'),(68,'1975-02-11 23:36:39.000000','2005-07-14 17:12:27.000000',49711,'한지훈','$2b$12$oKVaGyeiccoexjJk22w8Z.DMU72dyeJkfjcJ02wa7baNZC5hQ6rey','01021873275','female','richard78@yahoo.com','2003-04-14'),(69,'1995-06-19 21:57:26.000000','1979-07-25 08:41:29.000000',78159,'최영미','$2b$12$Ad0OiCoTZCFaPH8vlzk1C.0OhB9/vYnjADEa1RvtkzACUR3feyCS.','01060557913','male','iprice@sullivan.info','1988-12-22'),(70,'1990-03-07 03:02:27.000000','2009-11-04 11:16:06.000000',86728,'권정훈','$2b$12$GwShsMTaIe28FFYtM7d6geuGUZ1mT3jvO7w28FiLY0i/oSA.p0MhK','01011247497','female','brobinson@brown-graham.com','1995-09-02'),(71,'1998-01-02 07:11:17.000000','2017-04-13 12:27:27.000000',73024,'김보람','$2b$12$pcadFjfMQVwEaJmme9VfK.sZHYickFCaItD0DaA/g4gSzXshGE7aG','01039917184','female','diazgeoffrey@patel.com','1985-10-14'),(72,'2001-08-26 04:03:23.000000','1988-05-24 19:50:49.000000',10550,'장병철','$2b$12$Qlb4BDbAzDcCGCPymm87vua5a6z0mXKqaX78XC/UAQUeBHptTnvs.','01053414858','female','gonzalezsandra@doyle.org','2003-06-06'),(73,'1976-03-02 01:48:39.000000','1975-01-24 06:47:53.000000',85174,'이준서','$2b$12$sRpnPHMO.g.xkpNU99APM.AuRJPaPqQxPtR./gM4/xZW7VY26N..i','01040239437','female','robertmiller@murillo.com','1999-04-17'),(74,'1980-06-27 09:56:33.000000','1993-07-17 17:42:23.000000',22196,'이민준','$2b$12$Aj8isSEBHjV5/13nIRydCO4vK6uql6NSKzoM5jlHS6OMpNo8q6.EO','01082997869','female','danielrodriguez@owens.com','2013-11-14'),(75,'1999-07-31 12:35:02.000000','2018-10-15 03:28:44.000000',94875,'김서준','$2b$12$00vQMcEowdSKcXF19XIs5.VIkU0DmTP0LoLdIZjNSJETgoIx6qm52','01080238029','female','angelawright@gmail.com','1981-08-24'),(76,'1975-09-25 09:16:36.000000','1999-12-08 08:57:03.000000',45595,'박재호','$2b$12$AbAGiKdmzByY.oY5wWtZxe2Hq3gpq/R3NQI8VnoCfcuhANjgd3usy','01089182187','male','carol29@smith.com','1977-09-09'),(77,'2016-02-17 09:12:03.000000','1974-03-24 07:18:59.000000',29239,'이민수','$2b$12$2T.X4oppVUCnkooWyyz.3elN07uSNXE6aUTLDd5TPbTi7RNIzUvI2','01052707247','female','patriciastevenson@gmail.com','1991-03-12'),(78,'1987-06-24 07:23:33.000000','1974-08-17 16:01:08.000000',45088,'김수진','$2b$12$c42ZlSFSuDvLGbSWan7TnuUY9PIaaMjsHXm4bOMtFuqwArERvThra','01030898370','male','uwalker@lewis.com','1986-12-18'),(79,'1992-06-01 03:40:57.000000','1996-03-22 16:53:40.000000',92417,'김중수','$2b$12$WDGnrbDHKb7fLyp4583g3u914QG.Ur4M0TNWEGuMvndQPH1gSFx8G','01041281097','male','khunter@hotmail.com','1987-06-07'),(80,'1997-05-03 05:50:13.000000','1989-06-20 10:34:08.000000',91563,'이정순','$2b$12$0N1URseBCevDvnGftDWGx.Vdl3jdae.PPxr7zjsPLAmbM0bGUDmlW','01021299736','female','uclark@harris.com','1980-12-27'),(81,'1974-11-08 17:36:23.000000','1973-07-11 09:19:19.000000',88458,'이옥자','$2b$12$9cKC6ILjQUQTMaSLOBkkk.JSgRXpPzDh8I9d7DwLMLiC65tLA36JO','01041452357','female','jjohnson@hoover.org','2004-06-09'),(82,'2008-12-25 12:18:07.000000','2013-11-04 11:45:04.000000',21988,'김은경','$2b$12$1QH8Va3ZcaRoGLi2eFHkq.cV7/fkg6iHAWTu4LA/wmD7PtyosC7BG','01020524035','female','austin76@yahoo.com','2001-07-02'),(83,'1988-06-14 08:05:44.000000','2008-04-14 02:50:44.000000',22881,'장진우','$2b$12$js42cXFO1mh8f9PA320SgO7kJsBNFzWjYtygyDemEJ0Jmmo1YHBLG','01095916244','male','williamsalinas@hotmail.com','2006-07-31'),(84,'1989-01-17 15:22:51.000000','2005-01-31 13:01:10.000000',10752,'구건우','$2b$12$3p/ntlvCmMg4GjuU0XBwluZvGqAilr1WsFxajwV5Rbx7ozvoHu08i','01096438421','male','meyerswhitney@gmail.com','1996-09-17'),(85,'2009-05-09 04:53:55.000000','1996-12-10 09:51:20.000000',80524,'손성진','$2b$12$QUPxxVcquwoZsFTw7LJWAOSM3OzKt34p6/eIwLx52OpDrDmYIHdPu','01056815400','female','jaychang@yahoo.com','2004-12-13'),(86,'2009-06-16 22:56:29.000000','2003-08-29 02:14:36.000000',85638,'이수빈','$2b$12$0Jax3HoPDjriGSlmCvWtB.Cndf0iqkQd.fvMBDLUn4t8ztFTXZkgi','01023844484','male','kennethlee@hotmail.com','1981-04-25'),(87,'2013-12-07 08:55:34.000000','1988-05-04 02:05:11.000000',78636,'송정웅','$2b$12$yEuke9i7pNHZGQSh1hVraeTZ496H/pP1f42tXVe1/zwQOUvq8c5Vq','01032784227','male','kathy48@alexander.org','1974-01-16'),(88,'1975-02-24 11:17:16.000000','1981-05-11 02:06:37.000000',48063,'강예진','$2b$12$hmiipIGojtYZHeWWG4e6HekFDXgYye/xi5ZQzld3p9u.xbuZJB4fC','01044652975','female','sreyes@burke.com','2007-06-19'),(89,'2018-10-21 06:41:35.000000','2006-10-02 14:57:14.000000',93837,'김건우','$2b$12$xQhcXsTRka8RJ65.JTiUquN7aq9/aBJbWr3dV2CLQbRcqTqOC3nG2','01098491088','male','butlerkristi@yahoo.com','1978-12-25'),(90,'1971-05-27 02:22:32.000000','2013-12-30 21:19:16.000000',39820,'김민서','$2b$12$ucmsyQcgTFQWhK.syI0npuMOLaFQQuIHGLOGlJ3EibEhBwC.mTLmG','01049184697','female','jordanpierce@sherman.com','2006-12-11'),(91,'1982-09-05 08:34:10.000000','2001-03-21 08:04:21.000000',20528,'정영식','$2b$12$s8dEIRN7V7ZFjmVw3qLlmu6aSG7dy/gVqI/w91x/HqSdFka8bddYa','01081697680','female','obrown@sutton.com','1975-09-18'),(92,'1989-09-08 20:15:37.000000','1980-12-28 17:13:29.000000',73225,'이정숙','$2b$12$wl99hwBJGX3DOPk66uEMreXJdeHsOvvUZe75hPV1huGdWtBJB4IEm','01090327125','male','stricklandlaura@yahoo.com','1987-11-16'),(93,'1995-06-09 10:30:37.000000','1977-08-30 03:38:04.000000',55235,'이상현','$2b$12$uuNUHJwX7AZ70vm7Ft88vO7sam9hzBunVbU.TdIr.DrsObCUe4K4S','01076462858','female','thomassarah@brown.com','1990-04-19'),(94,'2015-03-27 00:48:04.000000','2020-12-29 18:38:12.000000',37429,'이현주','$2b$12$.iIpdIl0Xkl7lPfFmwVv6OPg2sQUItWexL4kSmFKFusKpSLknLyZG','01043393932','male','nbeasley@gmail.com','1974-04-27'),(95,'1989-04-28 22:37:40.000000','2014-04-29 08:05:44.000000',46369,'홍지영','$2b$12$F1ikPduWL/nWEb1lfr0HXe4Ymnrw/iDFHSBXzHKFTn5NB4w3yM//u','01045048757','female','paula77@alvarado.net','1995-01-26'),(96,'2012-05-26 08:55:13.000000','2010-06-19 07:47:01.000000',97139,'윤미숙','$2b$12$7g.ZvLS0eOoCQicu1EzpkuOugE.nH3uxZEwJpO8ylWdWJJWWff4ge','01036379544','male','michael91@hotmail.com','2005-12-14'),(97,'2003-06-27 00:34:33.000000','2005-11-28 15:14:15.000000',4221,'김영희','$2b$12$GuWI9J1Qjj9LI1n4JN5QwOMp4ur8aZftGGVw17P0qXjiSXsdw2R4C','01075062933','male','marytorres@hahn.biz','2002-01-07'),(98,'2004-09-30 01:13:29.000000','2003-05-29 23:38:26.000000',97251,'엄경수','$2b$12$U.g3zSYqiLnqb9G4w9knQO3B1NBPjuw6a1K110EYvuOBgMSPDp302','01032801125','female','kleonard@hotmail.com','1989-11-10'),(99,'2020-12-15 13:39:13.000000','1970-07-08 14:02:47.000000',25821,'박민서','$2b$12$yJnoic7JsxPy6UL8TwXdlerWwXmOCkI8QAWQGTOSPeugHnSIsPGWO','01045325627','female','teresa85@yahoo.com','1997-10-15'),(100,'1993-09-20 19:01:36.000000','1985-09-19 00:32:16.000000',75618,'한영순','$2b$12$l/8xeIvjNQygpF7Zvaf/mesI/O4lPFtMlGEi.s8Cu8SeJ66dza9bm','01069536270','male','fjohnson@yahoo.com','1971-10-26'),(101,'1975-06-06 04:13:01.000000','1989-03-26 20:40:42.000000',34543,'김병철','$2b$12$a5cvWANn1JcbAATzPDSBC.y0lKIZP0trwWKLF3idGreyWe09bMX/.','01071832290','male','eric97@yahoo.com','1974-09-12'),(102,'1983-07-29 06:26:54.000000','1982-02-11 00:38:11.000000',78952,'박수빈','$2b$12$fXE7mPeNioqInJR85SgeCeF8Jh3Sqj93EYyEetfiZLBUbVxIjFEoO','01021818348','male','sandy55@hotmail.com','2009-01-21'),(103,'2007-08-24 22:40:33.000000','1974-08-19 22:09:11.000000',88456,'강경희','$2b$12$DRiLt3xM2zI856qNpyi7y.Bzln4yN36bHD2spx.5z7D/wwlA4wU3K','01080695666','male','melissa96@flores.org','1977-11-19'),(104,'1991-04-27 16:59:14.000000','2000-12-14 03:34:42.000000',14491,'김상훈','$2b$12$i.WJExgPbDUmiEcXGNgR7.BPd.cBuJWvCM3JHJSGdj03izMdsPDtG','01082845855','female','pettysteven@mclean.com','1997-11-29'),(105,'2014-02-15 02:41:09.000000','1979-08-09 18:19:33.000000',67250,'류현주','$2b$12$CTXWsBYUiYqmpdJZ1KzEbuHBI.M0kURfyf8ZiqGrB/ssyhJ70nTqK','01070812608','male','elizabeth78@mcpherson.com','1985-10-03'),(106,'1979-09-29 23:57:02.000000','2012-08-08 13:22:36.000000',98714,'하정식','$2b$12$523xaInNf55ezKWKbAev4ei9znQC3b.dlstB35OrojhdBRWXP9Oey','01098016326','male','tara28@odom-oneal.com','2011-08-11'),(107,'1981-05-21 23:42:56.000000','2000-05-30 08:12:13.000000',13588,'홍정식','$2b$12$K0tUlgn7iQY/4pZTFUg2POQqqjEqj56CYYwm4RFgdxSF7FbYyfP0K','01042212393','male','john34@martinez.com','2008-10-13'),(108,'1994-07-13 22:43:42.000000','1997-02-17 06:13:57.000000',40943,'김영자','$2b$12$moLu9C7x8BSJKJPPAd/54eR3RdmurqjaQ4PCzPqyCr9t8FEYuoivy','01018476893','female','erin25@baldwin-morrow.com','1991-04-02'),(109,'1986-08-06 06:28:07.000000','2010-04-01 09:52:03.000000',60920,'김은정','$2b$12$kOOhp4NjC/iYYAfKdr2G9.IHTKBkcB2yEv70TAsHjBOorPqGIiv3G','01065419680','male','hcuevas@lawson.info','1991-10-31'),(110,'1974-05-11 13:15:08.000000','1996-08-04 09:06:40.000000',6013,'김채원','$2b$12$tFdvJf9j1FuMsuWsE8L8a.M8HBTqVdrjUpCBhUFEXoBg3lH7WoK76','01079171724','male','dawn22@yahoo.com','1975-06-08'),(111,'2020-06-11 15:01:14.000000','1979-03-13 07:53:54.000000',51071,'김영자','$2b$12$eGtS5AbqRQwo4Ns11jPhcuj3z3MGRJGye68kkCFCzoHN4nJnuIMqi','01026731419','male','perezwilliam@holt-reynolds.com','2019-07-07'),(112,'1995-12-05 04:13:44.000000','1988-05-23 10:15:02.000000',55698,'김지후','$2b$12$XGzqbUfMruwwFzk1jKxDn.9VvLb4bSJBOKB0aiFDqGU3muBUNuD6u','01067801402','female','shane54@hawkins.net','2015-03-15'),(113,'1971-12-11 16:40:24.000000','1996-03-26 08:43:11.000000',10997,'백은영','$2b$12$3.RXXeA/QtCVnWWs/uiEouPNmIydNPOGZXPZwJhrSGR7tjqnHlIse','01068375736','male','jonespaul@sullivan.org','1998-07-09'),(114,'2012-12-07 13:01:42.000000','1972-12-12 11:39:13.000000',89584,'박유진','$2b$12$EM8qC/hBbSB7EaFLgacVv.SjOdNuzYiTa3Z.o4PkTL12LkVxF2i3e','01018902918','female','lindsey19@yahoo.com','2000-04-20'),(115,'1998-06-11 10:46:18.000000','2016-06-29 08:19:50.000000',97178,'오상훈','$2b$12$i1b.IqR6NPaxzG3Xt3B0lOz2TOAVfGsL.6s0A.HYjo9yMZHCcC7um','01096632252','male','psantos@calhoun-becker.biz','1982-01-02'),(116,'1976-10-04 09:49:44.000000','1978-10-06 18:04:40.000000',25049,'홍영진','$2b$12$DgZZrYflgYtqA/Ax05zqNuq3MIqzwugjQGH2ShzuW8A7w2n6kaAGK','01042693824','female','hernandezomar@yahoo.com','1980-08-04'),(117,'1991-11-01 21:02:15.000000','1993-12-21 20:37:43.000000',41410,'박건우','$2b$12$UjHjO.1avCXPtbWTnPONvelNKjejeIKCipq5ouTIBP2cabQAhyyYC','01070119113','female','teresakelly@neal.info','2011-04-08'),(118,'1997-05-03 13:59:19.000000','1979-05-31 16:13:45.000000',73501,'김상현','$2b$12$T9s6ZbKY9nVGaZqtpJsyYOF4grm2zbOvOV75jxbsC/wwYzoe48B56','01068472273','male','hwelch@gmail.com','1977-11-22'),(119,'2000-02-04 19:10:03.000000','1975-07-04 13:34:03.000000',28442,'서서윤','$2b$12$CXNXfPggmN.gvsj7DDVf.e/BfaJPxx6.wIR32V3TUF/fdZivzj3Um','01094771961','female','michelle82@medina.com','1992-08-25'),(120,'1995-03-28 08:27:58.000000','1975-07-27 22:24:28.000000',60092,'서예원','$2b$12$TRs0J.b6R22eiaY4er86E.2yTtCKohCDAp1GrtTUYxUW0lesT/s7q','01078114119','female','suelong@haynes.info','1996-02-24'),(121,'1984-04-08 13:47:06.000000','2006-11-08 01:18:01.000000',38952,'김영수','$2b$12$LQrmi9v6f2Xp67G2qcHWFuqQr3gxSvsQa7s1HxFZngl9I0ocp0a/O','01057676370','female','sara16@fletcher.com','1986-08-31'),(122,'2012-06-08 09:47:04.000000','1986-10-09 10:21:19.000000',72927,'안영호','$2b$12$R.3/am1EiAgqumryRMnr8uGpN6vmxdLHS/HJLu8UlRH0uPlyXmKBa','01091938642','female','donaldgriffin@perez-glover.info','1989-01-29'),(123,'1997-05-04 09:32:53.000000','1977-09-27 06:40:03.000000',56305,'양은경','$2b$12$gu73xnNyUYxynNvqlJ7CJemZwKW9C7rojlfYIAXI2QrzZWp/lpGEO','01050924082','female','melissagriffin@hotmail.com','1982-08-03'),(124,'2018-09-27 22:06:12.000000','2000-02-03 00:00:23.000000',12832,'이정순','$2b$12$X4HuP8t2sPU35KIsIbxe7.u0R2ZrWXA3dSlvtg6ce5xzhaYYnpxby','01091236764','male','briannunez@hotmail.com','1977-01-01'),(125,'1989-04-06 16:38:31.000000','1982-02-28 03:06:35.000000',46477,'장지후','$2b$12$Q1lJyUiHdF0gJdcxQX3hZecrSZQLpJDq/6KGVMTjLoNahuCvKhF7a','01079411283','male','richard50@kim-collins.com','2019-02-02'),(126,'2016-09-15 07:19:38.000000','2008-12-05 01:09:38.000000',16061,'김은영','$2b$12$s9keKVUj92BayQnQrTZmguqvPiVOfKbKQI/HciugecyE2Lj61AMTS','01039903570','female','edwardselizabeth@gmail.com','1970-01-09'),(127,'2011-09-15 02:38:46.000000','2007-05-25 02:27:38.000000',14907,'김서연','$2b$12$ii1MM140lXh.6QKNRuWR.eykJ2lD7OVB5M0p9R2CcifnzA9VXmV4K','01062555231','male','thompsoncalvin@gmail.com','2012-07-31'),(128,'1970-06-11 16:49:03.000000','1987-08-10 09:02:05.000000',91761,'박경희','$2b$12$PiTzZ6ga6BBC4W2beSNaYuJTBsFKt4DcsGTsrqFacLq8nTFActHue','01056333239','female','harveyjacqueline@hotmail.com','2012-08-06'),(129,'2014-08-27 07:38:11.000000','2002-03-25 01:29:25.000000',64987,'윤지연','$2b$12$7Zi75Xw5Zgu/6fFwAcBTgu3TENuhJOg9uhFnQ7XoCEui.RL9xviXK','01070118270','female','bsanchez@horton.com','1973-10-12'),(130,'1997-03-24 07:41:14.000000','2000-10-03 06:32:56.000000',36357,'조성민','$2b$12$xf3sg00.wZ1xQM1lt2Bs0uQnplFDB25xeKw7uVoJ0G2e794rF8yW2','01011324184','female','melissahampton@gmail.com','1986-10-02'),(131,'1979-07-17 08:36:04.000000','1976-09-17 14:53:35.000000',56124,'김현준','$2b$12$cqDzY5zfzjVBd90geri3auz/1ExlFrr61viE9mqEd6nWx14bCeusS','01014847357','female','fhebert@yahoo.com','1977-11-10'),(132,'2018-12-31 18:23:51.000000','1978-04-23 17:29:58.000000',2205,'황현정','$2b$12$bOBMkwdyZhMKReMzRy5UeOJbFQivzsloQQ8yWmilwsZ4YszPa.fOK','01076478708','male','juliemcgee@hotmail.com','1996-03-06'),(133,'1971-09-20 17:15:46.000000','2012-07-29 07:11:23.000000',18014,'오정식','$2b$12$0C4Pu1TYZaXPSbnpk5EzfO4xs5qj/HoCkulg2i58fKV7JR6fcHRMi','01091874703','female','bholder@riley.com','1972-10-28'),(134,'2013-09-04 09:14:21.000000','1986-10-04 05:30:28.000000',83478,'최정식','$2b$12$.MseXBMlOKJTHp4se/1oD.ApUgdwBrqROmxxcyAGf22PH9jYMBhjy','01061299539','female','bcohen@yahoo.com','2016-08-31'),(135,'2005-11-06 15:06:56.000000','1995-02-08 19:06:51.000000',93707,'홍예원','$2b$12$g3S1qN1c9GzGBEOE4m5Ce.ALdTHtFyxRHS9dg9WUIh17fQeES9Hsu','01017606919','male','jimmyreyes@hotmail.com','2014-12-22'),(136,'2010-10-17 11:44:32.000000','2004-06-24 09:50:18.000000',93478,'이현준','$2b$12$G5Jy4N1SZj3oUZIIxR6u/.IcZjEXW.Zu7Mw85DssP/ZExqNBKOARi','01031038443','female','morrisontravis@hayes.com','2016-04-08'),(137,'2014-11-24 04:26:42.000000','1973-07-22 21:09:32.000000',19509,'최재호','$2b$12$qY9.0w85OKOIYwqvMLIEluUsBtQCdJNbWyCC3O7cyRhUjwlJ8Slwq','01021961500','male','padillaelizabeth@yahoo.com','1978-09-18'),(138,'2010-11-12 22:36:54.000000','1980-05-26 05:41:20.000000',11231,'박영일','$2b$12$vbn8N2WTizPOZTrf7bIpguIXcJRyk0R2V6c2HIZvl4/qB7.nJvpsW','01054693979','male','lovejennifer@hotmail.com','1992-07-26'),(139,'2000-10-10 01:00:30.000000','1995-07-30 08:44:29.000000',45964,'박종수','$2b$12$CA/Is07uiyVwlRhY3EhEdONBGk/mh7wc5ihT4Mj8YPOZ08RV5S6X2','01093198122','male','mitchell73@murphy.org','2017-10-27'),(140,'2002-01-24 07:07:31.000000','1987-12-15 06:53:58.000000',55389,'이서윤','$2b$12$q1b/JGKRVRCodZ6GckAmMOy9toMoxsPc/ssxFXsU5prVY4uj.CIV6','01033312320','female','hopkinsrobert@yahoo.com','2014-06-27'),(141,'2019-01-01 03:20:30.000000','1980-05-07 23:57:03.000000',13914,'백성훈','$2b$12$DmGQauPjQ6uvq/6RG/S4q.YV8IOR8QH1ltWSy1353KRVZStwBdsOG','01050452821','male','joel30@hotmail.com','1972-01-28'),(142,'1990-11-30 16:53:14.000000','2001-10-26 08:26:36.000000',24462,'고현숙','$2b$12$vSaXwwKEPQzOluEqT.vYUOR7zC2v9EXGv6koKDx6tjx9xTkDHCnWO','01087596076','female','eedwards@simpson-hughes.com','1999-04-19'),(143,'1988-10-30 15:58:42.000000','1989-10-02 20:18:36.000000',87824,'백승민','$2b$12$plIYLM97k/aSNEScaPAPkuZ9BpKAmme2pJOPQ6UcKyczIHrseuUfq','01012738270','female','lewisabigail@perry.com','1995-05-10'),(144,'1981-12-11 01:19:16.000000','1971-01-17 01:37:29.000000',36714,'양지연','$2b$12$FQUaK3N6Bxe3FWm1c3/Ynu7qt/fr372yBT66Ay1dWAqR0vvJi3fhe','01055851924','male','spencerbeth@gmail.com','2000-05-05'),(145,'2010-08-07 06:37:51.000000','2001-08-03 07:55:32.000000',31495,'백정남','$2b$12$Zaf8WSTmh6SfQ9UvgkrnWeHip//kRfdhGBBfWtPynJlHVDtJM5sgu','01068709106','female','rodneylong@zamora-guzman.com','2018-04-29'),(146,'2019-09-11 02:51:59.000000','2017-07-23 20:39:22.000000',11,'이하윤','$2b$12$dABTf/DmKnqqSyMW0LxzMOF3cI9JpN7pZcJF/MWu7eEE9JaBHaCay','01039112077','male','jamiewilliams@yahoo.com','1994-09-24'),(147,'2011-12-14 04:40:46.000000','2009-02-23 02:49:25.000000',77965,'김재현','$2b$12$AJGtWhxJrw8hNy20.GU6O.YQ9HVrhJB5UuwGeChYxe16T3ItCbe/a','01093644364','male','kjohnson@gmail.com','2011-09-20'),(148,'2020-09-15 21:50:27.000000','1970-08-10 23:19:56.000000',697,'강경숙','$2b$12$MrBPwvcE5KhiSvc4qPlSpuXivcAMBaPVBjvkNlEFHePX7teJ/RQgm','01093308799','female','pattersonhannah@santana-bailey.com','1984-02-14'),(149,'1989-02-07 03:39:14.000000','1994-09-05 02:53:50.000000',56603,'박지민','$2b$12$T1koXUEpqVJzgDxRPIUFDeUFqpE5lyRaNoBZrJayM4g4qPN.FFmy6','01042287819','female','robertgomez@hernandez-steele.org','1980-01-15'),(150,'2018-11-03 16:06:24.000000','1972-04-12 05:00:20.000000',84536,'박승민','$2b$12$PTtTVA5l26wyJXLLqjXXf.h3HDt0R1oVJLmW1Njt/vpFHIfi9yoBa','01019269611','female','johnreeves@mccormick.biz','1979-10-27'),(151,'1996-10-26 09:54:15.000000','2020-04-05 00:33:52.000000',21823,'이성현','$2b$12$IhUhd4l48e05CTcYSbtbu.ddhqrVPdTnwC.L667t0B8OrFkH3f3fa','01065537035','male','melissa97@williams.com','2010-07-27'),(152,'2021-01-10 15:41:10.000000','1998-01-13 23:44:24.000000',26211,'주하은','$2b$12$fgRcZosY6LImQG7XoEGEme8X80HHdIlEuijPovJCh5S1ocELef3rC','01065962626','female','susanstephens@savage-jordan.com','2005-10-07'),(153,'1983-02-27 15:30:12.000000','2016-12-20 12:28:35.000000',84207,'강예은','$2b$12$rg9mMG7kdflIoCSoOuIime67asNwOphlkEu/D9ckKANZBz7Nlq3F2','01026493917','male','arthurpotter@marshall.com','1982-08-21'),(154,'1996-04-01 20:30:37.000000','2009-02-27 19:07:00.000000',56736,'노정호','$2b$12$slTqYy63q6uelowtmJBt1.bKFHsWQO8FiuFonagYj83vhhPiMpwDy','01018983474','female','sheryl06@hotmail.com','1996-11-21'),(155,'1980-09-20 07:23:15.000000','1992-04-25 04:37:28.000000',76094,'김지원','$2b$12$jw2Goc9sdcUAuiqtVcr3VexzJGrs2SGCZFejIvQcr2mT9/0KPfmt6','01087955363','male','jmitchell@gmail.com','2019-06-16'),(156,'2019-02-06 14:53:29.000000','2001-11-21 00:20:28.000000',32545,'심하윤','$2b$12$4HOHb21Un24fVI0m9EySwe/0gxK6XHGtAaAm2gQ7nMp8UXx/dwfOW','01068605342','male','flynnjoshua@dennis.com','1979-05-13'),(157,'1977-01-26 06:54:05.000000','1995-10-26 11:36:37.000000',61468,'박지영','$2b$12$yeKPGRSiyuyi15ETJW58V.w2CwqeqPOpQ67eknX3l5iaOUCb/CITy','01085316137','female','psmith@chavez-shaw.biz','1975-08-29'),(158,'1979-07-15 05:41:45.000000','1981-06-20 01:08:55.000000',46126,'김지원','$2b$12$XYztCud1NbpuQNKQK3SsHOYNOAp9klUcniwsqjRkBvLi4oDk0mKKe','01046204128','male','austinwilliams@yahoo.com','2020-11-25'),(159,'1988-10-13 23:56:00.000000','1982-06-25 15:03:37.000000',26087,'장명숙','$2b$12$auV5kjIS7Sb.d48FrOJDw.sm9aNWptm8JyT5vWHiz3jCzqFQT0w6u','01060353995','female','christopher40@pineda.com','1997-12-03'),(160,'2001-10-26 07:53:55.000000','2001-07-06 18:59:11.000000',28899,'최현주','$2b$12$/TEfpfX4eQgr300xcUxX9e4koF2dDxJ1QnhxP8tUN5XIVag17/uVq','01037557399','female','uyoung@brown-rogers.org','2012-03-15'),(161,'2019-06-16 21:24:50.000000','1978-01-30 13:06:35.000000',39187,'김지아','$2b$12$Rjwl08B9oxESY0XoLA9LUeaZMiWB78RNk8bwWGVunn4kO56L2ZiA2','01093757973','female','dwagner@christensen-nicholson.biz','2011-04-10'),(162,'2002-08-15 07:19:16.000000','2014-02-24 09:17:18.000000',35600,'조하윤','$2b$12$kw.4rh3keAMFROgoJQticOqCwl8YuhdRbYe0gU6lhYvRdSTMqABse','01016952397','male','greenandrea@daniels.info','2006-08-30'),(163,'1977-11-28 20:17:16.000000','1971-10-15 02:51:41.000000',66339,'백서현','$2b$12$ID5puOn6iLuPHrEeIU3qPu7GTRE1kPXsklioO/urYMHXIgkGHzOn6','01091464570','male','meyerstephen@hotmail.com','1984-11-28'),(164,'1994-04-24 10:31:14.000000','1996-11-14 13:08:14.000000',95960,'서지연','$2b$12$BE9A7sK1IbQz8ICmspUMyOvNjsSazmcSryuPkAgMjBsUXO2zyAWLK','01016536127','female','michael66@gmail.com','1981-01-28'),(165,'1977-02-28 13:25:40.000000','1997-12-17 20:52:19.000000',53614,'이영순','$2b$12$ykvlvZidnqz/SyDR9.RVEOTyDChrcgrt145RndsSGrjvs9rZ62K/6','01027457021','female','fosterlinda@yahoo.com','1990-06-04'),(166,'1999-03-24 01:50:10.000000','2000-09-14 09:40:36.000000',1800,'이승현','$2b$12$Tbe7nmShhxiC5wRT.Tb0O.9g8Q2RFnTUlEQAartkGh77ow8M.Gk.u','01015648177','female','ncrosby@gmail.com','1992-10-16'),(167,'2020-09-14 04:58:33.000000','2020-12-13 04:14:04.000000',72392,'이성호','$2b$12$toUkC073Cz/y5Ps4GBFCseqhF0OILoTLrS/pIjMR3A7YTGX.6LVYO','01060704891','female','johnmartinez@valdez-lopez.biz','2011-07-26'),(168,'2008-01-07 13:54:25.000000','2014-05-28 07:38:46.000000',94166,'안지훈','$2b$12$n7P7dd.z00nENsaM3okxGOPpZsNlDSlWO1tQSU/1GCMPdKx.5z3.a','01010331497','male','wbarron@romero.com','1989-06-09'),(169,'1983-11-07 00:22:24.000000','1986-01-02 12:13:56.000000',15727,'곽성민','$2b$12$U17BR1L3A1sxz5Qasw02De/RzinAh3pwzmJeiQPKvvas0PmhkMrka','01045936883','female','jasonbrennan@yahoo.com','1975-09-06'),(170,'2004-04-03 09:08:25.000000','2009-04-23 20:30:26.000000',61510,'장윤서','$2b$12$3LYQ8Jo5U6ougk/oZ5vH.OBgoqgdosEB9x8v4h7Zxd3Yrws4AyENK','01062227228','female','aguilarhenry@patterson.com','2007-03-25'),(171,'1988-01-28 12:14:33.000000','1972-12-11 23:52:04.000000',65181,'박상현','$2b$12$tcnPBP4wJ5jOsAmbwACMz.jYG736QabaVR9NMtwFylSMhB4OvPkYi','01031268551','male','thomassmith@henry-harris.org','1983-05-04'),(172,'2009-09-04 05:59:54.000000','2015-03-26 20:28:21.000000',94304,'김은지','$2b$12$eq5bkLhFp4pl8pVGAKv.Refx/D8jhw3jM/5jYrP41.BPTlE72aLzi','01097932623','female','kellywilson@hotmail.com','2019-11-23'),(173,'1988-06-30 19:58:03.000000','2013-03-16 04:45:54.000000',65122,'전성민','$2b$12$RX6qkbeSIC2OyswFlS7N1uYXffN8fYOFil5h2qu3IdALb2QbPz86m','01060356503','female','amy81@hurst.com','2004-08-18'),(174,'1970-02-05 14:11:26.000000','1994-04-18 21:48:21.000000',79063,'민정순','$2b$12$r8bovSTxmOHhfv/K1O.HkO7/Ox4vdLDGd4PSZHgHDPldFeTMpzR46','01066584757','female','jtorres@sweeney-jones.com','1976-01-04'),(175,'1994-04-05 13:51:40.000000','1983-05-08 23:26:41.000000',11797,'이예준','$2b$12$Oshxjdm2OQZm1WwD1P8X2em9J4FIVuDwhGmy74N2PI8QSXTPE.yrO','01014707990','male','richleah@hotmail.com','2021-06-16'),(176,'2017-07-20 12:43:51.000000','1981-11-08 05:08:23.000000',49137,'장명숙','$2b$12$VgZSe2h/OO.W4Svopgc2Deh.suL5AJvWTUcJddzsqzlIeRfPI879m','01081872639','male','alanwilliams@price.com','2001-10-09'),(177,'1988-09-26 01:52:33.000000','1976-11-01 07:02:35.000000',91281,'김지현','$2b$12$PSKoTx0s9R4M0Ps/TYMaTeWlXWrtYV6RcWld9yAX2wKY.gXBBU.Qu','01043344555','female','hlewis@bates-gonzalez.org','2005-06-02'),(178,'1982-01-18 00:24:33.000000','1971-07-23 00:46:00.000000',83921,'김정순','$2b$12$EnUlUYifFZCiGiw78EiJ.epKo8QmJ3v6SMetsF5LoNXMwJGkWtxN6','01030056620','male','chadlewis@gmail.com','1997-08-07'),(179,'2005-12-06 23:49:29.000000','2011-06-04 12:16:32.000000',89743,'양종수','$2b$12$mLIDkg80BfEGQtPFUiPwAeejKjrwTIAg2ApXtEfOcT3FDblFb7jmG','01042449451','female','sandovalsherri@gmail.com','1983-05-06'),(180,'1970-12-19 11:20:24.000000','1970-08-10 03:09:12.000000',51559,'윤병철','$2b$12$PdbH3Q.QFtOm9em7LjcPkujrw9jKiKmMlTOLKOZxaQYYIveYEXXgC','01098437616','male','ronald01@gmail.com','1984-02-26'),(181,'1989-03-29 16:38:52.000000','1989-06-28 01:59:44.000000',3375,'이현지','$2b$12$7q/3.F7GPPQxP5vBobEaNuWMio6LjlpG9Gc/IXd5QXgvKKavqb432','01052681401','male','adamsolis@friedman-foster.net','1973-11-02'),(182,'2014-08-07 18:26:33.000000','2012-03-26 14:59:18.000000',36184,'허민재','$2b$12$8tkByhoKMWaPCIqf1cTe8ecrzi1ffYa5wL3HXCssvekCGlHr7sASO','01016256702','male','jeffreybrown@yahoo.com','2003-01-13'),(183,'1990-01-05 03:54:55.000000','1974-06-20 01:02:08.000000',52878,'김윤서','$2b$12$y7J.KGPMUhjdtsG5Z5k34OwxYyNYAXzL3S.F2hxKkLzn8kSqqfLMC','01080817370','male','julianreyes@thomas.biz','1996-05-08'),(184,'1991-12-15 19:53:19.000000','2008-11-03 01:38:58.000000',10654,'이지훈','$2b$12$wzeoKYjRAN9JpbGqf3hYsu9SvXp4IL7G5229oGJS.kK3Mcge6eXIS','01017691981','male','ryanwilliams@tate.org','1985-09-22'),(185,'2017-08-28 10:02:30.000000','2017-03-09 14:43:21.000000',84716,'이지은','$2b$12$GKG66BGj3D17sk7cE5mTOe326xPlnRKoCtE1.F4SVBjqr4G/BlHEi','01057429245','female','rebeccavasquez@fuller-olson.com','2017-02-11'),(186,'1987-02-02 07:49:21.000000','2003-07-31 11:45:10.000000',61453,'이은영','$2b$12$34hPw19jzZinVfrE99Rb8udW9cwGbQRldTQIBGKyjBktjSedQUE4y','01010788050','male','ernest53@bradley.net','1981-06-23'),(187,'2000-08-09 12:32:30.000000','1986-12-14 17:34:14.000000',25078,'홍주원','$2b$12$gV9Y2bb29WvGACv.wj08vOMx3TjsCVvknVh/WoUoam/bIqr94Nmf6','01065237906','male','kyle39@gmail.com','1982-12-27'),(188,'1993-06-11 20:25:38.000000','2006-12-24 00:14:54.000000',40827,'김도현','$2b$12$y8lmI5TcpdLDexu2RytEV.rP1KDNEJfTZRhaV/wbN6I9FkLsG.Y6m','01044636994','female','cmyers@yahoo.com','1971-11-10'),(189,'1970-06-17 02:50:18.000000','2014-01-09 13:23:28.000000',53326,'이경자','$2b$12$elhAAB1Zu7uL9R535ZCk6uwDV4UnErSvLSVgSIAVG0U0AXgfjMBdq','01029202731','female','margaret09@yahoo.com','2000-12-16'),(190,'2002-01-02 09:37:52.000000','1999-02-16 15:20:04.000000',60424,'배미정','$2b$12$zu3gyfULIMjW30btptMhU.ncL2tTVDDYMaH0y2hxGabK17J4/hNSW','01019882279','female','molly47@hotmail.com','1973-12-11'),(191,'2006-10-17 02:52:57.000000','2006-06-06 06:33:38.000000',80355,'김재현','$2b$12$FQ2vb01HVL8FTDyi30NHUu8DbIdmjifR/puyiTtUzsPyjUfTMb.FC','01055332286','female','william56@frazier-webb.net','2005-09-29'),(192,'1988-03-20 18:49:23.000000','2012-01-21 05:27:57.000000',52200,'박건우','$2b$12$HBCp.R0rRnFD2O10/CGrNOKIlNrZ1s8D72JnpnqtOrbunX9mMqP82','01014617768','female','etaylor@hotmail.com','2021-01-03'),(193,'2012-08-21 11:48:04.000000','1980-06-06 01:33:30.000000',62711,'이영진','$2b$12$NEiUd6WWbKuG/iEeB.uj1e.45hRlJyVzhksSmyHDzIv6nMASwqM1C','01083639221','female','eric06@li.com','1978-10-23'),(194,'2003-08-11 18:03:33.000000','2001-05-03 02:46:30.000000',39735,'정영철','$2b$12$V1FmAna9wXuuq45JuPbxH.H9Py./e6IC6/veaxgRljkKFCXATO1sm','01014238960','male','iedwards@gomez.biz','1983-06-05'),(195,'2014-12-09 02:31:38.000000','1980-12-12 06:00:24.000000',24548,'노경희','$2b$12$6PVb57P98wdKG6XywXCM1urlXlcDhZIo9UsPYBqwqngH9Kma4c2YK','01032925228','male','deanna37@wilson.com','1988-06-22'),(196,'2016-10-14 03:06:56.000000','2021-01-23 11:53:48.000000',11147,'허준호','$2b$12$q4ybu7aUqGkpJ7cFpvKPfOmT8FTH5GNEtcjd2hkVttB/K4v0AsP2e','01078745487','female','hornnatasha@webster.org','1975-09-08'),(197,'1980-07-02 05:37:12.000000','2010-09-28 22:14:03.000000',8702,'장종수','$2b$12$Sh1t7K1ajqefP/ITHIzO9eMmqyNJMa23Ws9.36JuuZhWS5RKt1ZwG','01059754267','female','nathaniel77@hotmail.com','1973-02-19'),(198,'1986-07-04 21:24:36.000000','1979-06-18 06:41:57.000000',27537,'김정수','$2b$12$pH4ysMevKfImPux8blVVU.BMIRUo7XSR1h4aoIhx2fGDWTGHuTOli','01085102978','male','megan12@ochoa.org','1981-01-08'),(199,'2011-07-15 01:18:30.000000','2002-12-03 15:54:50.000000',5051,'김영미','$2b$12$GuFgoLUivDM7cZdqDMP6UeeNtfKoSXWnm4Kv2UKNXmFxxEXtPYNDS','01024202437','male','philliprivera@yahoo.com','1991-10-31'),(200,'2003-03-12 13:41:14.000000','1986-03-19 13:01:20.000000',62518,'김도윤','$2b$12$yqFByLHA9eEo3V/QA1fEsukifHym/YYPD0SUrAYm7utilEQjqZX0O','01020181378','female','laurabrandt@gregory.biz','2010-08-28'),(201,'2004-03-11 09:19:48.000000','1999-02-27 07:29:43.000000',38026,'이정훈','$2b$12$S2TUAtbBcyUBQRffUPBeRuCvQ/VRHcXFz383cJlwZvOl11bXzfGBe','01045545540','male','cisnerosjames@ford.info','2018-02-27');
/*!40000 ALTER TABLE `users` ENABLE KEYS */;
UNLOCK TABLES;
/*!40103 SET TIME_ZONE=@OLD_TIME_ZONE */;

/*!40101 SET SQL_MODE=@OLD_SQL_MODE */;
/*!40014 SET FOREIGN_KEY_CHECKS=@OLD_FOREIGN_KEY_CHECKS */;
/*!40014 SET UNIQUE_CHECKS=@OLD_UNIQUE_CHECKS */;
/*!40101 SET CHARACTER_SET_CLIENT=@OLD_CHARACTER_SET_CLIENT */;
/*!40101 SET CHARACTER_SET_RESULTS=@OLD_CHARACTER_SET_RESULTS */;
/*!40101 SET COLLATION_CONNECTION=@OLD_COLLATION_CONNECTION */;
/*!40111 SET SQL_NOTES=@OLD_SQL_NOTES */;

-- Dump completed on 2021-07-23 20:10:12
